{
  "fio version" : "fio-3.33",
  "timestamp" : 1741601998,
  "timestamp_ms" : 1741601998779,
  "time" : "Mon Mar 10 15:49:58 2025",
  "global options" : {
    "directory" : "/disk1/fio_test"
  },
  "jobs" : [
    {
      "jobname" : "mysql_table_scan",
      "groupid" : 0,
      "error" : 0,
      "eta" : 0,
      "elapsed" : 61,
      "job options" : {
        "name" : "mysql_table_scan",
        "rw" : "read",
        "ioengine" : "libaio",
        "direct" : "1",
        "bs" : "64k",
        "size" : "1G",
        "iodepth" : "16",
        "numjobs" : "2",
        "runtime" : "60"
      },
      "read" : {
        "io_bytes" : 142695989248,
        "io_kbytes" : 139351552,
        "bw_bytes" : 2378226850,
        "bw" : 2322487,
        "iops" : 36288.861852,
        "runtime" : 60001,
        "total_ios" : 2177368,
        "short_ios" : 0,
        "drop_ios" : 0,
        "slat_ns" : {
          "min" : 3180,
          "max" : 118998,
          "mean" : 6872.275844,
          "stddev" : 7700.225575,
          "N" : 2177368
        },
        "clat_ns" : {
          "min" : 158014,
          "max" : 3395732,
          "mean" : 874162.201991,
          "stddev" : 229887.444383,
          "N" : 2177368,
          "percentile" : {
            "1.000000" : 501760,
            "5.000000" : 593920,
            "10.000000" : 651264,
            "20.000000" : 724992,
            "30.000000" : 765952,
            "40.000000" : 790528,
            "50.000000" : 823296,
            "60.000000" : 856064,
            "70.000000" : 905216,
            "80.000000" : 987136,
            "90.000000" : 1171456,
            "95.000000" : 1384448,
            "99.000000" : 1679360,
            "99.500000" : 1777664,
            "99.900000" : 2007040,
            "99.950000" : 2113536,
            "99.990000" : 2375680
          }
        },
        "lat_ns" : {
          "min" : 184847,
          "max" : 3399873,
          "mean" : 881034.477835,
          "stddev" : 229670.611315,
          "N" : 2177368
        },
        "bw_min" : 2134656,
        "bw_max" : 2557824,
        "bw_agg" : 100.000000,
        "bw_mean" : 2324182.050420,
        "bw_dev" : 49185.672034,
        "bw_samples" : 238,
        "iops_min" : 33354,
        "iops_max" : 39966,
        "iops_mean" : 36315.344538,
        "iops_stddev" : 768.526126,
        "iops_samples" : 238
      },
      "write" : {
        "io_bytes" : 0,
        "io_kbytes" : 0,
        "bw_bytes" : 0,
        "bw" : 0,
        "iops" : 0.000000,
        "runtime" : 0,
        "total_ios" : 0,
        "short_ios" : 0,
        "drop_ios" : 0,
        "slat_ns" : {
          "min" : 0,
          "max" : 0,
          "mean" : 0.000000,
          "stddev" : 0.000000,
          "N" : 0
        },
        "clat_ns" : {
          "min" : 0,
          "max" : 0,
          "mean" : 0.000000,
          "stddev" : 0.000000,
          "N" : 0
        },
        "lat_ns" : {
          "min" : 0,
          "max" : 0,
          "mean" : 0.000000,
          "stddev" : 0.000000,
          "N" : 0
        },
        "bw_min" : 0,
        "bw_max" : 0,
        "bw_agg" : 0.000000,
        "bw_mean" : 0.000000,
        "bw_dev" : 0.000000,
        "bw_samples" : 0,
        "iops_min" : 0,
        "iops_max" : 0,
        "iops_mean" : 0.000000,
        "iops_stddev" : 0.000000,
        "iops_samples" : 0
      },
      "trim" : {
        "io_bytes" : 0,
        "io_kbytes" : 0,
        "bw_bytes" : 0,
        "bw" : 0,
        "iops" : 0.000000,
        "runtime" : 0,
        "total_ios" : 0,
        "short_ios" : 0,
        "drop_ios" : 0,
        "slat_ns" : {
          "min" : 0,
          "max" : 0,
          "mean" : 0.000000,
          "stddev" : 0.000000,
          "N" : 0
        },
        "clat_ns" : {
          "min" : 0,
          "max" : 0,
          "mean" : 0.000000,
          "stddev" : 0.000000,
          "N" : 0
        },
        "lat_ns" : {
          "min" : 0,
          "max" : 0,
          "mean" : 0.000000,
          "stddev" : 0.000000,
          "N" : 0
        },
        "bw_min" : 0,
        "bw_max" : 0,
        "bw_agg" : 0.000000,
        "bw_mean" : 0.000000,
        "bw_dev" : 0.000000,
        "bw_samples" : 0,
        "iops_min" : 0,
        "iops_max" : 0,
        "iops_mean" : 0.000000,
        "iops_stddev" : 0.000000,
        "iops_samples" : 0
      },
      "sync" : {
        "total_ios" : 0,
        "lat_ns" : {
          "min" : 0,
          "max" : 0,
          "mean" : 0.000000,
          "stddev" : 0.000000,
          "N" : 0
        }
      },
      "job_runtime" : 120000,
      "usr_cpu" : 4.297500,
      "sys_cpu" : 17.560833,
      "ctx" : 175597,
      "majf" : 0,
      "minf" : 534,
      "iodepth_level" : {
        "1" : 0.100000,
        "2" : 0.100000,
        "4" : 0.100000,
        "8" : 0.100000,
        "16" : 99.998622,
        "32" : 0.000000,
        ">=64" : 0.000000
      },
      "iodepth_submit" : {
        "0" : 0.000000,
        "4" : 100.000000,
        "8" : 0.000000,
        "16" : 0.000000,
        "32" : 0.000000,
        "64" : 0.000000,
        ">=64" : 0.000000
      },
      "iodepth_complete" : {
        "0" : 0.000000,
        "4" : 99.999908,
        "8" : 0.000000,
        "16" : 0.100000,
        "32" : 0.000000,
        "64" : 0.000000,
        ">=64" : 0.000000
      },
      "latency_ns" : {
        "2" : 0.000000,
        "4" : 0.000000,
        "10" : 0.000000,
        "20" : 0.000000,
        "50" : 0.000000,
        "100" : 0.000000,
        "250" : 0.000000,
        "500" : 0.000000,
        "750" : 0.000000,
        "1000" : 0.000000
      },
      "latency_us" : {
        "2" : 0.000000,
        "4" : 0.000000,
        "10" : 0.000000,
        "20" : 0.000000,
        "50" : 0.000000,
        "100" : 0.000000,
        "250" : 0.010000,
        "500" : 0.977097,
        "750" : 24.602777,
        "1000" : 55.506832
      },
      "latency_ms" : {
        "2" : 18.801278,
        "4" : 0.109077,
        "10" : 0.000000,
        "20" : 0.000000,
        "50" : 0.000000,
        "100" : 0.000000,
        "250" : 0.000000,
        "500" : 0.000000,
        "750" : 0.000000,
        "1000" : 0.000000,
        "2000" : 0.000000,
        ">=2000" : 0.000000
      },
      "latency_depth" : 16,
      "latency_target" : 0,
      "latency_percentile" : 100.000000,
      "latency_window" : 0
    }
  ],
  "disk_util" : [
    {
      "name" : "vdb",
      "read_ios" : 2174941,
      "write_ios" : 7,
      "read_merges" : 0,
      "write_merges" : 17,
      "read_ticks" : 1691272,
      "write_ticks" : 3,
      "in_queue" : 1691275,
      "util" : 51.709074
    }
  ]
}
