{
  "fio version" : "fio-3.33",
  "timestamp" : 1741602315,
  "timestamp_ms" : 1741602315504,
  "time" : "Mon Mar 10 15:55:15 2025",
  "global options" : {
    "directory" : "/disk2/fio_test"
  },
  "jobs" : [
    {
      "jobname" : "mysql_mixed_workload",
      "groupid" : 0,
      "error" : 0,
      "eta" : 0,
      "elapsed" : 61,
      "job options" : {
        "name" : "mysql_mixed_workload",
        "rw" : "randrw",
        "rwmixread" : "70",
        "ioengine" : "libaio",
        "direct" : "1",
        "bs" : "16k",
        "size" : "1G",
        "iodepth" : "64",
        "numjobs" : "4",
        "runtime" : "60"
      },
      "read" : {
        "io_bytes" : 31176556544,
        "io_kbytes" : 30445856,
        "bw_bytes" : 519531346,
        "bw" : 507354,
        "iops" : 31709.676882,
        "runtime" : 60009,
        "total_ios" : 1902866,
        "short_ios" : 0,
        "drop_ios" : 0,
        "slat_ns" : {
          "min" : 2064,
          "max" : 656177,
          "mean" : 8712.649347,
          "stddev" : 10510.071579,
          "N" : 1902866
        },
        "clat_ns" : {
          "min" : 124360,
          "max" : 24591567,
          "mean" : 7240847.266055,
          "stddev" : 2946273.611358,
          "N" : 1902866,
          "percentile" : {
            "1.000000" : 1679360,
            "5.000000" : 2703360,
            "10.000000" : 3457024,
            "20.000000" : 4685824,
            "30.000000" : 5668864,
            "40.000000" : 6389760,
            "50.000000" : 6979584,
            "60.000000" : 7634944,
            "70.000000" : 8454144,
            "80.000000" : 9764864,
            "90.000000" : 11468800,
            "95.000000" : 12386304,
            "99.000000" : 14745600,
            "99.500000" : 15794176,
            "99.900000" : 17694720,
            "99.950000" : 18219008,
            "99.990000" : 19791872
          }
        },
        "lat_ns" : {
          "min" : 136754,
          "max" : 24597670,
          "mean" : 7249559.915402,
          "stddev" : 2946551.466448,
          "N" : 1902866
        },
        "bw_min" : 471936,
        "bw_max" : 543616,
        "bw_agg" : 100.000000,
        "bw_mean" : 507801.932773,
        "bw_dev" : 3671.569442,
        "bw_samples" : 476,
        "iops_min" : 29496,
        "iops_max" : 33976,
        "iops_mean" : 31737.521008,
        "iops_stddev" : 229.463129,
        "iops_samples" : 476
      },
      "write" : {
        "io_bytes" : 13398491136,
        "io_kbytes" : 13084464,
        "bw_bytes" : 223274694,
        "bw" : 218041,
        "iops" : 13627.605859,
        "runtime" : 60009,
        "total_ios" : 817779,
        "short_ios" : 0,
        "drop_ios" : 0,
        "slat_ns" : {
          "min" : 2509,
          "max" : 339565,
          "mean" : 9995.000679,
          "stddev" : 10633.513476,
          "N" : 817779
        },
        "clat_ns" : {
          "min" : 46438,
          "max" : 28934085,
          "mean" : 1900152.599310,
          "stddev" : 2474701.908172,
          "N" : 817779,
          "percentile" : {
            "1.000000" : 105984,
            "5.000000" : 152576,
            "10.000000" : 193536,
            "20.000000" : 301056,
            "30.000000" : 378880,
            "40.000000" : 423936,
            "50.000000" : 489472,
            "60.000000" : 757760,
            "70.000000" : 2899968,
            "80.000000" : 4227072,
            "90.000000" : 5013504,
            "95.000000" : 5472256,
            "99.000000" : 11599872,
            "99.500000" : 16056320,
            "99.900000" : 20578304,
            "99.950000" : 21626880,
            "99.990000" : 23461888
          }
        },
        "lat_ns" : {
          "min" : 58032,
          "max" : 28938663,
          "mean" : 1910147.599988,
          "stddev" : 2475605.351437,
          "N" : 817779
        },
        "bw_min" : 199904,
        "bw_max" : 240160,
        "bw_agg" : 100.000000,
        "bw_mean" : 218302.747899,
        "bw_dev" : 2003.107238,
        "bw_samples" : 476,
        "iops_min" : 12494,
        "iops_max" : 15010,
        "iops_mean" : 13643.798319,
        "iops_stddev" : 125.191318,
        "iops_samples" : 476
      },
      "trim" : {
        "io_bytes" : 0,
        "io_kbytes" : 0,
        "bw_bytes" : 0,
        "bw" : 0,
        "iops" : 0.000000,
        "runtime" : 0,
        "total_ios" : 0,
        "short_ios" : 0,
        "drop_ios" : 0,
        "slat_ns" : {
          "min" : 0,
          "max" : 0,
          "mean" : 0.000000,
          "stddev" : 0.000000,
          "N" : 0
        },
        "clat_ns" : {
          "min" : 0,
          "max" : 0,
          "mean" : 0.000000,
          "stddev" : 0.000000,
          "N" : 0
        },
        "lat_ns" : {
          "min" : 0,
          "max" : 0,
          "mean" : 0.000000,
          "stddev" : 0.000000,
          "N" : 0
        },
        "bw_min" : 0,
        "bw_max" : 0,
        "bw_agg" : 0.000000,
        "bw_mean" : 0.000000,
        "bw_dev" : 0.000000,
        "bw_samples" : 0,
        "iops_min" : 0,
        "iops_max" : 0,
        "iops_mean" : 0.000000,
        "iops_stddev" : 0.000000,
        "iops_samples" : 0
      },
      "sync" : {
        "total_ios" : 0,
        "lat_ns" : {
          "min" : 0,
          "max" : 0,
          "mean" : 0.000000,
          "stddev" : 0.000000,
          "N" : 0
        }
      },
      "job_runtime" : 240029,
      "usr_cpu" : 4.631940,
      "sys_cpu" : 14.097047,
      "ctx" : 958674,
      "majf" : 0,
      "minf" : 48,
      "iodepth_level" : {
        "1" : 0.100000,
        "2" : 0.100000,
        "4" : 0.100000,
        "8" : 0.100000,
        "16" : 0.100000,
        "32" : 0.100000,
        ">=64" : 99.990737
      },
      "iodepth_submit" : {
        "0" : 0.000000,
        "4" : 100.000000,
        "8" : 0.000000,
        "16" : 0.000000,
        "32" : 0.000000,
        "64" : 0.000000,
        ">=64" : 0.000000
      },
      "iodepth_complete" : {
        "0" : 0.000000,
        "4" : 99.999853,
        "8" : 0.000000,
        "16" : 0.000000,
        "32" : 0.000000,
        "64" : 0.100000,
        ">=64" : 0.000000
      },
      "latency_ns" : {
        "2" : 0.000000,
        "4" : 0.000000,
        "10" : 0.000000,
        "20" : 0.000000,
        "50" : 0.000000,
        "100" : 0.000000,
        "250" : 0.000000,
        "500" : 0.000000,
        "750" : 0.000000,
        "1000" : 0.000000
      },
      "latency_us" : {
        "2" : 0.000000,
        "4" : 0.000000,
        "10" : 0.000000,
        "20" : 0.000000,
        "50" : 0.010000,
        "100" : 0.208590,
        "250" : 4.572592,
        "500" : 10.623179,
        "750" : 2.650327,
        "1000" : 0.668261
      },
      "latency_ms" : {
        "2" : 2.306365,
        "4" : 12.506005,
        "10" : 53.494006,
        "20" : 12.923443,
        "50" : 0.047158,
        "100" : 0.000000,
        "250" : 0.000000,
        "500" : 0.000000,
        "750" : 0.000000,
        "1000" : 0.000000,
        "2000" : 0.000000,
        ">=2000" : 0.000000
      },
      "latency_depth" : 64,
      "latency_target" : 0,
      "latency_percentile" : 100.000000,
      "latency_window" : 0
    }
  ],
  "disk_util" : [
    {
      "name" : "vdc",
      "read_ios" : 1896449,
      "write_ios" : 815176,
      "read_merges" : 0,
      "write_merges" : 30,
      "read_ticks" : 13586066,
      "write_ticks" : 1482782,
      "in_queue" : 15068847,
      "util" : 63.124478
    }
  ]
}
