{
  "fio version" : "fio-3.33",
  "timestamp" : 1741602326,
  "timestamp_ms" : 1741602326965,
  "time" : "Mon Mar 10 15:55:26 2025",
  "global options" : {
    "directory" : "/disk2/fio_test"
  },
  "jobs" : [
    {
      "jobname" : "mysql_backup_workload",
      "groupid" : 0,
      "error" : 0,
      "eta" : 2147483647,
      "elapsed" : 2,
      "job options" : {
        "name" : "mysql_backup_workload",
        "rw" : "read",
        "ioengine" : "libaio",
        "direct" : "1",
        "bs" : "1M",
        "size" : "2G",
        "iodepth" : "16",
        "numjobs" : "1"
      },
      "read" : {
        "io_bytes" : 2147483648,
        "io_kbytes" : 2097152,
        "bw_bytes" : 1785106939,
        "bw" : 1743268,
        "iops" : 1702.410640,
        "runtime" : 1203,
        "total_ios" : 2048,
        "short_ios" : 0,
        "drop_ios" : 0,
        "slat_ns" : {
          "min" : 27510,
          "max" : 400912,
          "mean" : 53091.462402,
          "stddev" : 27446.675803,
          "N" : 2048
        },
        "clat_ns" : {
          "min" : 3404886,
          "max" : 16742535,
          "mean" : 9316305.821777,
          "stddev" : 630207.937374,
          "N" : 2048,
          "percentile" : {
            "1.000000" : 8454144,
            "5.000000" : 8978432,
            "10.000000" : 9109504,
            "20.000000" : 9109504,
            "30.000000" : 9240576,
            "40.000000" : 9240576,
            "50.000000" : 9371648,
            "60.000000" : 9371648,
            "70.000000" : 9371648,
            "80.000000" : 9502720,
            "90.000000" : 9633792,
            "95.000000" : 9633792,
            "99.000000" : 9895936,
            "99.500000" : 11730944,
            "99.900000" : 15663104,
            "99.950000" : 16711680,
            "99.990000" : 16711680
          }
        },
        "lat_ns" : {
          "min" : 3748259,
          "max" : 16808759,
          "mean" : 9369397.284180,
          "stddev" : 613226.760753,
          "N" : 2048
        },
        "bw_min" : 1742848,
        "bw_max" : 1744896,
        "bw_agg" : 100.000000,
        "bw_mean" : 1743872.000000,
        "bw_dev" : 1448.154688,
        "bw_samples" : 2,
        "iops_min" : 1702,
        "iops_max" : 1704,
        "iops_mean" : 1703.000000,
        "iops_stddev" : 1.414214,
        "iops_samples" : 2
      },
      "write" : {
        "io_bytes" : 0,
        "io_kbytes" : 0,
        "bw_bytes" : 0,
        "bw" : 0,
        "iops" : 0.000000,
        "runtime" : 0,
        "total_ios" : 0,
        "short_ios" : 0,
        "drop_ios" : 0,
        "slat_ns" : {
          "min" : 0,
          "max" : 0,
          "mean" : 0.000000,
          "stddev" : 0.000000,
          "N" : 0
        },
        "clat_ns" : {
          "min" : 0,
          "max" : 0,
          "mean" : 0.000000,
          "stddev" : 0.000000,
          "N" : 0
        },
        "lat_ns" : {
          "min" : 0,
          "max" : 0,
          "mean" : 0.000000,
          "stddev" : 0.000000,
          "N" : 0
        },
        "bw_min" : 0,
        "bw_max" : 0,
        "bw_agg" : 0.000000,
        "bw_mean" : 0.000000,
        "bw_dev" : 0.000000,
        "bw_samples" : 0,
        "iops_min" : 0,
        "iops_max" : 0,
        "iops_mean" : 0.000000,
        "iops_stddev" : 0.000000,
        "iops_samples" : 0
      },
      "trim" : {
        "io_bytes" : 0,
        "io_kbytes" : 0,
        "bw_bytes" : 0,
        "bw" : 0,
        "iops" : 0.000000,
        "runtime" : 0,
        "total_ios" : 0,
        "short_ios" : 0,
        "drop_ios" : 0,
        "slat_ns" : {
          "min" : 0,
          "max" : 0,
          "mean" : 0.000000,
          "stddev" : 0.000000,
          "N" : 0
        },
        "clat_ns" : {
          "min" : 0,
          "max" : 0,
          "mean" : 0.000000,
          "stddev" : 0.000000,
          "N" : 0
        },
        "lat_ns" : {
          "min" : 0,
          "max" : 0,
          "mean" : 0.000000,
          "stddev" : 0.000000,
          "N" : 0
        },
        "bw_min" : 0,
        "bw_max" : 0,
        "bw_agg" : 0.000000,
        "bw_mean" : 0.000000,
        "bw_dev" : 0.000000,
        "bw_samples" : 0,
        "iops_min" : 0,
        "iops_max" : 0,
        "iops_mean" : 0.000000,
        "iops_stddev" : 0.000000,
        "iops_samples" : 0
      },
      "sync" : {
        "total_ios" : 0,
        "lat_ns" : {
          "min" : 0,
          "max" : 0,
          "mean" : 0.000000,
          "stddev" : 0.000000,
          "N" : 0
        }
      },
      "job_runtime" : 1202,
      "usr_cpu" : 2.163062,
      "sys_cpu" : 13.477537,
      "ctx" : 1795,
      "majf" : 0,
      "minf" : 4106,
      "iodepth_level" : {
        "1" : 0.100000,
        "2" : 0.100000,
        "4" : 0.195312,
        "8" : 0.390625,
        "16" : 99.267578,
        "32" : 0.000000,
        ">=64" : 0.000000
      },
      "iodepth_submit" : {
        "0" : 0.000000,
        "4" : 100.000000,
        "8" : 0.000000,
        "16" : 0.000000,
        "32" : 0.000000,
        "64" : 0.000000,
        ">=64" : 0.000000
      },
      "iodepth_complete" : {
        "0" : 0.000000,
        "4" : 99.950836,
        "8" : 0.000000,
        "16" : 0.100000,
        "32" : 0.000000,
        "64" : 0.000000,
        ">=64" : 0.000000
      },
      "latency_ns" : {
        "2" : 0.000000,
        "4" : 0.000000,
        "10" : 0.000000,
        "20" : 0.000000,
        "50" : 0.000000,
        "100" : 0.000000,
        "250" : 0.000000,
        "500" : 0.000000,
        "750" : 0.000000,
        "1000" : 0.000000
      },
      "latency_us" : {
        "2" : 0.000000,
        "4" : 0.000000,
        "10" : 0.000000,
        "20" : 0.000000,
        "50" : 0.000000,
        "100" : 0.000000,
        "250" : 0.000000,
        "500" : 0.000000,
        "750" : 0.000000,
        "1000" : 0.000000
      },
      "latency_ms" : {
        "2" : 0.000000,
        "4" : 0.244141,
        "10" : 98.974609,
        "20" : 0.781250,
        "50" : 0.000000,
        "100" : 0.000000,
        "250" : 0.000000,
        "500" : 0.000000,
        "750" : 0.000000,
        "1000" : 0.000000,
        "2000" : 0.000000,
        ">=2000" : 0.000000
      },
      "latency_depth" : 16,
      "latency_target" : 0,
      "latency_percentile" : 100.000000,
      "latency_window" : 0
    }
  ],
  "disk_util" : [
    {
      "name" : "vdc",
      "read_ios" : 1883,
      "write_ios" : 0,
      "read_merges" : 0,
      "write_merges" : 0,
      "read_ticks" : 17414,
      "write_ticks" : 0,
      "in_queue" : 17414,
      "util" : 82.287823
    }
  ]
}
