{
  "fio version" : "fio-3.33",
  "timestamp" : 1741602111,
  "timestamp_ms" : 1741602111393,
  "time" : "Mon Mar 10 15:51:51 2025",
  "global options" : {
    "directory" : "/disk2/fio_test"
  },
  "jobs" : [
    {
      "jobname" : "mysql_innodb_log",
      "groupid" : 0,
      "error" : 0,
      "eta" : 0,
      "elapsed" : 16,
      "job options" : {
        "name" : "mysql_innodb_log",
        "rw" : "write",
        "ioengine" : "libaio",
        "direct" : "1",
        "bs" : "16k",
        "size" : "1G",
        "iodepth" : "4",
        "numjobs" : "1",
        "fsync" : "1"
      },
      "read" : {
        "io_bytes" : 0,
        "io_kbytes" : 0,
        "bw_bytes" : 0,
        "bw" : 0,
        "iops" : 0.000000,
        "runtime" : 0,
        "total_ios" : 0,
        "short_ios" : 0,
        "drop_ios" : 0,
        "slat_ns" : {
          "min" : 0,
          "max" : 0,
          "mean" : 0.000000,
          "stddev" : 0.000000,
          "N" : 0
        },
        "clat_ns" : {
          "min" : 0,
          "max" : 0,
          "mean" : 0.000000,
          "stddev" : 0.000000,
          "N" : 0
        },
        "lat_ns" : {
          "min" : 0,
          "max" : 0,
          "mean" : 0.000000,
          "stddev" : 0.000000,
          "N" : 0
        },
        "bw_min" : 0,
        "bw_max" : 0,
        "bw_agg" : 0.000000,
        "bw_mean" : 0.000000,
        "bw_dev" : 0.000000,
        "bw_samples" : 0,
        "iops_min" : 0,
        "iops_max" : 0,
        "iops_mean" : 0.000000,
        "iops_stddev" : 0.000000,
        "iops_samples" : 0
      },
      "write" : {
        "io_bytes" : 1073741824,
        "io_kbytes" : 1048576,
        "bw_bytes" : 69569899,
        "bw" : 67939,
        "iops" : 4246.209667,
        "runtime" : 15434,
        "total_ios" : 65536,
        "short_ios" : 0,
        "drop_ios" : 0,
        "slat_ns" : {
          "min" : 4924,
          "max" : 94970,
          "mean" : 17156.449524,
          "stddev" : 13634.471227,
          "N" : 65536
        },
        "clat_ns" : {
          "min" : 130937,
          "max" : 3736321,
          "mean" : 708275.032410,
          "stddev" : 500312.385621,
          "N" : 65536,
          "percentile" : {
            "1.000000" : 305152,
            "5.000000" : 325632,
            "10.000000" : 350208,
            "20.000000" : 378880,
            "30.000000" : 403456,
            "40.000000" : 428032,
            "50.000000" : 456704,
            "60.000000" : 618496,
            "70.000000" : 757760,
            "80.000000" : 978944,
            "90.000000" : 1351680,
            "95.000000" : 1925120,
            "99.000000" : 2539520,
            "99.500000" : 2768896,
            "99.900000" : 3424256,
            "99.950000" : 3522560,
            "99.990000" : 3653632
          }
        },
        "lat_ns" : {
          "min" : 148828,
          "max" : 3746490,
          "mean" : 725431.481934,
          "stddev" : 508124.815448,
          "N" : 65536
        },
        "bw_min" : 46336,
        "bw_max" : 106464,
        "bw_agg" : 100.000000,
        "bw_mean" : 68425.600000,
        "bw_dev" : 15056.465587,
        "bw_samples" : 30,
        "iops_min" : 2896,
        "iops_max" : 6654,
        "iops_mean" : 4276.600000,
        "iops_stddev" : 941.029099,
        "iops_samples" : 30
      },
      "trim" : {
        "io_bytes" : 0,
        "io_kbytes" : 0,
        "bw_bytes" : 0,
        "bw" : 0,
        "iops" : 0.000000,
        "runtime" : 0,
        "total_ios" : 0,
        "short_ios" : 0,
        "drop_ios" : 0,
        "slat_ns" : {
          "min" : 0,
          "max" : 0,
          "mean" : 0.000000,
          "stddev" : 0.000000,
          "N" : 0
        },
        "clat_ns" : {
          "min" : 0,
          "max" : 0,
          "mean" : 0.000000,
          "stddev" : 0.000000,
          "N" : 0
        },
        "lat_ns" : {
          "min" : 0,
          "max" : 0,
          "mean" : 0.000000,
          "stddev" : 0.000000,
          "N" : 0
        },
        "bw_min" : 0,
        "bw_max" : 0,
        "bw_agg" : 0.000000,
        "bw_mean" : 0.000000,
        "bw_dev" : 0.000000,
        "bw_samples" : 0,
        "iops_min" : 0,
        "iops_max" : 0,
        "iops_mean" : 0.000000,
        "iops_stddev" : 0.000000,
        "iops_samples" : 0
      },
      "sync" : {
        "total_ios" : 65533,
        "lat_ns" : {
          "min" : 370530,
          "max" : 16372459877545,
          "mean" : 250758628.184658,
          "stddev" : 63956381655.152740,
          "N" : 65533,
          "percentile" : {
            "1.000000" : 399360,
            "5.000000" : 428032,
            "10.000000" : 460800,
            "20.000000" : 497664,
            "30.000000" : 528384,
            "40.000000" : 561152,
            "50.000000" : 610304,
            "60.000000" : 815104,
            "70.000000" : 970752,
            "80.000000" : 1302528,
            "90.000000" : 1810432,
            "95.000000" : 2342912,
            "99.000000" : 2998272,
            "99.500000" : 3293184,
            "99.900000" : 3915776,
            "99.950000" : 4046848,
            "99.990000" : 4227072
          }
        }
      },
      "job_runtime" : 15433,
      "usr_cpu" : 3.285168,
      "sys_cpu" : 12.376077,
      "ctx" : 76478,
      "majf" : 0,
      "minf" : 13,
      "iodepth_level" : {
        "1" : 0.100000,
        "2" : 0.100000,
        "4" : 199.989319,
        "8" : 0.000000,
        "16" : 0.000000,
        "32" : 0.000000,
        ">=64" : 0.000000
      },
      "iodepth_submit" : {
        "0" : 0.000000,
        "4" : 100.000000,
        "8" : 0.000000,
        "16" : 0.000000,
        "32" : 0.000000,
        "64" : 0.000000,
        ">=64" : 0.000000
      },
      "iodepth_complete" : {
        "0" : 0.000000,
        "4" : 100.000000,
        "8" : 0.000000,
        "16" : 0.000000,
        "32" : 0.000000,
        "64" : 0.000000,
        ">=64" : 0.000000
      },
      "latency_ns" : {
        "2" : 0.000000,
        "4" : 0.000000,
        "10" : 0.000000,
        "20" : 0.000000,
        "50" : 0.000000,
        "100" : 0.000000,
        "250" : 0.000000,
        "500" : 0.000000,
        "750" : 0.000000,
        "1000" : 0.000000
      },
      "latency_us" : {
        "2" : 0.000000,
        "4" : 0.000000,
        "10" : 0.000000,
        "20" : 0.000000,
        "50" : 0.000000,
        "100" : 0.000000,
        "250" : 0.010000,
        "500" : 55.960083,
        "750" : 13.647461,
        "1000" : 11.143494
      },
      "latency_ms" : {
        "2" : 15.158081,
        "4" : 4.089355,
        "10" : 0.000000,
        "20" : 0.000000,
        "50" : 0.000000,
        "100" : 0.000000,
        "250" : 0.000000,
        "500" : 0.000000,
        "750" : 0.000000,
        "1000" : 0.000000,
        "2000" : 0.000000,
        ">=2000" : 0.000000
      },
      "latency_depth" : 4,
      "latency_target" : 0,
      "latency_percentile" : 100.000000,
      "latency_window" : 0
    }
  ],
  "disk_util" : [
    {
      "name" : "vdc",
      "read_ios" : 0,
      "write_ios" : 138017,
      "read_merges" : 0,
      "write_merges" : 8,
      "read_ticks" : 0,
      "write_ticks" : 21772,
      "in_queue" : 22865,
      "util" : 70.884767
    }
  ]
}
