{
  "fio version" : "fio-3.33",
  "timestamp" : 1741601737,
  "timestamp_ms" : 1741601737327,
  "time" : "Mon Mar 10 15:45:37 2025",
  "global options" : {
    "directory" : "/disk1/fio_test"
  },
  "jobs" : [
    {
      "jobname" : "mysql_random_read",
      "groupid" : 0,
      "error" : 0,
      "eta" : 0,
      "elapsed" : 61,
      "job options" : {
        "name" : "mysql_random_read",
        "rw" : "randread",
        "ioengine" : "libaio",
        "direct" : "1",
        "bs" : "16k",
        "size" : "1G",
        "iodepth" : "64",
        "numjobs" : "4",
        "runtime" : "60"
      },
      "read" : {
        "io_bytes" : 207695790080,
        "io_kbytes" : 202827920,
        "bw_bytes" : 3461481118,
        "bw" : 3380352,
        "iops" : 211272.040932,
        "runtime" : 60002,
        "total_ios" : 12676745,
        "short_ios" : 0,
        "drop_ios" : 0,
        "slat_ns" : {
          "min" : 1953,
          "max" : 310109,
          "mean" : 3254.773165,
          "stddev" : 4198.047288,
          "N" : 12676745
        },
        "clat_ns" : {
          "min" : 167023,
          "max" : 5123638,
          "mean" : 1207855.525312,
          "stddev" : 551003.409066,
          "N" : 12676745,
          "percentile" : {
            "1.000000" : 509952,
            "5.000000" : 602112,
            "10.000000" : 651264,
            "20.000000" : 724992,
            "30.000000" : 798720,
            "40.000000" : 913408,
            "50.000000" : 1155072,
            "60.000000" : 1253376,
            "70.000000" : 1368064,
            "80.000000" : 1515520,
            "90.000000" : 2277376,
            "95.000000" : 2473984,
            "99.000000" : 2605056,
            "99.500000" : 2670592,
            "99.900000" : 2965504,
            "99.950000" : 3260416,
            "99.990000" : 4177920
          }
        },
        "lat_ns" : {
          "min" : 169553,
          "max" : 5126560,
          "mean" : 1211110.298476,
          "stddev" : 551211.642307,
          "N" : 12676745
        },
        "bw_min" : 1953792,
        "bw_max" : 4559072,
        "bw_agg" : 99.933982,
        "bw_mean" : 3378121.142857,
        "bw_dev" : 219896.349265,
        "bw_samples" : 476,
        "iops_min" : 122112,
        "iops_max" : 284944,
        "iops_mean" : 211132.571429,
        "iops_stddev" : 13743.524648,
        "iops_samples" : 476
      },
      "write" : {
        "io_bytes" : 0,
        "io_kbytes" : 0,
        "bw_bytes" : 0,
        "bw" : 0,
        "iops" : 0.000000,
        "runtime" : 0,
        "total_ios" : 0,
        "short_ios" : 0,
        "drop_ios" : 0,
        "slat_ns" : {
          "min" : 0,
          "max" : 0,
          "mean" : 0.000000,
          "stddev" : 0.000000,
          "N" : 0
        },
        "clat_ns" : {
          "min" : 0,
          "max" : 0,
          "mean" : 0.000000,
          "stddev" : 0.000000,
          "N" : 0
        },
        "lat_ns" : {
          "min" : 0,
          "max" : 0,
          "mean" : 0.000000,
          "stddev" : 0.000000,
          "N" : 0
        },
        "bw_min" : 0,
        "bw_max" : 0,
        "bw_agg" : 0.000000,
        "bw_mean" : 0.000000,
        "bw_dev" : 0.000000,
        "bw_samples" : 0,
        "iops_min" : 0,
        "iops_max" : 0,
        "iops_mean" : 0.000000,
        "iops_stddev" : 0.000000,
        "iops_samples" : 0
      },
      "trim" : {
        "io_bytes" : 0,
        "io_kbytes" : 0,
        "bw_bytes" : 0,
        "bw" : 0,
        "iops" : 0.000000,
        "runtime" : 0,
        "total_ios" : 0,
        "short_ios" : 0,
        "drop_ios" : 0,
        "slat_ns" : {
          "min" : 0,
          "max" : 0,
          "mean" : 0.000000,
          "stddev" : 0.000000,
          "N" : 0
        },
        "clat_ns" : {
          "min" : 0,
          "max" : 0,
          "mean" : 0.000000,
          "stddev" : 0.000000,
          "N" : 0
        },
        "lat_ns" : {
          "min" : 0,
          "max" : 0,
          "mean" : 0.000000,
          "stddev" : 0.000000,
          "N" : 0
        },
        "bw_min" : 0,
        "bw_max" : 0,
        "bw_agg" : 0.000000,
        "bw_mean" : 0.000000,
        "bw_dev" : 0.000000,
        "bw_samples" : 0,
        "iops_min" : 0,
        "iops_max" : 0,
        "iops_mean" : 0.000000,
        "iops_stddev" : 0.000000,
        "iops_samples" : 0
      },
      "sync" : {
        "total_ios" : 0,
        "lat_ns" : {
          "min" : 0,
          "max" : 0,
          "mean" : 0.000000,
          "stddev" : 0.000000,
          "N" : 0
        }
      },
      "job_runtime" : 240001,
      "usr_cpu" : 8.426215,
      "sys_cpu" : 22.064908,
      "ctx" : 589733,
      "majf" : 0,
      "minf" : 1063,
      "iodepth_level" : {
        "1" : 0.100000,
        "2" : 0.100000,
        "4" : 0.100000,
        "8" : 0.100000,
        "16" : 0.100000,
        "32" : 0.100000,
        ">=64" : 99.998012
      },
      "iodepth_submit" : {
        "0" : 0.000000,
        "4" : 100.000000,
        "8" : 0.000000,
        "16" : 0.000000,
        "32" : 0.000000,
        "64" : 0.000000,
        ">=64" : 0.000000
      },
      "iodepth_complete" : {
        "0" : 0.000000,
        "4" : 99.999968,
        "8" : 0.000000,
        "16" : 0.000000,
        "32" : 0.000000,
        "64" : 0.100000,
        ">=64" : 0.000000
      },
      "latency_ns" : {
        "2" : 0.000000,
        "4" : 0.000000,
        "10" : 0.000000,
        "20" : 0.000000,
        "50" : 0.000000,
        "100" : 0.000000,
        "250" : 0.000000,
        "500" : 0.000000,
        "750" : 0.000000,
        "1000" : 0.000000
      },
      "latency_us" : {
        "2" : 0.000000,
        "4" : 0.000000,
        "10" : 0.000000,
        "20" : 0.000000,
        "50" : 0.000000,
        "100" : 0.000000,
        "250" : 0.010000,
        "500" : 0.815564,
        "750" : 23.197753,
        "1000" : 19.812941
      },
      "latency_ms" : {
        "2" : 45.610241,
        "4" : 10.535268,
        "10" : 0.026119,
        "20" : 0.000000,
        "50" : 0.000000,
        "100" : 0.000000,
        "250" : 0.000000,
        "500" : 0.000000,
        "750" : 0.000000,
        "1000" : 0.000000,
        "2000" : 0.000000,
        ">=2000" : 0.000000
      },
      "latency_depth" : 64,
      "latency_target" : 0,
      "latency_percentile" : 100.000000,
      "latency_window" : 0
    }
  ],
  "disk_util" : [
    {
      "name" : "vdb",
      "read_ios" : 12633481,
      "write_ios" : 9,
      "read_merges" : 0,
      "write_merges" : 29,
      "read_ticks" : 13992714,
      "write_ticks" : 7,
      "in_queue" : 13992720,
      "util" : 35.375649
    }
  ]
}
