{
  "fio version" : "fio-3.33",
  "timestamp" : 1741601865,
  "timestamp_ms" : 1741601865421,
  "time" : "Mon Mar 10 15:47:45 2025",
  "global options" : {
    "directory" : "/disk1/fio_test"
  },
  "jobs" : [
    {
      "jobname" : "mysql_insert_workload",
      "groupid" : 0,
      "error" : 0,
      "eta" : 2147483647,
      "elapsed" : 2,
      "job options" : {
        "name" : "mysql_insert_workload",
        "rw" : "write",
        "ioengine" : "libaio",
        "direct" : "1",
        "bs" : "128k",
        "size" : "1G",
        "iodepth" : "8",
        "numjobs" : "2",
        "fsync_on_close" : "1"
      },
      "read" : {
        "io_bytes" : 0,
        "io_kbytes" : 0,
        "bw_bytes" : 0,
        "bw" : 0,
        "iops" : 0.000000,
        "runtime" : 0,
        "total_ios" : 0,
        "short_ios" : 0,
        "drop_ios" : 0,
        "slat_ns" : {
          "min" : 0,
          "max" : 0,
          "mean" : 0.000000,
          "stddev" : 0.000000,
          "N" : 0
        },
        "clat_ns" : {
          "min" : 0,
          "max" : 0,
          "mean" : 0.000000,
          "stddev" : 0.000000,
          "N" : 0
        },
        "lat_ns" : {
          "min" : 0,
          "max" : 0,
          "mean" : 0.000000,
          "stddev" : 0.000000,
          "N" : 0
        },
        "bw_min" : 0,
        "bw_max" : 0,
        "bw_agg" : 0.000000,
        "bw_mean" : 0.000000,
        "bw_dev" : 0.000000,
        "bw_samples" : 0,
        "iops_min" : 0,
        "iops_max" : 0,
        "iops_mean" : 0.000000,
        "iops_stddev" : 0.000000,
        "iops_samples" : 0
      },
      "write" : {
        "io_bytes" : 2147483648,
        "io_kbytes" : 2097152,
        "bw_bytes" : 2047172209,
        "bw" : 1999191,
        "iops" : 15618.684461,
        "runtime" : 1049,
        "total_ios" : 16384,
        "short_ios" : 0,
        "drop_ios" : 0,
        "slat_ns" : {
          "min" : 7915,
          "max" : 109140,
          "mean" : 16661.509766,
          "stddev" : 10325.851516,
          "N" : 16384
        },
        "clat_ns" : {
          "min" : 114070,
          "max" : 2843006,
          "mean" : 1004924.155579,
          "stddev" : 355271.729922,
          "N" : 16384,
          "percentile" : {
            "1.000000" : 199680,
            "5.000000" : 485376,
            "10.000000" : 569344,
            "20.000000" : 684032,
            "30.000000" : 782336,
            "40.000000" : 897024,
            "50.000000" : 1003520,
            "60.000000" : 1105920,
            "70.000000" : 1204224,
            "80.000000" : 1302528,
            "90.000000" : 1433600,
            "95.000000" : 1548288,
            "99.000000" : 1925120,
            "99.500000" : 2146304,
            "99.900000" : 2539520,
            "99.950000" : 2572288,
            "99.990000" : 2834432
          }
        },
        "lat_ns" : {
          "min" : 128424,
          "max" : 2854745,
          "mean" : 1021585.665344,
          "stddev" : 354186.213001,
          "N" : 16384
        },
        "bw_min" : 1902848,
        "bw_max" : 2091520,
        "bw_agg" : 99.899579,
        "bw_mean" : 1997184.000000,
        "bw_dev" : 55480.679256,
        "bw_samples" : 4,
        "iops_min" : 14866,
        "iops_max" : 16340,
        "iops_mean" : 15603.000000,
        "iops_stddev" : 433.442807,
        "iops_samples" : 4
      },
      "trim" : {
        "io_bytes" : 0,
        "io_kbytes" : 0,
        "bw_bytes" : 0,
        "bw" : 0,
        "iops" : 0.000000,
        "runtime" : 0,
        "total_ios" : 0,
        "short_ios" : 0,
        "drop_ios" : 0,
        "slat_ns" : {
          "min" : 0,
          "max" : 0,
          "mean" : 0.000000,
          "stddev" : 0.000000,
          "N" : 0
        },
        "clat_ns" : {
          "min" : 0,
          "max" : 0,
          "mean" : 0.000000,
          "stddev" : 0.000000,
          "N" : 0
        },
        "lat_ns" : {
          "min" : 0,
          "max" : 0,
          "mean" : 0.000000,
          "stddev" : 0.000000,
          "N" : 0
        },
        "bw_min" : 0,
        "bw_max" : 0,
        "bw_agg" : 0.000000,
        "bw_mean" : 0.000000,
        "bw_dev" : 0.000000,
        "bw_samples" : 0,
        "iops_min" : 0,
        "iops_max" : 0,
        "iops_mean" : 0.000000,
        "iops_stddev" : 0.000000,
        "iops_samples" : 0
      },
      "sync" : {
        "total_ios" : 0,
        "lat_ns" : {
          "min" : 0,
          "max" : 0,
          "mean" : 0.000000,
          "stddev" : 0.000000,
          "N" : 0
        }
      },
      "job_runtime" : 2096,
      "usr_cpu" : 5.582061,
      "sys_cpu" : 9.780534,
      "ctx" : 4832,
      "majf" : 0,
      "minf" : 25,
      "iodepth_level" : {
        "1" : 0.100000,
        "2" : 0.100000,
        "4" : 0.100000,
        "8" : 99.914551,
        "16" : 0.000000,
        "32" : 0.000000,
        ">=64" : 0.000000
      },
      "iodepth_submit" : {
        "0" : 0.000000,
        "4" : 100.000000,
        "8" : 0.000000,
        "16" : 0.000000,
        "32" : 0.000000,
        "64" : 0.000000,
        ">=64" : 0.000000
      },
      "iodepth_complete" : {
        "0" : 0.000000,
        "4" : 99.987784,
        "8" : 0.100000,
        "16" : 0.000000,
        "32" : 0.000000,
        "64" : 0.000000,
        ">=64" : 0.000000
      },
      "latency_ns" : {
        "2" : 0.000000,
        "4" : 0.000000,
        "10" : 0.000000,
        "20" : 0.000000,
        "50" : 0.000000,
        "100" : 0.000000,
        "250" : 0.000000,
        "500" : 0.000000,
        "750" : 0.000000,
        "1000" : 0.000000
      },
      "latency_us" : {
        "2" : 0.000000,
        "4" : 0.000000,
        "10" : 0.000000,
        "20" : 0.000000,
        "50" : 0.000000,
        "100" : 0.000000,
        "250" : 1.519775,
        "500" : 4.046631,
        "750" : 20.739746,
        "1000" : 23.675537
      },
      "latency_ms" : {
        "2" : 49.230957,
        "4" : 0.787354,
        "10" : 0.000000,
        "20" : 0.000000,
        "50" : 0.000000,
        "100" : 0.000000,
        "250" : 0.000000,
        "500" : 0.000000,
        "750" : 0.000000,
        "1000" : 0.000000,
        "2000" : 0.000000,
        ">=2000" : 0.000000
      },
      "latency_depth" : 8,
      "latency_target" : 0,
      "latency_percentile" : 100.000000,
      "latency_window" : 0
    }
  ],
  "disk_util" : [
    {
      "name" : "vdb",
      "read_ios" : 0,
      "write_ios" : 13941,
      "read_merges" : 0,
      "write_merges" : 0,
      "read_ticks" : 0,
      "write_ticks" : 13019,
      "in_queue" : 13019,
      "util" : 61.228600
    }
  ]
}
