{
  "fio version" : "fio-3.33",
  "timestamp" : 1741602465,
  "timestamp_ms" : 1741602465199,
  "time" : "Mon Mar 10 15:57:45 2025",
  "global options" : {
    "directory" : "/disk2/fio_test"
  },
  "jobs" : [
    {
      "jobname" : "mysql_table_scan",
      "groupid" : 0,
      "error" : 0,
      "eta" : 0,
      "elapsed" : 61,
      "job options" : {
        "name" : "mysql_table_scan",
        "rw" : "read",
        "ioengine" : "libaio",
        "direct" : "1",
        "bs" : "64k",
        "size" : "1G",
        "iodepth" : "16",
        "numjobs" : "2",
        "runtime" : "60"
      },
      "read" : {
        "io_bytes" : 105109585920,
        "io_kbytes" : 102646080,
        "bw_bytes" : 1751768039,
        "bw" : 1710710,
        "iops" : 26729.859005,
        "runtime" : 60002,
        "total_ios" : 1603845,
        "short_ios" : 0,
        "drop_ios" : 0,
        "slat_ns" : {
          "min" : 3052,
          "max" : 105953,
          "mean" : 7893.683540,
          "stddev" : 8859.116209,
          "N" : 1603845
        },
        "clat_ns" : {
          "min" : 323496,
          "max" : 2564036,
          "mean" : 1188294.213384,
          "stddev" : 179934.259628,
          "N" : 1603845,
          "percentile" : {
            "1.000000" : 757760,
            "5.000000" : 888832,
            "10.000000" : 962560,
            "20.000000" : 1044480,
            "30.000000" : 1105920,
            "40.000000" : 1155072,
            "50.000000" : 1187840,
            "60.000000" : 1220608,
            "70.000000" : 1269760,
            "80.000000" : 1335296,
            "90.000000" : 1417216,
            "95.000000" : 1482752,
            "99.000000" : 1646592,
            "99.500000" : 1712128,
            "99.900000" : 1875968,
            "99.950000" : 1941504,
            "99.990000" : 2056192
          }
        },
        "lat_ns" : {
          "min" : 360496,
          "max" : 2567995,
          "mean" : 1196187.896925,
          "stddev" : 178867.720135,
          "N" : 1603845
        },
        "bw_min" : 1632768,
        "bw_max" : 1750400,
        "bw_agg" : 100.000000,
        "bw_mean" : 1712514.151261,
        "bw_dev" : 13755.403739,
        "bw_samples" : 238,
        "iops_min" : 25512,
        "iops_max" : 27350,
        "iops_mean" : 26758.033613,
        "iops_stddev" : 214.928183,
        "iops_samples" : 238
      },
      "write" : {
        "io_bytes" : 0,
        "io_kbytes" : 0,
        "bw_bytes" : 0,
        "bw" : 0,
        "iops" : 0.000000,
        "runtime" : 0,
        "total_ios" : 0,
        "short_ios" : 0,
        "drop_ios" : 0,
        "slat_ns" : {
          "min" : 0,
          "max" : 0,
          "mean" : 0.000000,
          "stddev" : 0.000000,
          "N" : 0
        },
        "clat_ns" : {
          "min" : 0,
          "max" : 0,
          "mean" : 0.000000,
          "stddev" : 0.000000,
          "N" : 0
        },
        "lat_ns" : {
          "min" : 0,
          "max" : 0,
          "mean" : 0.000000,
          "stddev" : 0.000000,
          "N" : 0
        },
        "bw_min" : 0,
        "bw_max" : 0,
        "bw_agg" : 0.000000,
        "bw_mean" : 0.000000,
        "bw_dev" : 0.000000,
        "bw_samples" : 0,
        "iops_min" : 0,
        "iops_max" : 0,
        "iops_mean" : 0.000000,
        "iops_stddev" : 0.000000,
        "iops_samples" : 0
      },
      "trim" : {
        "io_bytes" : 0,
        "io_kbytes" : 0,
        "bw_bytes" : 0,
        "bw" : 0,
        "iops" : 0.000000,
        "runtime" : 0,
        "total_ios" : 0,
        "short_ios" : 0,
        "drop_ios" : 0,
        "slat_ns" : {
          "min" : 0,
          "max" : 0,
          "mean" : 0.000000,
          "stddev" : 0.000000,
          "N" : 0
        },
        "clat_ns" : {
          "min" : 0,
          "max" : 0,
          "mean" : 0.000000,
          "stddev" : 0.000000,
          "N" : 0
        },
        "lat_ns" : {
          "min" : 0,
          "max" : 0,
          "mean" : 0.000000,
          "stddev" : 0.000000,
          "N" : 0
        },
        "bw_min" : 0,
        "bw_max" : 0,
        "bw_agg" : 0.000000,
        "bw_mean" : 0.000000,
        "bw_dev" : 0.000000,
        "bw_samples" : 0,
        "iops_min" : 0,
        "iops_max" : 0,
        "iops_mean" : 0.000000,
        "iops_stddev" : 0.000000,
        "iops_samples" : 0
      },
      "sync" : {
        "total_ios" : 0,
        "lat_ns" : {
          "min" : 0,
          "max" : 0,
          "mean" : 0.000000,
          "stddev" : 0.000000,
          "N" : 0
        }
      },
      "job_runtime" : 120001,
      "usr_cpu" : 4.000800,
      "sys_cpu" : 15.281539,
      "ctx" : 184569,
      "majf" : 0,
      "minf" : 533,
      "iodepth_level" : {
        "1" : 0.100000,
        "2" : 0.100000,
        "4" : 0.100000,
        "8" : 0.100000,
        "16" : 99.998129,
        "32" : 0.000000,
        ">=64" : 0.000000
      },
      "iodepth_submit" : {
        "0" : 0.000000,
        "4" : 100.000000,
        "8" : 0.000000,
        "16" : 0.000000,
        "32" : 0.000000,
        "64" : 0.000000,
        ">=64" : 0.000000
      },
      "iodepth_complete" : {
        "0" : 0.000000,
        "4" : 99.999875,
        "8" : 0.000000,
        "16" : 0.100000,
        "32" : 0.000000,
        "64" : 0.000000,
        ">=64" : 0.000000
      },
      "latency_ns" : {
        "2" : 0.000000,
        "4" : 0.000000,
        "10" : 0.000000,
        "20" : 0.000000,
        "50" : 0.000000,
        "100" : 0.000000,
        "250" : 0.000000,
        "500" : 0.000000,
        "750" : 0.000000,
        "1000" : 0.000000
      },
      "latency_us" : {
        "2" : 0.000000,
        "4" : 0.000000,
        "10" : 0.000000,
        "20" : 0.000000,
        "50" : 0.000000,
        "100" : 0.000000,
        "250" : 0.000000,
        "500" : 0.016211,
        "750" : 0.872965,
        "1000" : 13.550624
      },
      "latency_ms" : {
        "2" : 85.538004,
        "4" : 0.022197,
        "10" : 0.000000,
        "20" : 0.000000,
        "50" : 0.000000,
        "100" : 0.000000,
        "250" : 0.000000,
        "500" : 0.000000,
        "750" : 0.000000,
        "1000" : 0.000000,
        "2000" : 0.000000,
        ">=2000" : 0.000000
      },
      "latency_depth" : 16,
      "latency_target" : 0,
      "latency_percentile" : 100.000000,
      "latency_window" : 0
    }
  ],
  "disk_util" : [
    {
      "name" : "vdc",
      "read_ios" : 1603693,
      "write_ios" : 7,
      "read_merges" : 0,
      "write_merges" : 17,
      "read_ticks" : 1776323,
      "write_ticks" : 4,
      "in_queue" : 1776327,
      "util" : 61.926972
    }
  ]
}
