{
  "fio version" : "fio-3.33",
  "timestamp" : 1741602095,
  "timestamp_ms" : 1741602095477,
  "time" : "Mon Mar 10 15:51:35 2025",
  "global options" : {
    "directory" : "/disk1/fio_test"
  },
  "jobs" : [
    {
      "jobname" : "mysql_binlog_writes",
      "groupid" : 0,
      "error" : 0,
      "eta" : 0,
      "elapsed" : 31,
      "job options" : {
        "name" : "mysql_binlog_writes",
        "rw" : "write",
        "ioengine" : "libaio",
        "direct" : "1",
        "bs" : "4k",
        "size" : "512M",
        "iodepth" : "1",
        "numjobs" : "1",
        "fsync" : "1"
      },
      "read" : {
        "io_bytes" : 0,
        "io_kbytes" : 0,
        "bw_bytes" : 0,
        "bw" : 0,
        "iops" : 0.000000,
        "runtime" : 0,
        "total_ios" : 0,
        "short_ios" : 0,
        "drop_ios" : 0,
        "slat_ns" : {
          "min" : 0,
          "max" : 0,
          "mean" : 0.000000,
          "stddev" : 0.000000,
          "N" : 0
        },
        "clat_ns" : {
          "min" : 0,
          "max" : 0,
          "mean" : 0.000000,
          "stddev" : 0.000000,
          "N" : 0
        },
        "lat_ns" : {
          "min" : 0,
          "max" : 0,
          "mean" : 0.000000,
          "stddev" : 0.000000,
          "N" : 0
        },
        "bw_min" : 0,
        "bw_max" : 0,
        "bw_agg" : 0.000000,
        "bw_mean" : 0.000000,
        "bw_dev" : 0.000000,
        "bw_samples" : 0,
        "iops_min" : 0,
        "iops_max" : 0,
        "iops_mean" : 0.000000,
        "iops_stddev" : 0.000000,
        "iops_samples" : 0
      },
      "write" : {
        "io_bytes" : 536870912,
        "io_kbytes" : 524288,
        "bw_bytes" : 17862354,
        "bw" : 17443,
        "iops" : 4360.926271,
        "runtime" : 30056,
        "total_ios" : 131072,
        "short_ios" : 0,
        "drop_ios" : 0,
        "slat_ns" : {
          "min" : 5240,
          "max" : 72566,
          "mean" : 7278.676270,
          "stddev" : 4540.447346,
          "N" : 131072
        },
        "clat_ns" : {
          "min" : 38922,
          "max" : 742504,
          "mean" : 91614.495163,
          "stddev" : 30585.953806,
          "N" : 131072,
          "percentile" : {
            "1.000000" : 56064,
            "5.000000" : 57600,
            "10.000000" : 60160,
            "20.000000" : 69120,
            "30.000000" : 85504,
            "40.000000" : 88576,
            "50.000000" : 89600,
            "60.000000" : 91648,
            "70.000000" : 102912,
            "80.000000" : 107008,
            "90.000000" : 108032,
            "95.000000" : 113152,
            "99.000000" : 268288,
            "99.500000" : 292864,
            "99.900000" : 440320,
            "99.950000" : 456704,
            "99.990000" : 485376
          }
        },
        "lat_ns" : {
          "min" : 44783,
          "max" : 751861,
          "mean" : 98893.171432,
          "stddev" : 33794.505992,
          "N" : 131072
        },
        "bw_min" : 16048,
        "bw_max" : 22520,
        "bw_agg" : 100.000000,
        "bw_mean" : 17462.533333,
        "bw_dev" : 1014.663465,
        "bw_samples" : 60,
        "iops_min" : 4012,
        "iops_max" : 5630,
        "iops_mean" : 4365.633333,
        "iops_stddev" : 253.665866,
        "iops_samples" : 60
      },
      "trim" : {
        "io_bytes" : 0,
        "io_kbytes" : 0,
        "bw_bytes" : 0,
        "bw" : 0,
        "iops" : 0.000000,
        "runtime" : 0,
        "total_ios" : 0,
        "short_ios" : 0,
        "drop_ios" : 0,
        "slat_ns" : {
          "min" : 0,
          "max" : 0,
          "mean" : 0.000000,
          "stddev" : 0.000000,
          "N" : 0
        },
        "clat_ns" : {
          "min" : 0,
          "max" : 0,
          "mean" : 0.000000,
          "stddev" : 0.000000,
          "N" : 0
        },
        "lat_ns" : {
          "min" : 0,
          "max" : 0,
          "mean" : 0.000000,
          "stddev" : 0.000000,
          "N" : 0
        },
        "bw_min" : 0,
        "bw_max" : 0,
        "bw_agg" : 0.000000,
        "bw_mean" : 0.000000,
        "bw_dev" : 0.000000,
        "bw_samples" : 0,
        "iops_min" : 0,
        "iops_max" : 0,
        "iops_mean" : 0.000000,
        "iops_stddev" : 0.000000,
        "iops_samples" : 0
      },
      "sync" : {
        "total_ios" : 131071,
        "lat_ns" : {
          "min" : 106678,
          "max" : 2377051,
          "mean" : 221623.414623,
          "stddev" : 123308.418955,
          "N" : 131071,
          "percentile" : {
            "1.000000" : 124416,
            "5.000000" : 148480,
            "10.000000" : 156672,
            "20.000000" : 173056,
            "30.000000" : 181248,
            "40.000000" : 181248,
            "50.000000" : 191488,
            "60.000000" : 201728,
            "70.000000" : 211968,
            "80.000000" : 218112,
            "90.000000" : 236544,
            "95.000000" : 485376,
            "99.000000" : 765952,
            "99.500000" : 856064,
            "99.900000" : 1269760,
            "99.950000" : 1466368,
            "99.990000" : 1761280
          }
        }
      },
      "job_runtime" : 30055,
      "usr_cpu" : 1.680253,
      "sys_cpu" : 9.153219,
      "ctx" : 284577,
      "majf" : 0,
      "minf" : 12,
      "iodepth_level" : {
        "1" : 199.999237,
        "2" : 0.000000,
        "4" : 0.000000,
        "8" : 0.000000,
        "16" : 0.000000,
        "32" : 0.000000,
        ">=64" : 0.000000
      },
      "iodepth_submit" : {
        "0" : 0.000000,
        "4" : 100.000000,
        "8" : 0.000000,
        "16" : 0.000000,
        "32" : 0.000000,
        "64" : 0.000000,
        ">=64" : 0.000000
      },
      "iodepth_complete" : {
        "0" : 0.000000,
        "4" : 100.000000,
        "8" : 0.000000,
        "16" : 0.000000,
        "32" : 0.000000,
        "64" : 0.000000,
        ">=64" : 0.000000
      },
      "latency_ns" : {
        "2" : 0.000000,
        "4" : 0.000000,
        "10" : 0.000000,
        "20" : 0.000000,
        "50" : 0.000000,
        "100" : 0.000000,
        "250" : 0.000000,
        "500" : 0.000000,
        "750" : 0.000000,
        "1000" : 0.000000
      },
      "latency_us" : {
        "2" : 0.000000,
        "4" : 0.000000,
        "10" : 0.000000,
        "20" : 0.000000,
        "50" : 0.010681,
        "100" : 65.627289,
        "250" : 33.081818,
        "500" : 1.275635,
        "750" : 0.010000,
        "1000" : 0.000000
      },
      "latency_ms" : {
        "2" : 0.000000,
        "4" : 0.000000,
        "10" : 0.000000,
        "20" : 0.000000,
        "50" : 0.000000,
        "100" : 0.000000,
        "250" : 0.000000,
        "500" : 0.000000,
        "750" : 0.000000,
        "1000" : 0.000000,
        "2000" : 0.000000,
        ">=2000" : 0.000000
      },
      "latency_depth" : 1,
      "latency_target" : 0,
      "latency_percentile" : 100.000000,
      "latency_window" : 0
    }
  ],
  "disk_util" : [
    {
      "name" : "vdb",
      "read_ios" : 0,
      "write_ios" : 275641,
      "read_merges" : 0,
      "write_merges" : 5,
      "read_ticks" : 0,
      "write_ticks" : 26809,
      "in_queue" : 28355,
      "util" : 87.598451
    }
  ]
}
