{
  "fio version" : "fio-3.33",
  "timestamp" : 1741602183,
  "timestamp_ms" : 1741602183197,
  "time" : "Mon Mar 10 15:53:03 2025",
  "global options" : {
    "directory" : "/disk2/fio_test"
  },
  "jobs" : [
    {
      "jobname" : "mysql_random_read",
      "groupid" : 0,
      "error" : 0,
      "eta" : 0,
      "elapsed" : 61,
      "job options" : {
        "name" : "mysql_random_read",
        "rw" : "randread",
        "ioengine" : "libaio",
        "direct" : "1",
        "bs" : "16k",
        "size" : "1G",
        "iodepth" : "64",
        "numjobs" : "4",
        "runtime" : "60"
      },
      "read" : {
        "io_bytes" : 63432048640,
        "io_kbytes" : 61945360,
        "bw_bytes" : 1057112717,
        "bw" : 1032336,
        "iops" : 64521.039913,
        "runtime" : 60005,
        "total_ios" : 3871585,
        "short_ios" : 0,
        "drop_ios" : 0,
        "slat_ns" : {
          "min" : 1886,
          "max" : 365242,
          "mean" : 6121.199295,
          "stddev" : 6739.120665,
          "N" : 3871585
        },
        "clat_ns" : {
          "min" : 63452,
          "max" : 13955152,
          "mean" : 3960466.120233,
          "stddev" : 1849275.678819,
          "N" : 3871585,
          "percentile" : {
            "1.000000" : 528384,
            "5.000000" : 1138688,
            "10.000000" : 1679360,
            "20.000000" : 2408448,
            "30.000000" : 2899968,
            "40.000000" : 3260416,
            "50.000000" : 3653632,
            "60.000000" : 4145152,
            "70.000000" : 4882432,
            "80.000000" : 5734400,
            "90.000000" : 6520832,
            "95.000000" : 7176192,
            "99.000000" : 8585216,
            "99.500000" : 8978432,
            "99.900000" : 10027008,
            "99.950000" : 10420224,
            "99.990000" : 11206656
          }
        },
        "lat_ns" : {
          "min" : 66573,
          "max" : 13986022,
          "mean" : 3966587.319528,
          "stddev" : 1849338.536079,
          "N" : 3871585
        },
        "bw_min" : 918336,
        "bw_max" : 1121152,
        "bw_agg" : 100.000000,
        "bw_mean" : 1033564.890756,
        "bw_dev" : 10905.682025,
        "bw_samples" : 476,
        "iops_min" : 57396,
        "iops_max" : 70072,
        "iops_mean" : 64597.798319,
        "iops_stddev" : 681.605788,
        "iops_samples" : 476
      },
      "write" : {
        "io_bytes" : 0,
        "io_kbytes" : 0,
        "bw_bytes" : 0,
        "bw" : 0,
        "iops" : 0.000000,
        "runtime" : 0,
        "total_ios" : 0,
        "short_ios" : 0,
        "drop_ios" : 0,
        "slat_ns" : {
          "min" : 0,
          "max" : 0,
          "mean" : 0.000000,
          "stddev" : 0.000000,
          "N" : 0
        },
        "clat_ns" : {
          "min" : 0,
          "max" : 0,
          "mean" : 0.000000,
          "stddev" : 0.000000,
          "N" : 0
        },
        "lat_ns" : {
          "min" : 0,
          "max" : 0,
          "mean" : 0.000000,
          "stddev" : 0.000000,
          "N" : 0
        },
        "bw_min" : 0,
        "bw_max" : 0,
        "bw_agg" : 0.000000,
        "bw_mean" : 0.000000,
        "bw_dev" : 0.000000,
        "bw_samples" : 0,
        "iops_min" : 0,
        "iops_max" : 0,
        "iops_mean" : 0.000000,
        "iops_stddev" : 0.000000,
        "iops_samples" : 0
      },
      "trim" : {
        "io_bytes" : 0,
        "io_kbytes" : 0,
        "bw_bytes" : 0,
        "bw" : 0,
        "iops" : 0.000000,
        "runtime" : 0,
        "total_ios" : 0,
        "short_ios" : 0,
        "drop_ios" : 0,
        "slat_ns" : {
          "min" : 0,
          "max" : 0,
          "mean" : 0.000000,
          "stddev" : 0.000000,
          "N" : 0
        },
        "clat_ns" : {
          "min" : 0,
          "max" : 0,
          "mean" : 0.000000,
          "stddev" : 0.000000,
          "N" : 0
        },
        "lat_ns" : {
          "min" : 0,
          "max" : 0,
          "mean" : 0.000000,
          "stddev" : 0.000000,
          "N" : 0
        },
        "bw_min" : 0,
        "bw_max" : 0,
        "bw_agg" : 0.000000,
        "bw_mean" : 0.000000,
        "bw_dev" : 0.000000,
        "bw_samples" : 0,
        "iops_min" : 0,
        "iops_max" : 0,
        "iops_mean" : 0.000000,
        "iops_stddev" : 0.000000,
        "iops_samples" : 0
      },
      "sync" : {
        "total_ios" : 0,
        "lat_ns" : {
          "min" : 0,
          "max" : 0,
          "mean" : 0.000000,
          "stddev" : 0.000000,
          "N" : 0
        }
      },
      "job_runtime" : 240014,
      "usr_cpu" : 5.683418,
      "sys_cpu" : 17.350238,
      "ctx" : 2048587,
      "majf" : 0,
      "minf" : 1076,
      "iodepth_level" : {
        "1" : 0.100000,
        "2" : 0.100000,
        "4" : 0.100000,
        "8" : 0.100000,
        "16" : 0.100000,
        "32" : 0.100000,
        ">=64" : 99.993491
      },
      "iodepth_submit" : {
        "0" : 0.000000,
        "4" : 100.000000,
        "8" : 0.000000,
        "16" : 0.000000,
        "32" : 0.000000,
        "64" : 0.000000,
        ">=64" : 0.000000
      },
      "iodepth_complete" : {
        "0" : 0.000000,
        "4" : 99.999897,
        "8" : 0.000000,
        "16" : 0.000000,
        "32" : 0.000000,
        "64" : 0.100000,
        ">=64" : 0.000000
      },
      "latency_ns" : {
        "2" : 0.000000,
        "4" : 0.000000,
        "10" : 0.000000,
        "20" : 0.000000,
        "50" : 0.000000,
        "100" : 0.000000,
        "250" : 0.000000,
        "500" : 0.000000,
        "750" : 0.000000,
        "1000" : 0.000000
      },
      "latency_us" : {
        "2" : 0.000000,
        "4" : 0.000000,
        "10" : 0.000000,
        "20" : 0.000000,
        "50" : 0.000000,
        "100" : 0.010000,
        "250" : 0.085004,
        "500" : 0.782264,
        "750" : 1.309102,
        "1000" : 1.769353
      },
      "latency_ms" : {
        "2" : 9.847259,
        "4" : 43.581246,
        "10" : 42.518710,
        "20" : 0.104608,
        "50" : 0.000000,
        "100" : 0.000000,
        "250" : 0.000000,
        "500" : 0.000000,
        "750" : 0.000000,
        "1000" : 0.000000,
        "2000" : 0.000000,
        ">=2000" : 0.000000
      },
      "latency_depth" : 64,
      "latency_target" : 0,
      "latency_percentile" : 100.000000,
      "latency_window" : 0
    }
  ],
  "disk_util" : [
    {
      "name" : "vdc",
      "read_ios" : 3860043,
      "write_ios" : 9,
      "read_merges" : 0,
      "write_merges" : 29,
      "read_ticks" : 15205164,
      "write_ticks" : 22,
      "in_queue" : 15205186,
      "util" : 71.907109
    }
  ]
}
