{
  "fio version" : "fio-3.33",
  "timestamp" : 1741602537,
  "timestamp_ms" : 1741602537102,
  "time" : "Mon Mar 10 15:58:57 2025",
  "global options" : {
    "directory" : "/disk2/fio_test"
  },
  "jobs" : [
    {
      "jobname" : "mysql_write_heavy_oltp",
      "groupid" : 0,
      "error" : 0,
      "eta" : 0,
      "elapsed" : 61,
      "job options" : {
        "name" : "mysql_write_heavy_oltp",
        "rw" : "randrw",
        "rwmixread" : "30",
        "ioengine" : "libaio",
        "direct" : "1",
        "bs" : "8k",
        "size" : "1G",
        "iodepth" : "32",
        "numjobs" : "4",
        "runtime" : "60"
      },
      "read" : {
        "io_bytes" : 9628712960,
        "io_kbytes" : 9403040,
        "bw_bytes" : 160473200,
        "bw" : 156712,
        "iops" : 19589.013700,
        "runtime" : 60002,
        "total_ios" : 1175380,
        "short_ios" : 0,
        "drop_ios" : 0,
        "slat_ns" : {
          "min" : 1761,
          "max" : 939031,
          "mean" : 6656.720817,
          "stddev" : 9295.136834,
          "N" : 1175380
        },
        "clat_ns" : {
          "min" : 103709,
          "max" : 5836811,
          "mean" : 1245140.805468,
          "stddev" : 701960.162966,
          "N" : 1175380,
          "percentile" : {
            "1.000000" : 284672,
            "5.000000" : 411648,
            "10.000000" : 493568,
            "20.000000" : 643072,
            "30.000000" : 798720,
            "40.000000" : 937984,
            "50.000000" : 1089536,
            "60.000000" : 1269760,
            "70.000000" : 1466368,
            "80.000000" : 1744896,
            "90.000000" : 2211840,
            "95.000000" : 2670592,
            "99.000000" : 3457024,
            "99.500000" : 3686400,
            "99.900000" : 4046848,
            "99.950000" : 4177920,
            "99.990000" : 4489216
          }
        },
        "lat_ns" : {
          "min" : 109848,
          "max" : 5839418,
          "mean" : 1251797.526285,
          "stddev" : 702089.111474,
          "N" : 1175380
        },
        "bw_min" : 146048,
        "bw_max" : 169616,
        "bw_agg" : 100.000000,
        "bw_mean" : 156917.277311,
        "bw_dev" : 1176.609634,
        "bw_samples" : 476,
        "iops_min" : 18256,
        "iops_max" : 21202,
        "iops_mean" : 19614.655462,
        "iops_stddev" : 147.077527,
        "iops_samples" : 476
      },
      "write" : {
        "io_bytes" : 22479757312,
        "io_kbytes" : 21952888,
        "bw_bytes" : 374650133,
        "bw" : 365869,
        "iops" : 45733.658878,
        "runtime" : 60002,
        "total_ios" : 2744111,
        "short_ios" : 0,
        "drop_ios" : 0,
        "slat_ns" : {
          "min" : 1934,
          "max" : 698609,
          "mean" : 6728.162435,
          "stddev" : 9423.648353,
          "N" : 2744111
        },
        "clat_ns" : {
          "min" : 44745,
          "max" : 17264541,
          "mean" : 2253797.971756,
          "stddev" : 1709121.892180,
          "N" : 2744111,
          "percentile" : {
            "1.000000" : 144384,
            "5.000000" : 305152,
            "10.000000" : 407552,
            "20.000000" : 544768,
            "30.000000" : 757760,
            "40.000000" : 1269760,
            "50.000000" : 2244608,
            "60.000000" : 2899968,
            "70.000000" : 3325952,
            "80.000000" : 3719168,
            "90.000000" : 4112384,
            "95.000000" : 4489216,
            "99.000000" : 6586368,
            "99.500000" : 9371648,
            "99.900000" : 13565952,
            "99.950000" : 14352384,
            "99.990000" : 15794176
          }
        },
        "lat_ns" : {
          "min" : 49327,
          "max" : 17270911,
          "mean" : 2260526.134191,
          "stddev" : 1709329.954366,
          "N" : 2744111
        },
        "bw_min" : 346384,
        "bw_max" : 388672,
        "bw_agg" : 100.000000,
        "bw_mean" : 366337.848739,
        "bw_dev" : 2185.092764,
        "bw_samples" : 476,
        "iops_min" : 43298,
        "iops_max" : 48584,
        "iops_mean" : 45792.226891,
        "iops_stddev" : 273.137331,
        "iops_samples" : 476
      },
      "trim" : {
        "io_bytes" : 0,
        "io_kbytes" : 0,
        "bw_bytes" : 0,
        "bw" : 0,
        "iops" : 0.000000,
        "runtime" : 0,
        "total_ios" : 0,
        "short_ios" : 0,
        "drop_ios" : 0,
        "slat_ns" : {
          "min" : 0,
          "max" : 0,
          "mean" : 0.000000,
          "stddev" : 0.000000,
          "N" : 0
        },
        "clat_ns" : {
          "min" : 0,
          "max" : 0,
          "mean" : 0.000000,
          "stddev" : 0.000000,
          "N" : 0
        },
        "lat_ns" : {
          "min" : 0,
          "max" : 0,
          "mean" : 0.000000,
          "stddev" : 0.000000,
          "N" : 0
        },
        "bw_min" : 0,
        "bw_max" : 0,
        "bw_agg" : 0.000000,
        "bw_mean" : 0.000000,
        "bw_dev" : 0.000000,
        "bw_samples" : 0,
        "iops_min" : 0,
        "iops_max" : 0,
        "iops_mean" : 0.000000,
        "iops_stddev" : 0.000000,
        "iops_samples" : 0
      },
      "sync" : {
        "total_ios" : 0,
        "lat_ns" : {
          "min" : 0,
          "max" : 0,
          "mean" : 0.000000,
          "stddev" : 0.000000,
          "N" : 0
        }
      },
      "job_runtime" : 240003,
      "usr_cpu" : 5.054520,
      "sys_cpu" : 14.090241,
      "ctx" : 820539,
      "majf" : 0,
      "minf" : 50,
      "iodepth_level" : {
        "1" : 0.100000,
        "2" : 0.100000,
        "4" : 0.100000,
        "8" : 0.100000,
        "16" : 0.100000,
        "32" : 99.996836,
        ">=64" : 0.000000
      },
      "iodepth_submit" : {
        "0" : 0.000000,
        "4" : 100.000000,
        "8" : 0.000000,
        "16" : 0.000000,
        "32" : 0.000000,
        "64" : 0.000000,
        ">=64" : 0.000000
      },
      "iodepth_complete" : {
        "0" : 0.000000,
        "4" : 99.999898,
        "8" : 0.000000,
        "16" : 0.000000,
        "32" : 0.100000,
        "64" : 0.000000,
        ">=64" : 0.000000
      },
      "latency_ns" : {
        "2" : 0.000000,
        "4" : 0.000000,
        "10" : 0.000000,
        "20" : 0.000000,
        "50" : 0.000000,
        "100" : 0.000000,
        "250" : 0.000000,
        "500" : 0.000000,
        "750" : 0.000000,
        "1000" : 0.000000
      },
      "latency_us" : {
        "2" : 0.000000,
        "4" : 0.000000,
        "10" : 0.000000,
        "20" : 0.000000,
        "50" : 0.010000,
        "100" : 0.156296,
        "250" : 2.530584,
        "500" : 12.214545,
        "750" : 13.958930,
        "1000" : 9.758589
      },
      "latency_ms" : {
        "2" : 20.361343,
        "4" : 32.161191,
        "10" : 8.537665,
        "20" : 0.320424,
        "50" : 0.000000,
        "100" : 0.000000,
        "250" : 0.000000,
        "500" : 0.000000,
        "750" : 0.000000,
        "1000" : 0.000000,
        "2000" : 0.000000,
        ">=2000" : 0.000000
      },
      "latency_depth" : 32,
      "latency_target" : 0,
      "latency_percentile" : 100.000000,
      "latency_window" : 0
    }
  ],
  "disk_util" : [
    {
      "name" : "vdc",
      "read_ios" : 1174711,
      "write_ios" : 2742439,
      "read_merges" : 0,
      "write_merges" : 31,
      "read_ticks" : 1378126,
      "write_ticks" : 5836353,
      "in_queue" : 7214478,
      "util" : 61.200547
    }
  ]
}
