{
  "fio version" : "fio-3.33",
  "timestamp" : 1741601935,
  "timestamp_ms" : 1741601935356,
  "time" : "Mon Mar 10 15:48:55 2025",
  "global options" : {
    "directory" : "/disk1/fio_test"
  },
  "jobs" : [
    {
      "jobname" : "mysql_index_scan",
      "groupid" : 0,
      "error" : 0,
      "eta" : 0,
      "elapsed" : 61,
      "job options" : {
        "name" : "mysql_index_scan",
        "rw" : "randread",
        "ioengine" : "libaio",
        "direct" : "1",
        "bs" : "4k",
        "size" : "1G",
        "iodepth" : "32",
        "numjobs" : "4",
        "runtime" : "60"
      },
      "read" : {
        "io_bytes" : 67652575232,
        "io_kbytes" : 66066968,
        "bw_bytes" : 1127524128,
        "bw" : 1101097,
        "iops" : 275274.445426,
        "runtime" : 60001,
        "total_ios" : 16516742,
        "short_ios" : 0,
        "drop_ios" : 0,
        "slat_ns" : {
          "min" : 1595,
          "max" : 637619,
          "mean" : 2551.668135,
          "stddev" : 2549.624245,
          "N" : 16516742
        },
        "clat_ns" : {
          "min" : 60130,
          "max" : 1960232,
          "mean" : 461917.833887,
          "stddev" : 163752.307125,
          "N" : 16516742,
          "percentile" : {
            "1.000000" : 171008,
            "5.000000" : 230400,
            "10.000000" : 268288,
            "20.000000" : 325632,
            "30.000000" : 370688,
            "40.000000" : 403456,
            "50.000000" : 440320,
            "60.000000" : 477184,
            "70.000000" : 518144,
            "80.000000" : 585728,
            "90.000000" : 692224,
            "95.000000" : 774144,
            "99.000000" : 913408,
            "99.500000" : 970752,
            "99.900000" : 1089536,
            "99.950000" : 1138688,
            "99.990000" : 1236992
          }
        },
        "lat_ns" : {
          "min" : 61876,
          "max" : 1990057,
          "mean" : 464469.502023,
          "stddev" : 164030.144287,
          "N" : 16516742
        },
        "bw_min" : 697520,
        "bw_max" : 1396592,
        "bw_agg" : 100.000000,
        "bw_mean" : 1104733.445378,
        "bw_dev" : 57569.166845,
        "bw_samples" : 476,
        "iops_min" : 174380,
        "iops_max" : 349148,
        "iops_mean" : 276183.361345,
        "iops_stddev" : 14392.286479,
        "iops_samples" : 476
      },
      "write" : {
        "io_bytes" : 0,
        "io_kbytes" : 0,
        "bw_bytes" : 0,
        "bw" : 0,
        "iops" : 0.000000,
        "runtime" : 0,
        "total_ios" : 0,
        "short_ios" : 0,
        "drop_ios" : 0,
        "slat_ns" : {
          "min" : 0,
          "max" : 0,
          "mean" : 0.000000,
          "stddev" : 0.000000,
          "N" : 0
        },
        "clat_ns" : {
          "min" : 0,
          "max" : 0,
          "mean" : 0.000000,
          "stddev" : 0.000000,
          "N" : 0
        },
        "lat_ns" : {
          "min" : 0,
          "max" : 0,
          "mean" : 0.000000,
          "stddev" : 0.000000,
          "N" : 0
        },
        "bw_min" : 0,
        "bw_max" : 0,
        "bw_agg" : 0.000000,
        "bw_mean" : 0.000000,
        "bw_dev" : 0.000000,
        "bw_samples" : 0,
        "iops_min" : 0,
        "iops_max" : 0,
        "iops_mean" : 0.000000,
        "iops_stddev" : 0.000000,
        "iops_samples" : 0
      },
      "trim" : {
        "io_bytes" : 0,
        "io_kbytes" : 0,
        "bw_bytes" : 0,
        "bw" : 0,
        "iops" : 0.000000,
        "runtime" : 0,
        "total_ios" : 0,
        "short_ios" : 0,
        "drop_ios" : 0,
        "slat_ns" : {
          "min" : 0,
          "max" : 0,
          "mean" : 0.000000,
          "stddev" : 0.000000,
          "N" : 0
        },
        "clat_ns" : {
          "min" : 0,
          "max" : 0,
          "mean" : 0.000000,
          "stddev" : 0.000000,
          "N" : 0
        },
        "lat_ns" : {
          "min" : 0,
          "max" : 0,
          "mean" : 0.000000,
          "stddev" : 0.000000,
          "N" : 0
        },
        "bw_min" : 0,
        "bw_max" : 0,
        "bw_agg" : 0.000000,
        "bw_mean" : 0.000000,
        "bw_dev" : 0.000000,
        "bw_samples" : 0,
        "iops_min" : 0,
        "iops_max" : 0,
        "iops_mean" : 0.000000,
        "iops_stddev" : 0.000000,
        "iops_samples" : 0
      },
      "sync" : {
        "total_ios" : 0,
        "lat_ns" : {
          "min" : 0,
          "max" : 0,
          "mean" : 0.000000,
          "stddev" : 0.000000,
          "N" : 0
        }
      },
      "job_runtime" : 240000,
      "usr_cpu" : 10.368333,
      "sys_cpu" : 24.795417,
      "ctx" : 1270560,
      "majf" : 0,
      "minf" : 172,
      "iodepth_level" : {
        "1" : 0.100000,
        "2" : 0.100000,
        "4" : 0.100000,
        "8" : 0.100000,
        "16" : 0.100000,
        "32" : 99.999249,
        ">=64" : 0.000000
      },
      "iodepth_submit" : {
        "0" : 0.000000,
        "4" : 100.000000,
        "8" : 0.000000,
        "16" : 0.000000,
        "32" : 0.000000,
        "64" : 0.000000,
        ">=64" : 0.000000
      },
      "iodepth_complete" : {
        "0" : 0.000000,
        "4" : 99.999976,
        "8" : 0.000000,
        "16" : 0.000000,
        "32" : 0.100000,
        "64" : 0.000000,
        ">=64" : 0.000000
      },
      "latency_ns" : {
        "2" : 0.000000,
        "4" : 0.000000,
        "10" : 0.000000,
        "20" : 0.000000,
        "50" : 0.000000,
        "100" : 0.000000,
        "250" : 0.000000,
        "500" : 0.000000,
        "750" : 0.000000,
        "1000" : 0.000000
      },
      "latency_us" : {
        "2" : 0.000000,
        "4" : 0.000000,
        "10" : 0.000000,
        "20" : 0.000000,
        "50" : 0.000000,
        "100" : 0.010000,
        "250" : 7.328806,
        "500" : 58.455699,
        "750" : 28.207022,
        "1000" : 5.649879
      },
      "latency_ms" : {
        "2" : 0.354138,
        "4" : 0.000000,
        "10" : 0.000000,
        "20" : 0.000000,
        "50" : 0.000000,
        "100" : 0.000000,
        "250" : 0.000000,
        "500" : 0.000000,
        "750" : 0.000000,
        "1000" : 0.000000,
        "2000" : 0.000000,
        ">=2000" : 0.000000
      },
      "latency_depth" : 32,
      "latency_target" : 0,
      "latency_percentile" : 100.000000,
      "latency_window" : 0
    }
  ],
  "disk_util" : [
    {
      "name" : "vdb",
      "read_ios" : 16505258,
      "write_ios" : 8,
      "read_merges" : 0,
      "write_merges" : 31,
      "read_ticks" : 6727065,
      "write_ticks" : 3,
      "in_queue" : 6727068,
      "util" : 40.944777
    }
  ]
}
