{
  "fio version" : "fio-3.33",
  "timestamp" : 1741602565,
  "timestamp_ms" : 1741602565255,
  "time" : "Mon Mar 10 15:59:25 2025",
  "global options" : {
    "directory" : "/disk2/fio_test"
  },
  "jobs" : [
    {
      "jobname" : "mysql_binlog_writes",
      "groupid" : 0,
      "error" : 0,
      "eta" : 0,
      "elapsed" : 28,
      "job options" : {
        "name" : "mysql_binlog_writes",
        "rw" : "write",
        "ioengine" : "libaio",
        "direct" : "1",
        "bs" : "4k",
        "size" : "512M",
        "iodepth" : "1",
        "numjobs" : "1",
        "fsync" : "1"
      },
      "read" : {
        "io_bytes" : 0,
        "io_kbytes" : 0,
        "bw_bytes" : 0,
        "bw" : 0,
        "iops" : 0.000000,
        "runtime" : 0,
        "total_ios" : 0,
        "short_ios" : 0,
        "drop_ios" : 0,
        "slat_ns" : {
          "min" : 0,
          "max" : 0,
          "mean" : 0.000000,
          "stddev" : 0.000000,
          "N" : 0
        },
        "clat_ns" : {
          "min" : 0,
          "max" : 0,
          "mean" : 0.000000,
          "stddev" : 0.000000,
          "N" : 0
        },
        "lat_ns" : {
          "min" : 0,
          "max" : 0,
          "mean" : 0.000000,
          "stddev" : 0.000000,
          "N" : 0
        },
        "bw_min" : 0,
        "bw_max" : 0,
        "bw_agg" : 0.000000,
        "bw_mean" : 0.000000,
        "bw_dev" : 0.000000,
        "bw_samples" : 0,
        "iops_min" : 0,
        "iops_max" : 0,
        "iops_mean" : 0.000000,
        "iops_stddev" : 0.000000,
        "iops_samples" : 0
      },
      "write" : {
        "io_bytes" : 536870912,
        "io_kbytes" : 524288,
        "bw_bytes" : 19392122,
        "bw" : 18937,
        "iops" : 4734.404912,
        "runtime" : 27685,
        "total_ios" : 131072,
        "short_ios" : 0,
        "drop_ios" : 0,
        "slat_ns" : {
          "min" : 5168,
          "max" : 69251,
          "mean" : 6338.773506,
          "stddev" : 3165.220381,
          "N" : 131072
        },
        "clat_ns" : {
          "min" : 53733,
          "max" : 1009326,
          "mean" : 92978.527977,
          "stddev" : 25806.457332,
          "N" : 131072,
          "percentile" : {
            "1.000000" : 85504,
            "5.000000" : 86528,
            "10.000000" : 86528,
            "20.000000" : 86528,
            "30.000000" : 87552,
            "40.000000" : 87552,
            "50.000000" : 88576,
            "60.000000" : 89600,
            "70.000000" : 89600,
            "80.000000" : 91648,
            "90.000000" : 97792,
            "95.000000" : 103936,
            "99.000000" : 207872,
            "99.500000" : 272384,
            "99.900000" : 436224,
            "99.950000" : 501760,
            "99.990000" : 733184
          }
        },
        "lat_ns" : {
          "min" : 61389,
          "max" : 1016255,
          "mean" : 99317.301483,
          "stddev" : 27941.553103,
          "N" : 131072
        },
        "bw_min" : 9824,
        "bw_max" : 20256,
        "bw_agg" : 100.000000,
        "bw_mean" : 18957.290909,
        "bw_dev" : 1803.622473,
        "bw_samples" : 55,
        "iops_min" : 2456,
        "iops_max" : 5064,
        "iops_mean" : 4739.309091,
        "iops_stddev" : 450.910884,
        "iops_samples" : 55
      },
      "trim" : {
        "io_bytes" : 0,
        "io_kbytes" : 0,
        "bw_bytes" : 0,
        "bw" : 0,
        "iops" : 0.000000,
        "runtime" : 0,
        "total_ios" : 0,
        "short_ios" : 0,
        "drop_ios" : 0,
        "slat_ns" : {
          "min" : 0,
          "max" : 0,
          "mean" : 0.000000,
          "stddev" : 0.000000,
          "N" : 0
        },
        "clat_ns" : {
          "min" : 0,
          "max" : 0,
          "mean" : 0.000000,
          "stddev" : 0.000000,
          "N" : 0
        },
        "lat_ns" : {
          "min" : 0,
          "max" : 0,
          "mean" : 0.000000,
          "stddev" : 0.000000,
          "N" : 0
        },
        "bw_min" : 0,
        "bw_max" : 0,
        "bw_agg" : 0.000000,
        "bw_mean" : 0.000000,
        "bw_dev" : 0.000000,
        "bw_samples" : 0,
        "iops_min" : 0,
        "iops_max" : 0,
        "iops_mean" : 0.000000,
        "iops_stddev" : 0.000000,
        "iops_samples" : 0
      },
      "sync" : {
        "total_ios" : 131071,
        "lat_ns" : {
          "min" : 142323,
          "max" : 2797331,
          "mean" : 204540.501949,
          "stddev" : 96437.762558,
          "N" : 131071,
          "percentile" : {
            "1.000000" : 175104,
            "5.000000" : 175104,
            "10.000000" : 175104,
            "20.000000" : 177152,
            "30.000000" : 177152,
            "40.000000" : 179200,
            "50.000000" : 181248,
            "60.000000" : 181248,
            "70.000000" : 183296,
            "80.000000" : 189440,
            "90.000000" : 207872,
            "95.000000" : 448512,
            "99.000000" : 522240,
            "99.500000" : 667648,
            "99.900000" : 1253376,
            "99.950000" : 1581056,
            "99.990000" : 2244608
          }
        }
      },
      "job_runtime" : 27684,
      "usr_cpu" : 1.744690,
      "sys_cpu" : 8.564514,
      "ctx" : 282910,
      "majf" : 0,
      "minf" : 12,
      "iodepth_level" : {
        "1" : 199.999237,
        "2" : 0.000000,
        "4" : 0.000000,
        "8" : 0.000000,
        "16" : 0.000000,
        "32" : 0.000000,
        ">=64" : 0.000000
      },
      "iodepth_submit" : {
        "0" : 0.000000,
        "4" : 100.000000,
        "8" : 0.000000,
        "16" : 0.000000,
        "32" : 0.000000,
        "64" : 0.000000,
        ">=64" : 0.000000
      },
      "iodepth_complete" : {
        "0" : 0.000000,
        "4" : 100.000000,
        "8" : 0.000000,
        "16" : 0.000000,
        "32" : 0.000000,
        "64" : 0.000000,
        ">=64" : 0.000000
      },
      "latency_ns" : {
        "2" : 0.000000,
        "4" : 0.000000,
        "10" : 0.000000,
        "20" : 0.000000,
        "50" : 0.000000,
        "100" : 0.000000,
        "250" : 0.000000,
        "500" : 0.000000,
        "750" : 0.000000,
        "1000" : 0.000000
      },
      "latency_us" : {
        "2" : 0.000000,
        "4" : 0.000000,
        "10" : 0.000000,
        "20" : 0.000000,
        "50" : 0.000000,
        "100" : 93.476868,
        "250" : 5.835724,
        "500" : 0.637054,
        "750" : 0.043488,
        "1000" : 0.010000
      },
      "latency_ms" : {
        "2" : 0.010000,
        "4" : 0.000000,
        "10" : 0.000000,
        "20" : 0.000000,
        "50" : 0.000000,
        "100" : 0.000000,
        "250" : 0.000000,
        "500" : 0.000000,
        "750" : 0.000000,
        "1000" : 0.000000,
        "2000" : 0.000000,
        ">=2000" : 0.000000
      },
      "latency_depth" : 1,
      "latency_target" : 0,
      "latency_percentile" : 100.000000,
      "latency_window" : 0
    }
  ],
  "disk_util" : [
    {
      "name" : "vdc",
      "read_ios" : 0,
      "write_ios" : 275500,
      "read_merges" : 0,
      "write_merges" : 4,
      "read_ticks" : 0,
      "write_ticks" : 24917,
      "in_queue" : 26250,
      "util" : 87.463010
    }
  ]
}
