{
  "fio version" : "fio-3.33",
  "timestamp" : 1741602399,
  "timestamp_ms" : 1741602399053,
  "time" : "Mon Mar 10 15:56:39 2025",
  "global options" : {
    "directory" : "/disk2/fio_test"
  },
  "jobs" : [
    {
      "jobname" : "mysql_index_scan",
      "groupid" : 0,
      "error" : 0,
      "eta" : 0,
      "elapsed" : 61,
      "job options" : {
        "name" : "mysql_index_scan",
        "rw" : "randread",
        "ioengine" : "libaio",
        "direct" : "1",
        "bs" : "4k",
        "size" : "1G",
        "iodepth" : "32",
        "numjobs" : "4",
        "runtime" : "60"
      },
      "read" : {
        "io_bytes" : 53061840896,
        "io_kbytes" : 51818204,
        "bw_bytes" : 884349275,
        "bw" : 863622,
        "iops" : 215905.584907,
        "runtime" : 60001,
        "total_ios" : 12954551,
        "short_ios" : 0,
        "drop_ios" : 0,
        "slat_ns" : {
          "min" : 915,
          "max" : 595730,
          "mean" : 2926.730783,
          "stddev" : 3473.179444,
          "N" : 12954551
        },
        "clat_ns" : {
          "min" : 47664,
          "max" : 3571583,
          "mean" : 589312.183467,
          "stddev" : 250873.578688,
          "N" : 12954551,
          "percentile" : {
            "1.000000" : 175104,
            "5.000000" : 232448,
            "10.000000" : 284672,
            "20.000000" : 374784,
            "30.000000" : 444416,
            "40.000000" : 505856,
            "50.000000" : 561152,
            "60.000000" : 626688,
            "70.000000" : 700416,
            "80.000000" : 782336,
            "90.000000" : 897024,
            "95.000000" : 1011712,
            "99.000000" : 1335296,
            "99.500000" : 1515520,
            "99.900000" : 1990656,
            "99.950000" : 2211840,
            "99.990000" : 2637824
          }
        },
        "lat_ns" : {
          "min" : 49318,
          "max" : 3576145,
          "mean" : 592238.914250,
          "stddev" : 251082.215283,
          "N" : 12954551
        },
        "bw_min" : 636946,
        "bw_max" : 1013240,
        "bw_agg" : 100.000000,
        "bw_mean" : 864637.621849,
        "bw_dev" : 24434.509382,
        "bw_samples" : 476,
        "iops_min" : 159236,
        "iops_max" : 253310,
        "iops_mean" : 216159.100840,
        "iops_stddev" : 6108.620280,
        "iops_samples" : 476
      },
      "write" : {
        "io_bytes" : 0,
        "io_kbytes" : 0,
        "bw_bytes" : 0,
        "bw" : 0,
        "iops" : 0.000000,
        "runtime" : 0,
        "total_ios" : 0,
        "short_ios" : 0,
        "drop_ios" : 0,
        "slat_ns" : {
          "min" : 0,
          "max" : 0,
          "mean" : 0.000000,
          "stddev" : 0.000000,
          "N" : 0
        },
        "clat_ns" : {
          "min" : 0,
          "max" : 0,
          "mean" : 0.000000,
          "stddev" : 0.000000,
          "N" : 0
        },
        "lat_ns" : {
          "min" : 0,
          "max" : 0,
          "mean" : 0.000000,
          "stddev" : 0.000000,
          "N" : 0
        },
        "bw_min" : 0,
        "bw_max" : 0,
        "bw_agg" : 0.000000,
        "bw_mean" : 0.000000,
        "bw_dev" : 0.000000,
        "bw_samples" : 0,
        "iops_min" : 0,
        "iops_max" : 0,
        "iops_mean" : 0.000000,
        "iops_stddev" : 0.000000,
        "iops_samples" : 0
      },
      "trim" : {
        "io_bytes" : 0,
        "io_kbytes" : 0,
        "bw_bytes" : 0,
        "bw" : 0,
        "iops" : 0.000000,
        "runtime" : 0,
        "total_ios" : 0,
        "short_ios" : 0,
        "drop_ios" : 0,
        "slat_ns" : {
          "min" : 0,
          "max" : 0,
          "mean" : 0.000000,
          "stddev" : 0.000000,
          "N" : 0
        },
        "clat_ns" : {
          "min" : 0,
          "max" : 0,
          "mean" : 0.000000,
          "stddev" : 0.000000,
          "N" : 0
        },
        "lat_ns" : {
          "min" : 0,
          "max" : 0,
          "mean" : 0.000000,
          "stddev" : 0.000000,
          "N" : 0
        },
        "bw_min" : 0,
        "bw_max" : 0,
        "bw_agg" : 0.000000,
        "bw_mean" : 0.000000,
        "bw_dev" : 0.000000,
        "bw_samples" : 0,
        "iops_min" : 0,
        "iops_max" : 0,
        "iops_mean" : 0.000000,
        "iops_stddev" : 0.000000,
        "iops_samples" : 0
      },
      "sync" : {
        "total_ios" : 0,
        "lat_ns" : {
          "min" : 0,
          "max" : 0,
          "mean" : 0.000000,
          "stddev" : 0.000000,
          "N" : 0
        }
      },
      "job_runtime" : 240000,
      "usr_cpu" : 9.970417,
      "sys_cpu" : 24.824583,
      "ctx" : 2168334,
      "majf" : 0,
      "minf" : 177,
      "iodepth_level" : {
        "1" : 0.100000,
        "2" : 0.100000,
        "4" : 0.100000,
        "8" : 0.100000,
        "16" : 0.100000,
        "32" : 99.999043,
        ">=64" : 0.000000
      },
      "iodepth_submit" : {
        "0" : 0.000000,
        "4" : 100.000000,
        "8" : 0.000000,
        "16" : 0.000000,
        "32" : 0.000000,
        "64" : 0.000000,
        ">=64" : 0.000000
      },
      "iodepth_complete" : {
        "0" : 0.000000,
        "4" : 99.999969,
        "8" : 0.000000,
        "16" : 0.000000,
        "32" : 0.100000,
        "64" : 0.000000,
        ">=64" : 0.000000
      },
      "latency_ns" : {
        "2" : 0.000000,
        "4" : 0.000000,
        "10" : 0.000000,
        "20" : 0.000000,
        "50" : 0.000000,
        "100" : 0.000000,
        "250" : 0.000000,
        "500" : 0.000000,
        "750" : 0.000000,
        "1000" : 0.000000
      },
      "latency_us" : {
        "2" : 0.000000,
        "4" : 0.000000,
        "10" : 0.000000,
        "20" : 0.000000,
        "50" : 0.010000,
        "100" : 0.010000,
        "250" : 6.288639,
        "500" : 32.717398,
        "750" : 37.549669,
        "1000" : 18.161610
      },
      "latency_ms" : {
        "2" : 5.184024,
        "4" : 0.095310,
        "10" : 0.000000,
        "20" : 0.000000,
        "50" : 0.000000,
        "100" : 0.000000,
        "250" : 0.000000,
        "500" : 0.000000,
        "750" : 0.000000,
        "1000" : 0.000000,
        "2000" : 0.000000,
        ">=2000" : 0.000000
      },
      "latency_depth" : 32,
      "latency_target" : 0,
      "latency_percentile" : 100.000000,
      "latency_window" : 0
    }
  ],
  "disk_util" : [
    {
      "name" : "vdc",
      "read_ios" : 12907627,
      "write_ios" : 8,
      "read_merges" : 0,
      "write_merges" : 31,
      "read_ticks" : 7124289,
      "write_ticks" : 5,
      "in_queue" : 7124294,
      "util" : 60.366384
    }
  ]
}
