{
  "fio version" : "fio-3.33",
  "timestamp" : 1741601671,
  "timestamp_ms" : 1741601671292,
  "time" : "Mon Mar 10 15:44:31 2025",
  "global options" : {
    "directory" : "/disk1/fio_test"
  },
  "jobs" : [
    {
      "jobname" : "mysql_innodb_log",
      "groupid" : 0,
      "error" : 0,
      "eta" : 0,
      "elapsed" : 17,
      "job options" : {
        "name" : "mysql_innodb_log",
        "rw" : "write",
        "ioengine" : "libaio",
        "direct" : "1",
        "bs" : "16k",
        "size" : "1G",
        "iodepth" : "4",
        "numjobs" : "1",
        "fsync" : "1"
      },
      "read" : {
        "io_bytes" : 0,
        "io_kbytes" : 0,
        "bw_bytes" : 0,
        "bw" : 0,
        "iops" : 0.000000,
        "runtime" : 0,
        "total_ios" : 0,
        "short_ios" : 0,
        "drop_ios" : 0,
        "slat_ns" : {
          "min" : 0,
          "max" : 0,
          "mean" : 0.000000,
          "stddev" : 0.000000,
          "N" : 0
        },
        "clat_ns" : {
          "min" : 0,
          "max" : 0,
          "mean" : 0.000000,
          "stddev" : 0.000000,
          "N" : 0
        },
        "lat_ns" : {
          "min" : 0,
          "max" : 0,
          "mean" : 0.000000,
          "stddev" : 0.000000,
          "N" : 0
        },
        "bw_min" : 0,
        "bw_max" : 0,
        "bw_agg" : 0.000000,
        "bw_mean" : 0.000000,
        "bw_dev" : 0.000000,
        "bw_samples" : 0,
        "iops_min" : 0,
        "iops_max" : 0,
        "iops_mean" : 0.000000,
        "iops_stddev" : 0.000000,
        "iops_samples" : 0
      },
      "write" : {
        "io_bytes" : 1073741824,
        "io_kbytes" : 1048576,
        "bw_bytes" : 64527753,
        "bw" : 63015,
        "iops" : 3938.461538,
        "runtime" : 16640,
        "total_ios" : 65536,
        "short_ios" : 0,
        "drop_ios" : 0,
        "slat_ns" : {
          "min" : 5459,
          "max" : 88337,
          "mean" : 21457.106689,
          "stddev" : 15692.974565,
          "N" : 65536
        },
        "clat_ns" : {
          "min" : 133638,
          "max" : 3583344,
          "mean" : 763801.151886,
          "stddev" : 575128.241623,
          "N" : 65536,
          "percentile" : {
            "1.000000" : 276480,
            "5.000000" : 301056,
            "10.000000" : 313344,
            "20.000000" : 337920,
            "30.000000" : 366592,
            "40.000000" : 403456,
            "50.000000" : 536576,
            "60.000000" : 692224,
            "70.000000" : 864256,
            "80.000000" : 1138688,
            "90.000000" : 1613824,
            "95.000000" : 2023424,
            "99.000000" : 2768896,
            "99.500000" : 2932736,
            "99.900000" : 3162112,
            "99.950000" : 3260416,
            "99.990000" : 3457024
          }
        },
        "lat_ns" : {
          "min" : 143988,
          "max" : 3622464,
          "mean" : 785258.258575,
          "stddev" : 583102.200326,
          "N" : 65536
        },
        "bw_min" : 36192,
        "bw_max" : 87424,
        "bw_agg" : 99.978761,
        "bw_mean" : 63002.181818,
        "bw_dev" : 12528.596294,
        "bw_samples" : 33,
        "iops_min" : 2262,
        "iops_max" : 5464,
        "iops_mean" : 3937.636364,
        "iops_stddev" : 783.037268,
        "iops_samples" : 33
      },
      "trim" : {
        "io_bytes" : 0,
        "io_kbytes" : 0,
        "bw_bytes" : 0,
        "bw" : 0,
        "iops" : 0.000000,
        "runtime" : 0,
        "total_ios" : 0,
        "short_ios" : 0,
        "drop_ios" : 0,
        "slat_ns" : {
          "min" : 0,
          "max" : 0,
          "mean" : 0.000000,
          "stddev" : 0.000000,
          "N" : 0
        },
        "clat_ns" : {
          "min" : 0,
          "max" : 0,
          "mean" : 0.000000,
          "stddev" : 0.000000,
          "N" : 0
        },
        "lat_ns" : {
          "min" : 0,
          "max" : 0,
          "mean" : 0.000000,
          "stddev" : 0.000000,
          "N" : 0
        },
        "bw_min" : 0,
        "bw_max" : 0,
        "bw_agg" : 0.000000,
        "bw_mean" : 0.000000,
        "bw_dev" : 0.000000,
        "bw_samples" : 0,
        "iops_min" : 0,
        "iops_max" : 0,
        "iops_mean" : 0.000000,
        "iops_stddev" : 0.000000,
        "iops_samples" : 0
      },
      "sync" : {
        "total_ios" : 65533,
        "lat_ns" : {
          "min" : 286455,
          "max" : 15931154717954,
          "mean" : 244093268.115543,
          "stddev" : 62232493650.844200,
          "N" : 65533,
          "percentile" : {
            "1.000000" : 362496,
            "5.000000" : 391168,
            "10.000000" : 411648,
            "20.000000" : 444416,
            "30.000000" : 485376,
            "40.000000" : 544768,
            "50.000000" : 716800,
            "60.000000" : 897024,
            "70.000000" : 1155072,
            "80.000000" : 1499136,
            "90.000000" : 2088960,
            "95.000000" : 2473984,
            "99.000000" : 3227648,
            "99.500000" : 3391488,
            "99.900000" : 3620864,
            "99.950000" : 3719168,
            "99.990000" : 3948544
          }
        }
      },
      "job_runtime" : 16639,
      "usr_cpu" : 5.408979,
      "sys_cpu" : 12.819280,
      "ctx" : 78022,
      "majf" : 0,
      "minf" : 13,
      "iodepth_level" : {
        "1" : 0.100000,
        "2" : 0.100000,
        "4" : 199.989319,
        "8" : 0.000000,
        "16" : 0.000000,
        "32" : 0.000000,
        ">=64" : 0.000000
      },
      "iodepth_submit" : {
        "0" : 0.000000,
        "4" : 100.000000,
        "8" : 0.000000,
        "16" : 0.000000,
        "32" : 0.000000,
        "64" : 0.000000,
        ">=64" : 0.000000
      },
      "iodepth_complete" : {
        "0" : 0.000000,
        "4" : 100.000000,
        "8" : 0.000000,
        "16" : 0.000000,
        "32" : 0.000000,
        "64" : 0.000000,
        ">=64" : 0.000000
      },
      "latency_ns" : {
        "2" : 0.000000,
        "4" : 0.000000,
        "10" : 0.000000,
        "20" : 0.000000,
        "50" : 0.000000,
        "100" : 0.000000,
        "250" : 0.000000,
        "500" : 0.000000,
        "750" : 0.000000,
        "1000" : 0.000000
      },
      "latency_us" : {
        "2" : 0.000000,
        "4" : 0.000000,
        "10" : 0.000000,
        "20" : 0.000000,
        "50" : 0.000000,
        "100" : 0.000000,
        "250" : 0.288391,
        "500" : 47.999573,
        "750" : 15.696716,
        "1000" : 12.037659
      },
      "latency_ms" : {
        "2" : 18.540955,
        "4" : 5.436707,
        "10" : 0.000000,
        "20" : 0.000000,
        "50" : 0.000000,
        "100" : 0.000000,
        "250" : 0.000000,
        "500" : 0.000000,
        "750" : 0.000000,
        "1000" : 0.000000,
        "2000" : 0.000000,
        ">=2000" : 0.000000
      },
      "latency_depth" : 4,
      "latency_target" : 0,
      "latency_percentile" : 100.000000,
      "latency_window" : 0
    }
  ],
  "disk_util" : [
    {
      "name" : "vdb",
      "read_ios" : 0,
      "write_ios" : 136886,
      "read_merges" : 0,
      "write_merges" : 8,
      "read_ticks" : 0,
      "write_ticks" : 20710,
      "in_queue" : 22095,
      "util" : 45.539507
    }
  ]
}
