{
  "fio version" : "fio-3.33",
  "timestamp" : 1741602064,
  "timestamp_ms" : 1741602064953,
  "time" : "Mon Mar 10 15:51:04 2025",
  "global options" : {
    "directory" : "/disk1/fio_test"
  },
  "jobs" : [
    {
      "jobname" : "mysql_write_heavy_oltp",
      "groupid" : 0,
      "error" : 0,
      "eta" : 0,
      "elapsed" : 61,
      "job options" : {
        "name" : "mysql_write_heavy_oltp",
        "rw" : "randrw",
        "rwmixread" : "30",
        "ioengine" : "libaio",
        "direct" : "1",
        "bs" : "8k",
        "size" : "1G",
        "iodepth" : "32",
        "numjobs" : "4",
        "runtime" : "60"
      },
      "read" : {
        "io_bytes" : 25715605504,
        "io_kbytes" : 25112896,
        "bw_bytes" : 428586281,
        "bw" : 418541,
        "iops" : 52317.661372,
        "runtime" : 60001,
        "total_ios" : 3139112,
        "short_ios" : 0,
        "drop_ios" : 0,
        "slat_ns" : {
          "min" : 1059,
          "max" : 268543,
          "mean" : 3594.285347,
          "stddev" : 4890.641215,
          "N" : 3139112
        },
        "clat_ns" : {
          "min" : 41673,
          "max" : 4502843,
          "mean" : 690214.884460,
          "stddev" : 257302.125269,
          "N" : 3139112,
          "percentile" : {
            "1.000000" : 166912,
            "5.000000" : 254976,
            "10.000000" : 337920,
            "20.000000" : 477184,
            "30.000000" : 561152,
            "40.000000" : 626688,
            "50.000000" : 692224,
            "60.000000" : 749568,
            "70.000000" : 815104,
            "80.000000" : 897024,
            "90.000000" : 1019904,
            "95.000000" : 1122304,
            "99.000000" : 1318912,
            "99.500000" : 1400832,
            "99.900000" : 1564672,
            "99.950000" : 1630208,
            "99.990000" : 1794048
          }
        },
        "lat_ns" : {
          "min" : 69083,
          "max" : 4508910,
          "mean" : 693809.169807,
          "stddev" : 257543.130001,
          "N" : 3139112
        },
        "bw_min" : 320464,
        "bw_max" : 539728,
        "bw_agg" : 100.000000,
        "bw_mean" : 419063.663866,
        "bw_dev" : 12221.229165,
        "bw_samples" : 476,
        "iops_min" : 40058,
        "iops_max" : 67466,
        "iops_mean" : 52382.974790,
        "iops_stddev" : 1527.656593,
        "iops_samples" : 476
      },
      "write" : {
        "io_bytes" : 60018319360,
        "io_kbytes" : 58611640,
        "bw_bytes" : 1000288651,
        "bw" : 976844,
        "iops" : 122105.548241,
        "runtime" : 60001,
        "total_ios" : 7326455,
        "short_ios" : 0,
        "drop_ios" : 0,
        "slat_ns" : {
          "min" : 1094,
          "max" : 535603,
          "mean" : 3775.550816,
          "stddev" : 4973.647763,
          "N" : 7326455
        },
        "clat_ns" : {
          "min" : 21073,
          "max" : 14218475,
          "mean" : 746081.310149,
          "stddev" : 337158.115339,
          "N" : 7326455,
          "percentile" : {
            "1.000000" : 90624,
            "5.000000" : 191488,
            "10.000000" : 317440,
            "20.000000" : 489472,
            "30.000000" : 585728,
            "40.000000" : 667648,
            "50.000000" : 741376,
            "60.000000" : 806912,
            "70.000000" : 880640,
            "80.000000" : 970752,
            "90.000000" : 1122304,
            "95.000000" : 1286144,
            "99.000000" : 1810432,
            "99.500000" : 1990656,
            "99.900000" : 2408448,
            "99.950000" : 2605056,
            "99.990000" : 3063808
          }
        },
        "lat_ns" : {
          "min" : 24393,
          "max" : 14248164,
          "mean" : 749856.860965,
          "stddev" : 337347.941012,
          "N" : 7326455
        },
        "bw_min" : 750864,
        "bw_max" : 1247648,
        "bw_agg" : 100.000000,
        "bw_mean" : 978163.899160,
        "bw_dev" : 28275.639653,
        "bw_samples" : 476,
        "iops_min" : 93858,
        "iops_max" : 155956,
        "iops_mean" : 122270.487395,
        "iops_stddev" : 3534.451995,
        "iops_samples" : 476
      },
      "trim" : {
        "io_bytes" : 0,
        "io_kbytes" : 0,
        "bw_bytes" : 0,
        "bw" : 0,
        "iops" : 0.000000,
        "runtime" : 0,
        "total_ios" : 0,
        "short_ios" : 0,
        "drop_ios" : 0,
        "slat_ns" : {
          "min" : 0,
          "max" : 0,
          "mean" : 0.000000,
          "stddev" : 0.000000,
          "N" : 0
        },
        "clat_ns" : {
          "min" : 0,
          "max" : 0,
          "mean" : 0.000000,
          "stddev" : 0.000000,
          "N" : 0
        },
        "lat_ns" : {
          "min" : 0,
          "max" : 0,
          "mean" : 0.000000,
          "stddev" : 0.000000,
          "N" : 0
        },
        "bw_min" : 0,
        "bw_max" : 0,
        "bw_agg" : 0.000000,
        "bw_mean" : 0.000000,
        "bw_dev" : 0.000000,
        "bw_samples" : 0,
        "iops_min" : 0,
        "iops_max" : 0,
        "iops_mean" : 0.000000,
        "iops_stddev" : 0.000000,
        "iops_samples" : 0
      },
      "sync" : {
        "total_ios" : 0,
        "lat_ns" : {
          "min" : 0,
          "max" : 0,
          "mean" : 0.000000,
          "stddev" : 0.000000,
          "N" : 0
        }
      },
      "job_runtime" : 240000,
      "usr_cpu" : 7.398333,
      "sys_cpu" : 18.482917,
      "ctx" : 999455,
      "majf" : 0,
      "minf" : 49,
      "iodepth_level" : {
        "1" : 0.100000,
        "2" : 0.100000,
        "4" : 0.100000,
        "8" : 0.100000,
        "16" : 0.100000,
        "32" : 99.998815,
        ">=64" : 0.000000
      },
      "iodepth_submit" : {
        "0" : 0.000000,
        "4" : 100.000000,
        "8" : 0.000000,
        "16" : 0.000000,
        "32" : 0.000000,
        "64" : 0.000000,
        ">=64" : 0.000000
      },
      "iodepth_complete" : {
        "0" : 0.000000,
        "4" : 99.999962,
        "8" : 0.000000,
        "16" : 0.000000,
        "32" : 0.100000,
        "64" : 0.000000,
        ">=64" : 0.000000
      },
      "latency_ns" : {
        "2" : 0.000000,
        "4" : 0.000000,
        "10" : 0.000000,
        "20" : 0.000000,
        "50" : 0.000000,
        "100" : 0.000000,
        "250" : 0.000000,
        "500" : 0.000000,
        "750" : 0.000000,
        "1000" : 0.000000
      },
      "latency_us" : {
        "2" : 0.000000,
        "4" : 0.000000,
        "10" : 0.000000,
        "20" : 0.000000,
        "50" : 0.076260,
        "100" : 0.835855,
        "250" : 5.655155,
        "500" : 14.682922,
        "750" : 32.781406,
        "1000" : 30.184222
      },
      "latency_ms" : {
        "2" : 15.441705,
        "4" : 0.341119,
        "10" : 0.010000,
        "20" : 0.010000,
        "50" : 0.000000,
        "100" : 0.000000,
        "250" : 0.000000,
        "500" : 0.000000,
        "750" : 0.000000,
        "1000" : 0.000000,
        "2000" : 0.000000,
        ">=2000" : 0.000000
      },
      "latency_depth" : 32,
      "latency_target" : 0,
      "latency_percentile" : 100.000000,
      "latency_window" : 0
    }
  ],
  "disk_util" : [
    {
      "name" : "vdb",
      "read_ios" : 3136007,
      "write_ios" : 7319539,
      "read_merges" : 0,
      "write_merges" : 31,
      "read_ticks" : 1846773,
      "write_ticks" : 4262894,
      "in_queue" : 6109668,
      "util" : 54.265995
    }
  ]
}
