{
  "fio version" : "fio-3.33",
  "timestamp" : 1741601863,
  "timestamp_ms" : 1741601863905,
  "time" : "Mon Mar 10 15:47:43 2025",
  "global options" : {
    "directory" : "/disk1/fio_test"
  },
  "jobs" : [
    {
      "jobname" : "mysql_mixed_workload",
      "groupid" : 0,
      "error" : 0,
      "eta" : 0,
      "elapsed" : 61,
      "job options" : {
        "name" : "mysql_mixed_workload",
        "rw" : "randrw",
        "rwmixread" : "70",
        "ioengine" : "libaio",
        "direct" : "1",
        "bs" : "16k",
        "size" : "1G",
        "iodepth" : "64",
        "numjobs" : "4",
        "runtime" : "60"
      },
      "read" : {
        "io_bytes" : 100287807488,
        "io_kbytes" : 97937312,
        "bw_bytes" : 1671379889,
        "bw" : 1632206,
        "iops" : 102012.932687,
        "runtime" : 60003,
        "total_ios" : 6121082,
        "short_ios" : 0,
        "drop_ios" : 0,
        "slat_ns" : {
          "min" : 1183,
          "max" : 285826,
          "mean" : 3998.001158,
          "stddev" : 4713.507267,
          "N" : 6121082
        },
        "clat_ns" : {
          "min" : 62089,
          "max" : 30441763,
          "mean" : 1378299.102953,
          "stddev" : 741303.287610,
          "N" : 6121082,
          "percentile" : {
            "1.000000" : 160768,
            "5.000000" : 230400,
            "10.000000" : 317440,
            "20.000000" : 700416,
            "30.000000" : 1036288,
            "40.000000" : 1204224,
            "50.000000" : 1318912,
            "60.000000" : 1466368,
            "70.000000" : 1695744,
            "80.000000" : 2023424,
            "90.000000" : 2506752,
            "95.000000" : 2637824,
            "99.000000" : 2965504,
            "99.500000" : 3096576,
            "99.900000" : 3522560,
            "99.950000" : 3784704,
            "99.990000" : 4554752
          }
        },
        "lat_ns" : {
          "min" : 84829,
          "max" : 30445788,
          "mean" : 1382297.104111,
          "stddev" : 741236.532119,
          "N" : 6121082
        },
        "bw_min" : 1029777,
        "bw_max" : 2221134,
        "bw_agg" : 100.000000,
        "bw_mean" : 1634024.033613,
        "bw_dev" : 63912.192316,
        "bw_samples" : 476,
        "iops_min" : 64361,
        "iops_max" : 138820,
        "iops_mean" : 102126.084034,
        "iops_stddev" : 3994.500845,
        "iops_samples" : 476
      },
      "write" : {
        "io_bytes" : 42995712000,
        "io_kbytes" : 41988000,
        "bw_bytes" : 716559372,
        "bw" : 699765,
        "iops" : 43735.313234,
        "runtime" : 60003,
        "total_ios" : 2624250,
        "short_ios" : 0,
        "drop_ios" : 0,
        "slat_ns" : {
          "min" : 1368,
          "max" : 630506,
          "mean" : 4597.646765,
          "stddev" : 4894.129527,
          "N" : 2624250
        },
        "clat_ns" : {
          "min" : 25098,
          "max" : 32393648,
          "mean" : 2621810.197518,
          "stddev" : 2482334.206115,
          "N" : 2624250,
          "percentile" : {
            "1.000000" : 77312,
            "5.000000" : 205824,
            "10.000000" : 749568,
            "20.000000" : 1155072,
            "30.000000" : 1318912,
            "40.000000" : 1482752,
            "50.000000" : 1744896,
            "60.000000" : 2179072,
            "70.000000" : 2572288,
            "80.000000" : 3227648,
            "90.000000" : 6258688,
            "95.000000" : 9240576,
            "99.000000" : 10944512,
            "99.500000" : 11468800,
            "99.900000" : 12255232,
            "99.950000" : 12648448,
            "99.990000" : 13434880
          }
        },
        "lat_ns" : {
          "min" : 29407,
          "max" : 32427059,
          "mean" : 2626407.844283,
          "stddev" : 2482358.503125,
          "N" : 2624250
        },
        "bw_min" : 442529,
        "bw_max" : 951221,
        "bw_agg" : 100.000000,
        "bw_mean" : 700438.647059,
        "bw_dev" : 27413.479060,
        "bw_samples" : 476,
        "iops_min" : 27658,
        "iops_max" : 59449,
        "iops_mean" : 43776.974790,
        "iops_stddev" : 1713.341341,
        "iops_samples" : 476
      },
      "trim" : {
        "io_bytes" : 0,
        "io_kbytes" : 0,
        "bw_bytes" : 0,
        "bw" : 0,
        "iops" : 0.000000,
        "runtime" : 0,
        "total_ios" : 0,
        "short_ios" : 0,
        "drop_ios" : 0,
        "slat_ns" : {
          "min" : 0,
          "max" : 0,
          "mean" : 0.000000,
          "stddev" : 0.000000,
          "N" : 0
        },
        "clat_ns" : {
          "min" : 0,
          "max" : 0,
          "mean" : 0.000000,
          "stddev" : 0.000000,
          "N" : 0
        },
        "lat_ns" : {
          "min" : 0,
          "max" : 0,
          "mean" : 0.000000,
          "stddev" : 0.000000,
          "N" : 0
        },
        "bw_min" : 0,
        "bw_max" : 0,
        "bw_agg" : 0.000000,
        "bw_mean" : 0.000000,
        "bw_dev" : 0.000000,
        "bw_samples" : 0,
        "iops_min" : 0,
        "iops_max" : 0,
        "iops_mean" : 0.000000,
        "iops_stddev" : 0.000000,
        "iops_samples" : 0
      },
      "sync" : {
        "total_ios" : 0,
        "lat_ns" : {
          "min" : 0,
          "max" : 0,
          "mean" : 0.000000,
          "stddev" : 0.000000,
          "N" : 0
        }
      },
      "job_runtime" : 240008,
      "usr_cpu" : 6.523116,
      "sys_cpu" : 18.202727,
      "ctx" : 983867,
      "majf" : 0,
      "minf" : 53,
      "iodepth_level" : {
        "1" : 0.100000,
        "2" : 0.100000,
        "4" : 0.100000,
        "8" : 0.100000,
        "16" : 0.100000,
        "32" : 0.100000,
        ">=64" : 99.997118
      },
      "iodepth_submit" : {
        "0" : 0.000000,
        "4" : 100.000000,
        "8" : 0.000000,
        "16" : 0.000000,
        "32" : 0.000000,
        "64" : 0.000000,
        ">=64" : 0.000000
      },
      "iodepth_complete" : {
        "0" : 0.000000,
        "4" : 99.999954,
        "8" : 0.000000,
        "16" : 0.000000,
        "32" : 0.000000,
        "64" : 0.100000,
        ">=64" : 0.000000
      },
      "latency_ns" : {
        "2" : 0.000000,
        "4" : 0.000000,
        "10" : 0.000000,
        "20" : 0.000000,
        "50" : 0.000000,
        "100" : 0.000000,
        "250" : 0.000000,
        "500" : 0.000000,
        "750" : 0.000000,
        "1000" : 0.000000
      },
      "latency_us" : {
        "2" : 0.000000,
        "4" : 0.000000,
        "10" : 0.000000,
        "20" : 0.000000,
        "50" : 0.046516,
        "100" : 0.562734,
        "250" : 5.441097,
        "500" : 7.248930,
        "750" : 4.511355,
        "1000" : 6.663040
      },
      "latency_ms" : {
        "2" : 48.082394,
        "4" : 22.606552,
        "10" : 3.900412,
        "20" : 0.936008,
        "50" : 0.010000,
        "100" : 0.000000,
        "250" : 0.000000,
        "500" : 0.000000,
        "750" : 0.000000,
        "1000" : 0.000000,
        "2000" : 0.000000,
        ">=2000" : 0.000000
      },
      "latency_depth" : 64,
      "latency_target" : 0,
      "latency_percentile" : 100.000000,
      "latency_window" : 0
    }
  ],
  "disk_util" : [
    {
      "name" : "vdb",
      "read_ios" : 6099354,
      "write_ios" : 2614607,
      "read_merges" : 0,
      "write_merges" : 30,
      "read_ticks" : 7616789,
      "write_ticks" : 6339758,
      "in_queue" : 13956548,
      "util" : 53.714878
    }
  ]
}
