{
  "fio version" : "fio-3.33",
  "timestamp" : 1741601797,
  "timestamp_ms" : 1741601797812,
  "time" : "Mon Mar 10 15:46:37 2025",
  "global options" : {
    "directory" : "/disk1/fio_test"
  },
  "jobs" : [
    {
      "jobname" : "mysql_random_write",
      "groupid" : 0,
      "error" : 0,
      "eta" : 0,
      "elapsed" : 61,
      "job options" : {
        "name" : "mysql_random_write",
        "rw" : "randwrite",
        "ioengine" : "libaio",
        "direct" : "1",
        "bs" : "16k",
        "size" : "1G",
        "iodepth" : "64",
        "numjobs" : "4",
        "runtime" : "60"
      },
      "read" : {
        "io_bytes" : 0,
        "io_kbytes" : 0,
        "bw_bytes" : 0,
        "bw" : 0,
        "iops" : 0.000000,
        "runtime" : 0,
        "total_ios" : 0,
        "short_ios" : 0,
        "drop_ios" : 0,
        "slat_ns" : {
          "min" : 0,
          "max" : 0,
          "mean" : 0.000000,
          "stddev" : 0.000000,
          "N" : 0
        },
        "clat_ns" : {
          "min" : 0,
          "max" : 0,
          "mean" : 0.000000,
          "stddev" : 0.000000,
          "N" : 0
        },
        "lat_ns" : {
          "min" : 0,
          "max" : 0,
          "mean" : 0.000000,
          "stddev" : 0.000000,
          "N" : 0
        },
        "bw_min" : 0,
        "bw_max" : 0,
        "bw_agg" : 0.000000,
        "bw_mean" : 0.000000,
        "bw_dev" : 0.000000,
        "bw_samples" : 0,
        "iops_min" : 0,
        "iops_max" : 0,
        "iops_mean" : 0.000000,
        "iops_stddev" : 0.000000,
        "iops_samples" : 0
      },
      "write" : {
        "io_bytes" : 122377256960,
        "io_kbytes" : 119509040,
        "bw_bytes" : 2039518973,
        "bw" : 1991717,
        "iops" : 124482.359215,
        "runtime" : 60003,
        "total_ios" : 7469315,
        "short_ios" : 0,
        "drop_ios" : 0,
        "slat_ns" : {
          "min" : 1666,
          "max" : 7709215,
          "mean" : 5326.696324,
          "stddev" : 7912.320436,
          "N" : 7469315
        },
        "clat_ns" : {
          "min" : 28290,
          "max" : 44340356,
          "mean" : 2050231.504112,
          "stddev" : 1405884.849488,
          "N" : 7469315,
          "percentile" : {
            "1.000000" : 132096,
            "5.000000" : 292864,
            "10.000000" : 432128,
            "20.000000" : 610304,
            "30.000000" : 872448,
            "40.000000" : 1269760,
            "50.000000" : 1908736,
            "60.000000" : 2539520,
            "70.000000" : 3063808,
            "80.000000" : 3457024,
            "90.000000" : 3883008,
            "95.000000" : 4177920,
            "99.000000" : 5013504,
            "99.500000" : 5406720,
            "99.900000" : 6193152,
            "99.950000" : 7372800,
            "99.990000" : 21102592
          }
        },
        "lat_ns" : {
          "min" : 33085,
          "max" : 44352108,
          "mean" : 2055558.200437,
          "stddev" : 1405959.537753,
          "N" : 7469315
        },
        "bw_min" : 1521152,
        "bw_max" : 2463104,
        "bw_agg" : 100.000000,
        "bw_mean" : 1993926.184874,
        "bw_dev" : 32243.025498,
        "bw_samples" : 476,
        "iops_min" : 95072,
        "iops_max" : 153944,
        "iops_mean" : 124620.386555,
        "iops_stddev" : 2015.189094,
        "iops_samples" : 476
      },
      "trim" : {
        "io_bytes" : 0,
        "io_kbytes" : 0,
        "bw_bytes" : 0,
        "bw" : 0,
        "iops" : 0.000000,
        "runtime" : 0,
        "total_ios" : 0,
        "short_ios" : 0,
        "drop_ios" : 0,
        "slat_ns" : {
          "min" : 0,
          "max" : 0,
          "mean" : 0.000000,
          "stddev" : 0.000000,
          "N" : 0
        },
        "clat_ns" : {
          "min" : 0,
          "max" : 0,
          "mean" : 0.000000,
          "stddev" : 0.000000,
          "N" : 0
        },
        "lat_ns" : {
          "min" : 0,
          "max" : 0,
          "mean" : 0.000000,
          "stddev" : 0.000000,
          "N" : 0
        },
        "bw_min" : 0,
        "bw_max" : 0,
        "bw_agg" : 0.000000,
        "bw_mean" : 0.000000,
        "bw_dev" : 0.000000,
        "bw_samples" : 0,
        "iops_min" : 0,
        "iops_max" : 0,
        "iops_mean" : 0.000000,
        "iops_stddev" : 0.000000,
        "iops_samples" : 0
      },
      "sync" : {
        "total_ios" : 0,
        "lat_ns" : {
          "min" : 0,
          "max" : 0,
          "mean" : 0.000000,
          "stddev" : 0.000000,
          "N" : 0
        }
      },
      "job_runtime" : 240005,
      "usr_cpu" : 6.196121,
      "sys_cpu" : 15.847170,
      "ctx" : 970569,
      "majf" : 0,
      "minf" : 41,
      "iodepth_level" : {
        "1" : 0.100000,
        "2" : 0.100000,
        "4" : 0.100000,
        "8" : 0.100000,
        "16" : 0.100000,
        "32" : 0.100000,
        ">=64" : 99.996626
      },
      "iodepth_submit" : {
        "0" : 0.000000,
        "4" : 100.000000,
        "8" : 0.000000,
        "16" : 0.000000,
        "32" : 0.000000,
        "64" : 0.000000,
        ">=64" : 0.000000
      },
      "iodepth_complete" : {
        "0" : 0.000000,
        "4" : 99.999946,
        "8" : 0.000000,
        "16" : 0.000000,
        "32" : 0.000000,
        "64" : 0.100000,
        ">=64" : 0.000000
      },
      "latency_ns" : {
        "2" : 0.000000,
        "4" : 0.000000,
        "10" : 0.000000,
        "20" : 0.000000,
        "50" : 0.000000,
        "100" : 0.000000,
        "250" : 0.000000,
        "500" : 0.000000,
        "750" : 0.000000,
        "1000" : 0.000000
      },
      "latency_us" : {
        "2" : 0.000000,
        "4" : 0.000000,
        "10" : 0.000000,
        "20" : 0.000000,
        "50" : 0.016749,
        "100" : 0.409127,
        "250" : 3.458336,
        "500" : 9.918058,
        "750" : 12.201681,
        "1000" : 7.569623
      },
      "latency_ms" : {
        "2" : 17.945903,
        "4" : 41.005059,
        "10" : 7.442972,
        "20" : 0.021381,
        "50" : 0.011112,
        "100" : 0.000000,
        "250" : 0.000000,
        "500" : 0.000000,
        "750" : 0.000000,
        "1000" : 0.000000,
        "2000" : 0.000000,
        ">=2000" : 0.000000
      },
      "latency_depth" : 64,
      "latency_target" : 0,
      "latency_percentile" : 100.000000,
      "latency_window" : 0
    }
  ],
  "disk_util" : [
    {
      "name" : "vdb",
      "read_ios" : 0,
      "write_ios" : 7455382,
      "read_merges" : 0,
      "write_merges" : 670,
      "read_ticks" : 0,
      "write_ticks" : 14471583,
      "in_queue" : 14471583,
      "util" : 59.601168
    }
  ]
}
