{
  "fio version" : "fio-3.33",
  "timestamp" : 1741602319,
  "timestamp_ms" : 1741602319899,
  "time" : "Mon Mar 10 15:55:19 2025",
  "global options" : {
    "directory" : "/disk2/fio_test"
  },
  "jobs" : [
    {
      "jobname" : "mysql_insert_workload",
      "groupid" : 0,
      "error" : 0,
      "eta" : 0,
      "elapsed" : 5,
      "job options" : {
        "name" : "mysql_insert_workload",
        "rw" : "write",
        "ioengine" : "libaio",
        "direct" : "1",
        "bs" : "128k",
        "size" : "1G",
        "iodepth" : "8",
        "numjobs" : "2",
        "fsync_on_close" : "1"
      },
      "read" : {
        "io_bytes" : 0,
        "io_kbytes" : 0,
        "bw_bytes" : 0,
        "bw" : 0,
        "iops" : 0.000000,
        "runtime" : 0,
        "total_ios" : 0,
        "short_ios" : 0,
        "drop_ios" : 0,
        "slat_ns" : {
          "min" : 0,
          "max" : 0,
          "mean" : 0.000000,
          "stddev" : 0.000000,
          "N" : 0
        },
        "clat_ns" : {
          "min" : 0,
          "max" : 0,
          "mean" : 0.000000,
          "stddev" : 0.000000,
          "N" : 0
        },
        "lat_ns" : {
          "min" : 0,
          "max" : 0,
          "mean" : 0.000000,
          "stddev" : 0.000000,
          "N" : 0
        },
        "bw_min" : 0,
        "bw_max" : 0,
        "bw_agg" : 0.000000,
        "bw_mean" : 0.000000,
        "bw_dev" : 0.000000,
        "bw_samples" : 0,
        "iops_min" : 0,
        "iops_max" : 0,
        "iops_mean" : 0.000000,
        "iops_stddev" : 0.000000,
        "iops_samples" : 0
      },
      "write" : {
        "io_bytes" : 2147483648,
        "io_kbytes" : 2097152,
        "bw_bytes" : 549369058,
        "bw" : 536493,
        "iops" : 4191.353287,
        "runtime" : 3909,
        "total_ios" : 16384,
        "short_ios" : 0,
        "drop_ios" : 0,
        "slat_ns" : {
          "min" : 8684,
          "max" : 105308,
          "mean" : 18762.578308,
          "stddev" : 13298.747604,
          "N" : 16384
        },
        "clat_ns" : {
          "min" : 695008,
          "max" : 12404939,
          "mean" : 3762765.028992,
          "stddev" : 947005.176522,
          "N" : 16384,
          "percentile" : {
            "1.000000" : 2441216,
            "5.000000" : 2637824,
            "10.000000" : 2703360,
            "20.000000" : 2834432,
            "30.000000" : 3260416,
            "40.000000" : 3719168,
            "50.000000" : 3915776,
            "60.000000" : 4014080,
            "70.000000" : 4177920,
            "80.000000" : 4292608,
            "90.000000" : 4489216,
            "95.000000" : 4816896,
            "99.000000" : 5668864,
            "99.500000" : 9764864,
            "99.900000" : 11993088,
            "99.950000" : 12255232,
            "99.990000" : 12386304
          }
        },
        "lat_ns" : {
          "min" : 723088,
          "max" : 12416713,
          "mean" : 3781527.607300,
          "stddev" : 946172.763483,
          "N" : 16384
        },
        "bw_min" : 533504,
        "bw_max" : 542464,
        "bw_agg" : 100.000000,
        "bw_mean" : 538477.714286,
        "bw_dev" : 1591.269367,
        "bw_samples" : 14,
        "iops_min" : 4168,
        "iops_max" : 4238,
        "iops_mean" : 4206.857143,
        "iops_stddev" : 12.431792,
        "iops_samples" : 14
      },
      "trim" : {
        "io_bytes" : 0,
        "io_kbytes" : 0,
        "bw_bytes" : 0,
        "bw" : 0,
        "iops" : 0.000000,
        "runtime" : 0,
        "total_ios" : 0,
        "short_ios" : 0,
        "drop_ios" : 0,
        "slat_ns" : {
          "min" : 0,
          "max" : 0,
          "mean" : 0.000000,
          "stddev" : 0.000000,
          "N" : 0
        },
        "clat_ns" : {
          "min" : 0,
          "max" : 0,
          "mean" : 0.000000,
          "stddev" : 0.000000,
          "N" : 0
        },
        "lat_ns" : {
          "min" : 0,
          "max" : 0,
          "mean" : 0.000000,
          "stddev" : 0.000000,
          "N" : 0
        },
        "bw_min" : 0,
        "bw_max" : 0,
        "bw_agg" : 0.000000,
        "bw_mean" : 0.000000,
        "bw_dev" : 0.000000,
        "bw_samples" : 0,
        "iops_min" : 0,
        "iops_max" : 0,
        "iops_mean" : 0.000000,
        "iops_stddev" : 0.000000,
        "iops_samples" : 0
      },
      "sync" : {
        "total_ios" : 0,
        "lat_ns" : {
          "min" : 0,
          "max" : 0,
          "mean" : 0.000000,
          "stddev" : 0.000000,
          "N" : 0
        }
      },
      "job_runtime" : 7751,
      "usr_cpu" : 1.251451,
      "sys_cpu" : 3.780157,
      "ctx" : 3139,
      "majf" : 0,
      "minf" : 27,
      "iodepth_level" : {
        "1" : 0.100000,
        "2" : 0.100000,
        "4" : 0.100000,
        "8" : 99.914551,
        "16" : 0.000000,
        "32" : 0.000000,
        ">=64" : 0.000000
      },
      "iodepth_submit" : {
        "0" : 0.000000,
        "4" : 100.000000,
        "8" : 0.000000,
        "16" : 0.000000,
        "32" : 0.000000,
        "64" : 0.000000,
        ">=64" : 0.000000
      },
      "iodepth_complete" : {
        "0" : 0.000000,
        "4" : 99.987784,
        "8" : 0.100000,
        "16" : 0.000000,
        "32" : 0.000000,
        "64" : 0.000000,
        ">=64" : 0.000000
      },
      "latency_ns" : {
        "2" : 0.000000,
        "4" : 0.000000,
        "10" : 0.000000,
        "20" : 0.000000,
        "50" : 0.000000,
        "100" : 0.000000,
        "250" : 0.000000,
        "500" : 0.000000,
        "750" : 0.000000,
        "1000" : 0.000000
      },
      "latency_us" : {
        "2" : 0.000000,
        "4" : 0.000000,
        "10" : 0.000000,
        "20" : 0.000000,
        "50" : 0.000000,
        "100" : 0.000000,
        "250" : 0.000000,
        "500" : 0.000000,
        "750" : 0.018311,
        "1000" : 0.000000
      },
      "latency_ms" : {
        "2" : 0.811768,
        "4" : 56.835938,
        "10" : 41.900635,
        "20" : 0.433350,
        "50" : 0.000000,
        "100" : 0.000000,
        "250" : 0.000000,
        "500" : 0.000000,
        "750" : 0.000000,
        "1000" : 0.000000,
        "2000" : 0.000000,
        ">=2000" : 0.000000
      },
      "latency_depth" : 8,
      "latency_target" : 0,
      "latency_percentile" : 100.000000,
      "latency_window" : 0
    }
  ],
  "disk_util" : [
    {
      "name" : "vdc",
      "read_ios" : 0,
      "write_ios" : 16313,
      "read_merges" : 0,
      "write_merges" : 16,
      "read_ticks" : 0,
      "write_ticks" : 59446,
      "in_queue" : 59446,
      "util" : 91.666667
    }
  ]
}
