{
  "fio version" : "fio-3.33",
  "timestamp" : 1741600936,
  "timestamp_ms" : 1741600936253,
  "time" : "Mon Mar 10 15:32:16 2025",
  "global options" : {
    "directory" : "/disk1/fio_test"
  },
  "jobs" : [
    {
      "jobname" : "mysql_random_read",
      "groupid" : 0,
      "error" : 0,
      "eta" : 0,
      "elapsed" : 61,
      "job options" : {
        "name" : "mysql_random_read",
        "rw" : "randread",
        "ioengine" : "libaio",
        "direct" : "1",
        "bs" : "16k",
        "size" : "1G",
        "iodepth" : "64",
        "numjobs" : "4",
        "runtime" : "60"
      },
      "read" : {
        "io_bytes" : 190331731968,
        "io_kbytes" : 185870832,
        "bw_bytes" : 3172089796,
        "bw" : 3097743,
        "iops" : 193608.996367,
        "runtime" : 60002,
        "total_ios" : 11616927,
        "short_ios" : 0,
        "drop_ios" : 0,
        "slat_ns" : {
          "min" : 1120,
          "max" : 624218,
          "mean" : 3295.449859,
          "stddev" : 5033.664876,
          "N" : 11616927
        },
        "clat_ns" : {
          "min" : 163137,
          "max" : 5316224,
          "mean" : 1318319.725622,
          "stddev" : 585693.808162,
          "N" : 11616927,
          "percentile" : {
            "1.000000" : 473088,
            "5.000000" : 593920,
            "10.000000" : 675840,
            "20.000000" : 806912,
            "30.000000" : 970752,
            "40.000000" : 1138688,
            "50.000000" : 1204224,
            "60.000000" : 1269760,
            "70.000000" : 1384448,
            "80.000000" : 1662976,
            "90.000000" : 2408448,
            "95.000000" : 2473984,
            "99.000000" : 2605056,
            "99.500000" : 2670592,
            "99.900000" : 2932736,
            "99.950000" : 3129344,
            "99.990000" : 3751936
          }
        },
        "lat_ns" : {
          "min" : 165250,
          "max" : 5319655,
          "mean" : 1321615.175481,
          "stddev" : 586040.796022,
          "N" : 11616927
        },
        "bw_min" : 1816576,
        "bw_max" : 5345888,
        "bw_agg" : 100.000000,
        "bw_mean" : 3105932.638655,
        "bw_dev" : 236862.703058,
        "bw_samples" : 476,
        "iops_min" : 113536,
        "iops_max" : 334118,
        "iops_mean" : 194120.789916,
        "iops_stddev" : 14803.915256,
        "iops_samples" : 476
      },
      "write" : {
        "io_bytes" : 0,
        "io_kbytes" : 0,
        "bw_bytes" : 0,
        "bw" : 0,
        "iops" : 0.000000,
        "runtime" : 0,
        "total_ios" : 0,
        "short_ios" : 0,
        "drop_ios" : 0,
        "slat_ns" : {
          "min" : 0,
          "max" : 0,
          "mean" : 0.000000,
          "stddev" : 0.000000,
          "N" : 0
        },
        "clat_ns" : {
          "min" : 0,
          "max" : 0,
          "mean" : 0.000000,
          "stddev" : 0.000000,
          "N" : 0
        },
        "lat_ns" : {
          "min" : 0,
          "max" : 0,
          "mean" : 0.000000,
          "stddev" : 0.000000,
          "N" : 0
        },
        "bw_min" : 0,
        "bw_max" : 0,
        "bw_agg" : 0.000000,
        "bw_mean" : 0.000000,
        "bw_dev" : 0.000000,
        "bw_samples" : 0,
        "iops_min" : 0,
        "iops_max" : 0,
        "iops_mean" : 0.000000,
        "iops_stddev" : 0.000000,
        "iops_samples" : 0
      },
      "trim" : {
        "io_bytes" : 0,
        "io_kbytes" : 0,
        "bw_bytes" : 0,
        "bw" : 0,
        "iops" : 0.000000,
        "runtime" : 0,
        "total_ios" : 0,
        "short_ios" : 0,
        "drop_ios" : 0,
        "slat_ns" : {
          "min" : 0,
          "max" : 0,
          "mean" : 0.000000,
          "stddev" : 0.000000,
          "N" : 0
        },
        "clat_ns" : {
          "min" : 0,
          "max" : 0,
          "mean" : 0.000000,
          "stddev" : 0.000000,
          "N" : 0
        },
        "lat_ns" : {
          "min" : 0,
          "max" : 0,
          "mean" : 0.000000,
          "stddev" : 0.000000,
          "N" : 0
        },
        "bw_min" : 0,
        "bw_max" : 0,
        "bw_agg" : 0.000000,
        "bw_mean" : 0.000000,
        "bw_dev" : 0.000000,
        "bw_samples" : 0,
        "iops_min" : 0,
        "iops_max" : 0,
        "iops_mean" : 0.000000,
        "iops_stddev" : 0.000000,
        "iops_samples" : 0
      },
      "sync" : {
        "total_ios" : 0,
        "lat_ns" : {
          "min" : 0,
          "max" : 0,
          "mean" : 0.000000,
          "stddev" : 0.000000,
          "N" : 0
        }
      },
      "job_runtime" : 240003,
      "usr_cpu" : 7.630738,
      "sys_cpu" : 21.404732,
      "ctx" : 597285,
      "majf" : 0,
      "minf" : 1064,
      "iodepth_level" : {
        "1" : 0.100000,
        "2" : 0.100000,
        "4" : 0.100000,
        "8" : 0.100000,
        "16" : 0.100000,
        "32" : 0.100000,
        ">=64" : 99.997831
      },
      "iodepth_submit" : {
        "0" : 0.000000,
        "4" : 100.000000,
        "8" : 0.000000,
        "16" : 0.000000,
        "32" : 0.000000,
        "64" : 0.000000,
        ">=64" : 0.000000
      },
      "iodepth_complete" : {
        "0" : 0.000000,
        "4" : 99.999966,
        "8" : 0.000000,
        "16" : 0.000000,
        "32" : 0.000000,
        "64" : 0.100000,
        ">=64" : 0.000000
      },
      "latency_ns" : {
        "2" : 0.000000,
        "4" : 0.000000,
        "10" : 0.000000,
        "20" : 0.000000,
        "50" : 0.000000,
        "100" : 0.000000,
        "250" : 0.000000,
        "500" : 0.000000,
        "750" : 0.000000,
        "1000" : 0.000000
      },
      "latency_us" : {
        "2" : 0.000000,
        "4" : 0.000000,
        "10" : 0.000000,
        "20" : 0.000000,
        "50" : 0.000000,
        "100" : 0.000000,
        "250" : 0.010000,
        "500" : 1.515513,
        "750" : 14.828526,
        "1000" : 14.835481
      },
      "latency_ms" : {
        "2" : 52.063399,
        "4" : 16.743800,
        "10" : 0.010000,
        "20" : 0.000000,
        "50" : 0.000000,
        "100" : 0.000000,
        "250" : 0.000000,
        "500" : 0.000000,
        "750" : 0.000000,
        "1000" : 0.000000,
        "2000" : 0.000000,
        ">=2000" : 0.000000
      },
      "latency_depth" : 64,
      "latency_target" : 0,
      "latency_percentile" : 100.000000,
      "latency_window" : 0
    }
  ],
  "disk_util" : [
    {
      "name" : "vdb",
      "read_ios" : 11592414,
      "write_ios" : 9,
      "read_merges" : 0,
      "write_merges" : 30,
      "read_ticks" : 13938302,
      "write_ticks" : 21,
      "in_queue" : 13938323,
      "util" : 35.896066
    }
  ]
}
