{
  "fio version" : "fio-3.33",
  "timestamp" : 1741601289,
  "timestamp_ms" : 1741601289572,
  "time" : "Mon Mar 10 15:38:09 2025",
  "global options" : {
    "directory" : "/disk2/fio_test"
  },
  "jobs" : [
    {
      "jobname" : "mysql_insert_workload",
      "groupid" : 0,
      "error" : 0,
      "eta" : 0,
      "elapsed" : 5,
      "job options" : {
        "name" : "mysql_insert_workload",
        "rw" : "write",
        "ioengine" : "libaio",
        "direct" : "1",
        "bs" : "128k",
        "size" : "1G",
        "iodepth" : "8",
        "numjobs" : "2",
        "fsync_on_close" : "1"
      },
      "read" : {
        "io_bytes" : 0,
        "io_kbytes" : 0,
        "bw_bytes" : 0,
        "bw" : 0,
        "iops" : 0.000000,
        "runtime" : 0,
        "total_ios" : 0,
        "short_ios" : 0,
        "drop_ios" : 0,
        "slat_ns" : {
          "min" : 0,
          "max" : 0,
          "mean" : 0.000000,
          "stddev" : 0.000000,
          "N" : 0
        },
        "clat_ns" : {
          "min" : 0,
          "max" : 0,
          "mean" : 0.000000,
          "stddev" : 0.000000,
          "N" : 0
        },
        "lat_ns" : {
          "min" : 0,
          "max" : 0,
          "mean" : 0.000000,
          "stddev" : 0.000000,
          "N" : 0
        },
        "bw_min" : 0,
        "bw_max" : 0,
        "bw_agg" : 0.000000,
        "bw_mean" : 0.000000,
        "bw_dev" : 0.000000,
        "bw_samples" : 0,
        "iops_min" : 0,
        "iops_max" : 0,
        "iops_mean" : 0.000000,
        "iops_stddev" : 0.000000,
        "iops_samples" : 0
      },
      "write" : {
        "io_bytes" : 2147483648,
        "io_kbytes" : 2097152,
        "bw_bytes" : 548807474,
        "bw" : 535944,
        "iops" : 4187.068745,
        "runtime" : 3913,
        "total_ios" : 16384,
        "short_ios" : 0,
        "drop_ios" : 0,
        "slat_ns" : {
          "min" : 8092,
          "max" : 84626,
          "mean" : 16862.763184,
          "stddev" : 11817.673758,
          "N" : 16384
        },
        "clat_ns" : {
          "min" : 669860,
          "max" : 14035394,
          "mean" : 3734764.933838,
          "stddev" : 1048265.056762,
          "N" : 16384,
          "percentile" : {
            "1.000000" : 1679360,
            "5.000000" : 2637824,
            "10.000000" : 2736128,
            "20.000000" : 2834432,
            "30.000000" : 2998272,
            "40.000000" : 3293184,
            "50.000000" : 3784704,
            "60.000000" : 3981312,
            "70.000000" : 4177920,
            "80.000000" : 4358144,
            "90.000000" : 4882432,
            "95.000000" : 5341184,
            "99.000000" : 5931008,
            "99.500000" : 9895936,
            "99.900000" : 12124160,
            "99.950000" : 12386304,
            "99.990000" : 14090240
          }
        },
        "lat_ns" : {
          "min" : 712357,
          "max" : 14045109,
          "mean" : 3751627.697021,
          "stddev" : 1047750.769319,
          "N" : 16384
        },
        "bw_min" : 529152,
        "bw_max" : 553411,
        "bw_agg" : 100.000000,
        "bw_mean" : 539089.285714,
        "bw_dev" : 4368.158611,
        "bw_samples" : 14,
        "iops_min" : 4134,
        "iops_max" : 4323,
        "iops_mean" : 4211.428571,
        "iops_stddev" : 34.066515,
        "iops_samples" : 14
      },
      "trim" : {
        "io_bytes" : 0,
        "io_kbytes" : 0,
        "bw_bytes" : 0,
        "bw" : 0,
        "iops" : 0.000000,
        "runtime" : 0,
        "total_ios" : 0,
        "short_ios" : 0,
        "drop_ios" : 0,
        "slat_ns" : {
          "min" : 0,
          "max" : 0,
          "mean" : 0.000000,
          "stddev" : 0.000000,
          "N" : 0
        },
        "clat_ns" : {
          "min" : 0,
          "max" : 0,
          "mean" : 0.000000,
          "stddev" : 0.000000,
          "N" : 0
        },
        "lat_ns" : {
          "min" : 0,
          "max" : 0,
          "mean" : 0.000000,
          "stddev" : 0.000000,
          "N" : 0
        },
        "bw_min" : 0,
        "bw_max" : 0,
        "bw_agg" : 0.000000,
        "bw_mean" : 0.000000,
        "bw_dev" : 0.000000,
        "bw_samples" : 0,
        "iops_min" : 0,
        "iops_max" : 0,
        "iops_mean" : 0.000000,
        "iops_stddev" : 0.000000,
        "iops_samples" : 0
      },
      "sync" : {
        "total_ios" : 0,
        "lat_ns" : {
          "min" : 0,
          "max" : 0,
          "mean" : 0.000000,
          "stddev" : 0.000000,
          "N" : 0
        }
      },
      "job_runtime" : 7690,
      "usr_cpu" : 1.612484,
      "sys_cpu" : 2.886866,
      "ctx" : 2802,
      "majf" : 0,
      "minf" : 25,
      "iodepth_level" : {
        "1" : 0.100000,
        "2" : 0.100000,
        "4" : 0.100000,
        "8" : 99.914551,
        "16" : 0.000000,
        "32" : 0.000000,
        ">=64" : 0.000000
      },
      "iodepth_submit" : {
        "0" : 0.000000,
        "4" : 100.000000,
        "8" : 0.000000,
        "16" : 0.000000,
        "32" : 0.000000,
        "64" : 0.000000,
        ">=64" : 0.000000
      },
      "iodepth_complete" : {
        "0" : 0.000000,
        "4" : 99.987784,
        "8" : 0.100000,
        "16" : 0.000000,
        "32" : 0.000000,
        "64" : 0.000000,
        ">=64" : 0.000000
      },
      "latency_ns" : {
        "2" : 0.000000,
        "4" : 0.000000,
        "10" : 0.000000,
        "20" : 0.000000,
        "50" : 0.000000,
        "100" : 0.000000,
        "250" : 0.000000,
        "500" : 0.000000,
        "750" : 0.000000,
        "1000" : 0.000000
      },
      "latency_us" : {
        "2" : 0.000000,
        "4" : 0.000000,
        "10" : 0.000000,
        "20" : 0.000000,
        "50" : 0.000000,
        "100" : 0.000000,
        "250" : 0.000000,
        "500" : 0.000000,
        "750" : 0.048828,
        "1000" : 0.054932
      },
      "latency_ms" : {
        "2" : 0.988770,
        "4" : 60.552979,
        "10" : 37.902832,
        "20" : 0.451660,
        "50" : 0.000000,
        "100" : 0.000000,
        "250" : 0.000000,
        "500" : 0.000000,
        "750" : 0.000000,
        "1000" : 0.000000,
        "2000" : 0.000000,
        ">=2000" : 0.000000
      },
      "latency_depth" : 8,
      "latency_target" : 0,
      "latency_percentile" : 100.000000,
      "latency_window" : 0
    }
  ],
  "disk_util" : [
    {
      "name" : "vdc",
      "read_ios" : 0,
      "write_ios" : 16286,
      "read_merges" : 0,
      "write_merges" : 0,
      "read_ticks" : 0,
      "write_ticks" : 58923,
      "in_queue" : 58923,
      "util" : 87.026349
    }
  ]
}
