{
  "fio version" : "fio-3.33",
  "timestamp" : 1741600870,
  "timestamp_ms" : 1741600870232,
  "time" : "Mon Mar 10 15:31:10 2025",
  "global options" : {
    "directory" : "/disk1/fio_test"
  },
  "jobs" : [
    {
      "jobname" : "mysql_innodb_log",
      "groupid" : 0,
      "error" : 0,
      "eta" : 0,
      "elapsed" : 18,
      "job options" : {
        "name" : "mysql_innodb_log",
        "rw" : "write",
        "ioengine" : "libaio",
        "direct" : "1",
        "bs" : "16k",
        "size" : "1G",
        "iodepth" : "4",
        "numjobs" : "1",
        "fsync" : "1"
      },
      "read" : {
        "io_bytes" : 0,
        "io_kbytes" : 0,
        "bw_bytes" : 0,
        "bw" : 0,
        "iops" : 0.000000,
        "runtime" : 0,
        "total_ios" : 0,
        "short_ios" : 0,
        "drop_ios" : 0,
        "slat_ns" : {
          "min" : 0,
          "max" : 0,
          "mean" : 0.000000,
          "stddev" : 0.000000,
          "N" : 0
        },
        "clat_ns" : {
          "min" : 0,
          "max" : 0,
          "mean" : 0.000000,
          "stddev" : 0.000000,
          "N" : 0
        },
        "lat_ns" : {
          "min" : 0,
          "max" : 0,
          "mean" : 0.000000,
          "stddev" : 0.000000,
          "N" : 0
        },
        "bw_min" : 0,
        "bw_max" : 0,
        "bw_agg" : 0.000000,
        "bw_mean" : 0.000000,
        "bw_dev" : 0.000000,
        "bw_samples" : 0,
        "iops_min" : 0,
        "iops_max" : 0,
        "iops_mean" : 0.000000,
        "iops_stddev" : 0.000000,
        "iops_samples" : 0
      },
      "write" : {
        "io_bytes" : 1073741824,
        "io_kbytes" : 1048576,
        "bw_bytes" : 60254872,
        "bw" : 58842,
        "iops" : 3677.665544,
        "runtime" : 17820,
        "total_ios" : 65536,
        "short_ios" : 0,
        "drop_ios" : 0,
        "slat_ns" : {
          "min" : 5273,
          "max" : 578430,
          "mean" : 22915.596802,
          "stddev" : 15833.092337,
          "N" : 65536
        },
        "clat_ns" : {
          "min" : 129842,
          "max" : 3658285,
          "mean" : 817967.151901,
          "stddev" : 602224.002826,
          "N" : 65536,
          "percentile" : {
            "1.000000" : 280576,
            "5.000000" : 301056,
            "10.000000" : 317440,
            "20.000000" : 342016,
            "30.000000" : 370688,
            "40.000000" : 428032,
            "50.000000" : 602112,
            "60.000000" : 749568,
            "70.000000" : 946176,
            "80.000000" : 1236992,
            "90.000000" : 1728512,
            "95.000000" : 2072576,
            "99.000000" : 2867200,
            "99.500000" : 2998272,
            "99.900000" : 3227648,
            "99.950000" : 3358720,
            "99.990000" : 3489792
          }
        },
        "lat_ns" : {
          "min" : 141045,
          "max" : 3683627,
          "mean" : 840882.748703,
          "stddev" : 610273.327161,
          "N" : 65536
        },
        "bw_min" : 35040,
        "bw_max" : 85536,
        "bw_agg" : 99.818757,
        "bw_mean" : 58736.457143,
        "bw_dev" : 14396.545199,
        "bw_samples" : 35,
        "iops_min" : 2190,
        "iops_max" : 5346,
        "iops_mean" : 3671.028571,
        "iops_stddev" : 899.784075,
        "iops_samples" : 35
      },
      "trim" : {
        "io_bytes" : 0,
        "io_kbytes" : 0,
        "bw_bytes" : 0,
        "bw" : 0,
        "iops" : 0.000000,
        "runtime" : 0,
        "total_ios" : 0,
        "short_ios" : 0,
        "drop_ios" : 0,
        "slat_ns" : {
          "min" : 0,
          "max" : 0,
          "mean" : 0.000000,
          "stddev" : 0.000000,
          "N" : 0
        },
        "clat_ns" : {
          "min" : 0,
          "max" : 0,
          "mean" : 0.000000,
          "stddev" : 0.000000,
          "N" : 0
        },
        "lat_ns" : {
          "min" : 0,
          "max" : 0,
          "mean" : 0.000000,
          "stddev" : 0.000000,
          "N" : 0
        },
        "bw_min" : 0,
        "bw_max" : 0,
        "bw_agg" : 0.000000,
        "bw_mean" : 0.000000,
        "bw_dev" : 0.000000,
        "bw_samples" : 0,
        "iops_min" : 0,
        "iops_max" : 0,
        "iops_mean" : 0.000000,
        "iops_stddev" : 0.000000,
        "iops_samples" : 0
      },
      "sync" : {
        "total_ios" : 65533,
        "lat_ns" : {
          "min" : 287705,
          "max" : 15128915974826,
          "mean" : 231922023.826177,
          "stddev" : 59098676557.496208,
          "N" : 65533,
          "percentile" : {
            "1.000000" : 370688,
            "5.000000" : 395264,
            "10.000000" : 411648,
            "20.000000" : 448512,
            "30.000000" : 497664,
            "40.000000" : 643072,
            "50.000000" : 798720,
            "60.000000" : 1003520,
            "70.000000" : 1286144,
            "80.000000" : 1630208,
            "90.000000" : 2211840,
            "95.000000" : 2572288,
            "99.000000" : 3325952,
            "99.500000" : 3489792,
            "99.900000" : 3719168,
            "99.950000" : 3817472,
            "99.990000" : 3948544
          }
        }
      },
      "job_runtime" : 17819,
      "usr_cpu" : 4.197766,
      "sys_cpu" : 13.917728,
      "ctx" : 78917,
      "majf" : 0,
      "minf" : 13,
      "iodepth_level" : {
        "1" : 0.100000,
        "2" : 0.100000,
        "4" : 199.989319,
        "8" : 0.000000,
        "16" : 0.000000,
        "32" : 0.000000,
        ">=64" : 0.000000
      },
      "iodepth_submit" : {
        "0" : 0.000000,
        "4" : 100.000000,
        "8" : 0.000000,
        "16" : 0.000000,
        "32" : 0.000000,
        "64" : 0.000000,
        ">=64" : 0.000000
      },
      "iodepth_complete" : {
        "0" : 0.000000,
        "4" : 100.000000,
        "8" : 0.000000,
        "16" : 0.000000,
        "32" : 0.000000,
        "64" : 0.000000,
        ">=64" : 0.000000
      },
      "latency_ns" : {
        "2" : 0.000000,
        "4" : 0.000000,
        "10" : 0.000000,
        "20" : 0.000000,
        "50" : 0.000000,
        "100" : 0.000000,
        "250" : 0.000000,
        "500" : 0.000000,
        "750" : 0.000000,
        "1000" : 0.000000
      },
      "latency_us" : {
        "2" : 0.000000,
        "4" : 0.000000,
        "10" : 0.000000,
        "20" : 0.000000,
        "50" : 0.000000,
        "100" : 0.000000,
        "250" : 0.250244,
        "500" : 43.103027,
        "750" : 16.407776,
        "1000" : 11.883545
      },
      "latency_ms" : {
        "2" : 22.259521,
        "4" : 6.095886,
        "10" : 0.000000,
        "20" : 0.000000,
        "50" : 0.000000,
        "100" : 0.000000,
        "250" : 0.000000,
        "500" : 0.000000,
        "750" : 0.000000,
        "1000" : 0.000000,
        "2000" : 0.000000,
        ">=2000" : 0.000000
      },
      "latency_depth" : 4,
      "latency_target" : 0,
      "latency_percentile" : 100.000000,
      "latency_window" : 0
    }
  ],
  "disk_util" : [
    {
      "name" : "vdb",
      "read_ios" : 0,
      "write_ios" : 138491,
      "read_merges" : 0,
      "write_merges" : 10,
      "read_ticks" : 0,
      "write_ticks" : 21941,
      "in_queue" : 23477,
      "util" : 65.395464
    }
  ]
}
