{
  "fio version" : "fio-3.33",
  "timestamp" : 1741601152,
  "timestamp_ms" : 1741601152937,
  "time" : "Mon Mar 10 15:35:52 2025",
  "global options" : {
    "directory" : "/disk2/fio_test"
  },
  "jobs" : [
    {
      "jobname" : "mysql_random_read",
      "groupid" : 0,
      "error" : 0,
      "eta" : 0,
      "elapsed" : 61,
      "job options" : {
        "name" : "mysql_random_read",
        "rw" : "randread",
        "ioengine" : "libaio",
        "direct" : "1",
        "bs" : "16k",
        "size" : "1G",
        "iodepth" : "64",
        "numjobs" : "4",
        "runtime" : "60"
      },
      "read" : {
        "io_bytes" : 63475335168,
        "io_kbytes" : 61987632,
        "bw_bytes" : 1057834099,
        "bw" : 1033041,
        "iops" : 64565.069578,
        "runtime" : 60005,
        "total_ios" : 3874227,
        "short_ios" : 0,
        "drop_ios" : 0,
        "slat_ns" : {
          "min" : 1982,
          "max" : 915648,
          "mean" : 5801.221141,
          "stddev" : 5987.274528,
          "N" : 3874227
        },
        "clat_ns" : {
          "min" : 60685,
          "max" : 12734798,
          "mean" : 3958218.048710,
          "stddev" : 1877942.173457,
          "N" : 3874227,
          "percentile" : {
            "1.000000" : 514048,
            "5.000000" : 1122304,
            "10.000000" : 1646592,
            "20.000000" : 2375680,
            "30.000000" : 2867200,
            "40.000000" : 3227648,
            "50.000000" : 3620864,
            "60.000000" : 4177920,
            "70.000000" : 4947968,
            "80.000000" : 5734400,
            "90.000000" : 6586368,
            "95.000000" : 7241728,
            "99.000000" : 8716288,
            "99.500000" : 9240576,
            "99.900000" : 10289152,
            "99.950000" : 10551296,
            "99.990000" : 11206656
          }
        },
        "lat_ns" : {
          "min" : 66977,
          "max" : 12740748,
          "mean" : 3964019.269851,
          "stddev" : 1877983.197861,
          "N" : 3874227
        },
        "bw_min" : 923648,
        "bw_max" : 1149664,
        "bw_agg" : 100.000000,
        "bw_mean" : 1034425.277311,
        "bw_dev" : 12703.096155,
        "bw_samples" : 476,
        "iops_min" : 57728,
        "iops_max" : 71854,
        "iops_mean" : 64651.579832,
        "iops_stddev" : 793.943510,
        "iops_samples" : 476
      },
      "write" : {
        "io_bytes" : 0,
        "io_kbytes" : 0,
        "bw_bytes" : 0,
        "bw" : 0,
        "iops" : 0.000000,
        "runtime" : 0,
        "total_ios" : 0,
        "short_ios" : 0,
        "drop_ios" : 0,
        "slat_ns" : {
          "min" : 0,
          "max" : 0,
          "mean" : 0.000000,
          "stddev" : 0.000000,
          "N" : 0
        },
        "clat_ns" : {
          "min" : 0,
          "max" : 0,
          "mean" : 0.000000,
          "stddev" : 0.000000,
          "N" : 0
        },
        "lat_ns" : {
          "min" : 0,
          "max" : 0,
          "mean" : 0.000000,
          "stddev" : 0.000000,
          "N" : 0
        },
        "bw_min" : 0,
        "bw_max" : 0,
        "bw_agg" : 0.000000,
        "bw_mean" : 0.000000,
        "bw_dev" : 0.000000,
        "bw_samples" : 0,
        "iops_min" : 0,
        "iops_max" : 0,
        "iops_mean" : 0.000000,
        "iops_stddev" : 0.000000,
        "iops_samples" : 0
      },
      "trim" : {
        "io_bytes" : 0,
        "io_kbytes" : 0,
        "bw_bytes" : 0,
        "bw" : 0,
        "iops" : 0.000000,
        "runtime" : 0,
        "total_ios" : 0,
        "short_ios" : 0,
        "drop_ios" : 0,
        "slat_ns" : {
          "min" : 0,
          "max" : 0,
          "mean" : 0.000000,
          "stddev" : 0.000000,
          "N" : 0
        },
        "clat_ns" : {
          "min" : 0,
          "max" : 0,
          "mean" : 0.000000,
          "stddev" : 0.000000,
          "N" : 0
        },
        "lat_ns" : {
          "min" : 0,
          "max" : 0,
          "mean" : 0.000000,
          "stddev" : 0.000000,
          "N" : 0
        },
        "bw_min" : 0,
        "bw_max" : 0,
        "bw_agg" : 0.000000,
        "bw_mean" : 0.000000,
        "bw_dev" : 0.000000,
        "bw_samples" : 0,
        "iops_min" : 0,
        "iops_max" : 0,
        "iops_mean" : 0.000000,
        "iops_stddev" : 0.000000,
        "iops_samples" : 0
      },
      "sync" : {
        "total_ios" : 0,
        "lat_ns" : {
          "min" : 0,
          "max" : 0,
          "mean" : 0.000000,
          "stddev" : 0.000000,
          "N" : 0
        }
      },
      "job_runtime" : 240016,
      "usr_cpu" : 5.072162,
      "sys_cpu" : 16.994284,
      "ctx" : 2155670,
      "majf" : 0,
      "minf" : 1068,
      "iodepth_level" : {
        "1" : 0.100000,
        "2" : 0.100000,
        "4" : 0.100000,
        "8" : 0.100000,
        "16" : 0.100000,
        "32" : 0.100000,
        ">=64" : 99.993495
      },
      "iodepth_submit" : {
        "0" : 0.000000,
        "4" : 100.000000,
        "8" : 0.000000,
        "16" : 0.000000,
        "32" : 0.000000,
        "64" : 0.000000,
        ">=64" : 0.000000
      },
      "iodepth_complete" : {
        "0" : 0.000000,
        "4" : 99.999897,
        "8" : 0.000000,
        "16" : 0.000000,
        "32" : 0.000000,
        "64" : 0.100000,
        ">=64" : 0.000000
      },
      "latency_ns" : {
        "2" : 0.000000,
        "4" : 0.000000,
        "10" : 0.000000,
        "20" : 0.000000,
        "50" : 0.000000,
        "100" : 0.000000,
        "250" : 0.000000,
        "500" : 0.000000,
        "750" : 0.000000,
        "1000" : 0.000000
      },
      "latency_us" : {
        "2" : 0.000000,
        "4" : 0.000000,
        "10" : 0.000000,
        "20" : 0.000000,
        "50" : 0.000000,
        "100" : 0.010000,
        "250" : 0.098936,
        "500" : 0.845072,
        "750" : 1.314327,
        "1000" : 1.791867
      },
      "latency_ms" : {
        "2" : 10.172558,
        "4" : 43.060048,
        "10" : 42.566375,
        "20" : 0.150224,
        "50" : 0.000000,
        "100" : 0.000000,
        "250" : 0.000000,
        "500" : 0.000000,
        "750" : 0.000000,
        "1000" : 0.000000,
        "2000" : 0.000000,
        ">=2000" : 0.000000
      },
      "latency_depth" : 64,
      "latency_target" : 0,
      "latency_percentile" : 100.000000,
      "latency_window" : 0
    }
  ],
  "disk_util" : [
    {
      "name" : "vdc",
      "read_ios" : 3867119,
      "write_ios" : 9,
      "read_merges" : 0,
      "write_merges" : 30,
      "read_ticks" : 15236738,
      "write_ticks" : 12,
      "in_queue" : 15236749,
      "util" : 75.619931
    }
  ]
}
