{
  "fio version" : "fio-3.33",
  "timestamp" : 1741600996,
  "timestamp_ms" : 1741600996723,
  "time" : "Mon Mar 10 15:33:16 2025",
  "global options" : {
    "directory" : "/disk1/fio_test"
  },
  "jobs" : [
    {
      "jobname" : "mysql_random_write",
      "groupid" : 0,
      "error" : 0,
      "eta" : 0,
      "elapsed" : 61,
      "job options" : {
        "name" : "mysql_random_write",
        "rw" : "randwrite",
        "ioengine" : "libaio",
        "direct" : "1",
        "bs" : "16k",
        "size" : "1G",
        "iodepth" : "64",
        "numjobs" : "4",
        "runtime" : "60"
      },
      "read" : {
        "io_bytes" : 0,
        "io_kbytes" : 0,
        "bw_bytes" : 0,
        "bw" : 0,
        "iops" : 0.000000,
        "runtime" : 0,
        "total_ios" : 0,
        "short_ios" : 0,
        "drop_ios" : 0,
        "slat_ns" : {
          "min" : 0,
          "max" : 0,
          "mean" : 0.000000,
          "stddev" : 0.000000,
          "N" : 0
        },
        "clat_ns" : {
          "min" : 0,
          "max" : 0,
          "mean" : 0.000000,
          "stddev" : 0.000000,
          "N" : 0
        },
        "lat_ns" : {
          "min" : 0,
          "max" : 0,
          "mean" : 0.000000,
          "stddev" : 0.000000,
          "N" : 0
        },
        "bw_min" : 0,
        "bw_max" : 0,
        "bw_agg" : 0.000000,
        "bw_mean" : 0.000000,
        "bw_dev" : 0.000000,
        "bw_samples" : 0,
        "iops_min" : 0,
        "iops_max" : 0,
        "iops_mean" : 0.000000,
        "iops_stddev" : 0.000000,
        "iops_samples" : 0
      },
      "write" : {
        "io_bytes" : 123454472192,
        "io_kbytes" : 120561008,
        "bw_bytes" : 2057403086,
        "bw" : 2009182,
        "iops" : 125573.918840,
        "runtime" : 60005,
        "total_ios" : 7535063,
        "short_ios" : 0,
        "drop_ios" : 0,
        "slat_ns" : {
          "min" : 1236,
          "max" : 783544,
          "mean" : 5300.520289,
          "stddev" : 7364.501761,
          "N" : 7535063
        },
        "clat_ns" : {
          "min" : 25714,
          "max" : 35158705,
          "mean" : 2032391.871689,
          "stddev" : 1365550.329315,
          "N" : 7535063,
          "percentile" : {
            "1.000000" : 134144,
            "5.000000" : 296960,
            "10.000000" : 436224,
            "20.000000" : 618496,
            "30.000000" : 897024,
            "40.000000" : 1302528,
            "50.000000" : 1908736,
            "60.000000" : 2506752,
            "70.000000" : 2998272,
            "80.000000" : 3424256,
            "90.000000" : 3850240,
            "95.000000" : 4112384,
            "99.000000" : 4882432,
            "99.500000" : 5275648,
            "99.900000" : 6062080,
            "99.950000" : 6520832,
            "99.990000" : 19529728
          }
        },
        "lat_ns" : {
          "min" : 29189,
          "max" : 35242856,
          "mean" : 2037692.391978,
          "stddev" : 1365626.708508,
          "N" : 7535063
        },
        "bw_min" : 1527232,
        "bw_max" : 2384896,
        "bw_agg" : 100.000000,
        "bw_mean" : 2010787.495798,
        "bw_dev" : 32050.727937,
        "bw_samples" : 476,
        "iops_min" : 95452,
        "iops_max" : 149056,
        "iops_mean" : 125674.218487,
        "iops_stddev" : 2003.180871,
        "iops_samples" : 476
      },
      "trim" : {
        "io_bytes" : 0,
        "io_kbytes" : 0,
        "bw_bytes" : 0,
        "bw" : 0,
        "iops" : 0.000000,
        "runtime" : 0,
        "total_ios" : 0,
        "short_ios" : 0,
        "drop_ios" : 0,
        "slat_ns" : {
          "min" : 0,
          "max" : 0,
          "mean" : 0.000000,
          "stddev" : 0.000000,
          "N" : 0
        },
        "clat_ns" : {
          "min" : 0,
          "max" : 0,
          "mean" : 0.000000,
          "stddev" : 0.000000,
          "N" : 0
        },
        "lat_ns" : {
          "min" : 0,
          "max" : 0,
          "mean" : 0.000000,
          "stddev" : 0.000000,
          "N" : 0
        },
        "bw_min" : 0,
        "bw_max" : 0,
        "bw_agg" : 0.000000,
        "bw_mean" : 0.000000,
        "bw_dev" : 0.000000,
        "bw_samples" : 0,
        "iops_min" : 0,
        "iops_max" : 0,
        "iops_mean" : 0.000000,
        "iops_stddev" : 0.000000,
        "iops_samples" : 0
      },
      "sync" : {
        "total_ios" : 0,
        "lat_ns" : {
          "min" : 0,
          "max" : 0,
          "mean" : 0.000000,
          "stddev" : 0.000000,
          "N" : 0
        }
      },
      "job_runtime" : 240014,
      "usr_cpu" : 5.531761,
      "sys_cpu" : 16.553618,
      "ctx" : 968332,
      "majf" : 0,
      "minf" : 45,
      "iodepth_level" : {
        "1" : 0.100000,
        "2" : 0.100000,
        "4" : 0.100000,
        "8" : 0.100000,
        "16" : 0.100000,
        "32" : 0.100000,
        ">=64" : 99.996656
      },
      "iodepth_submit" : {
        "0" : 0.000000,
        "4" : 100.000000,
        "8" : 0.000000,
        "16" : 0.000000,
        "32" : 0.000000,
        "64" : 0.000000,
        ">=64" : 0.000000
      },
      "iodepth_complete" : {
        "0" : 0.000000,
        "4" : 99.999947,
        "8" : 0.000000,
        "16" : 0.000000,
        "32" : 0.000000,
        "64" : 0.100000,
        ">=64" : 0.000000
      },
      "latency_ns" : {
        "2" : 0.000000,
        "4" : 0.000000,
        "10" : 0.000000,
        "20" : 0.000000,
        "50" : 0.000000,
        "100" : 0.000000,
        "250" : 0.000000,
        "500" : 0.000000,
        "750" : 0.000000,
        "1000" : 0.000000
      },
      "latency_us" : {
        "2" : 0.000000,
        "4" : 0.000000,
        "10" : 0.000000,
        "20" : 0.000000,
        "50" : 0.017067,
        "100" : 0.412193,
        "250" : 3.357318,
        "500" : 9.743926,
        "750" : 11.835933,
        "1000" : 7.613380
      },
      "latency_ms" : {
        "2" : 18.583945,
        "4" : 41.625199,
        "10" : 6.783858,
        "20" : 0.018885,
        "50" : 0.010000,
        "100" : 0.000000,
        "250" : 0.000000,
        "500" : 0.000000,
        "750" : 0.000000,
        "1000" : 0.000000,
        "2000" : 0.000000,
        ">=2000" : 0.000000
      },
      "latency_depth" : 64,
      "latency_target" : 0,
      "latency_percentile" : 100.000000,
      "latency_window" : 0
    }
  ],
  "disk_util" : [
    {
      "name" : "vdb",
      "read_ios" : 0,
      "write_ios" : 7520400,
      "read_merges" : 0,
      "write_merges" : 659,
      "read_ticks" : 0,
      "write_ticks" : 14453069,
      "in_queue" : 14453070,
      "util" : 59.624178
    }
  ]
}
