{
  "fio version" : "fio-3.33",
  "timestamp" : 1741601285,
  "timestamp_ms" : 1741601285189,
  "time" : "Mon Mar 10 15:38:05 2025",
  "global options" : {
    "directory" : "/disk2/fio_test"
  },
  "jobs" : [
    {
      "jobname" : "mysql_mixed_workload",
      "groupid" : 0,
      "error" : 0,
      "eta" : 0,
      "elapsed" : 61,
      "job options" : {
        "name" : "mysql_mixed_workload",
        "rw" : "randrw",
        "rwmixread" : "70",
        "ioengine" : "libaio",
        "direct" : "1",
        "bs" : "16k",
        "size" : "1G",
        "iodepth" : "64",
        "numjobs" : "4",
        "runtime" : "60"
      },
      "read" : {
        "io_bytes" : 31178784768,
        "io_kbytes" : 30448032,
        "bw_bytes" : 519585794,
        "bw" : 507408,
        "iops" : 31713.000150,
        "runtime" : 60007,
        "total_ios" : 1903002,
        "short_ios" : 0,
        "drop_ios" : 0,
        "slat_ns" : {
          "min" : 2026,
          "max" : 409877,
          "mean" : 8538.503581,
          "stddev" : 10313.123585,
          "N" : 1903002
        },
        "clat_ns" : {
          "min" : 129436,
          "max" : 24813147,
          "mean" : 7253858.700708,
          "stddev" : 3272889.978237,
          "N" : 1903002,
          "percentile" : {
            "1.000000" : 1138688,
            "5.000000" : 2056192,
            "10.000000" : 2899968,
            "20.000000" : 4554752,
            "30.000000" : 5734400,
            "40.000000" : 6389760,
            "50.000000" : 6979584,
            "60.000000" : 7569408,
            "70.000000" : 8454144,
            "80.000000" : 10027008,
            "90.000000" : 11862016,
            "95.000000" : 12910592,
            "99.000000" : 15925248,
            "99.500000" : 17432576,
            "99.900000" : 19005440,
            "99.950000" : 19529728,
            "99.990000" : 20840448
          }
        },
        "lat_ns" : {
          "min" : 136201,
          "max" : 24818132,
          "mean" : 7262397.204288,
          "stddev" : 3273134.984303,
          "N" : 1903002
        },
        "bw_min" : 467456,
        "bw_max" : 549632,
        "bw_agg" : 100.000000,
        "bw_mean" : 507949.983193,
        "bw_dev" : 4007.460595,
        "bw_samples" : 476,
        "iops_min" : 29216,
        "iops_max" : 34352,
        "iops_mean" : 31746.873950,
        "iops_stddev" : 250.466287,
        "iops_samples" : 476
      },
      "write" : {
        "io_bytes" : 13398376448,
        "io_kbytes" : 13084352,
        "bw_bytes" : 223280224,
        "bw" : 218047,
        "iops" : 13627.943407,
        "runtime" : 60007,
        "total_ios" : 817772,
        "short_ios" : 0,
        "drop_ios" : 0,
        "slat_ns" : {
          "min" : 2235,
          "max" : 320277,
          "mean" : 9746.267315,
          "stddev" : 10419.206282,
          "N" : 817772
        },
        "clat_ns" : {
          "min" : 50956,
          "max" : 29498058,
          "mean" : 1869177.443948,
          "stddev" : 2493842.048183,
          "N" : 817772,
          "percentile" : {
            "1.000000" : 108032,
            "5.000000" : 156672,
            "10.000000" : 201728,
            "20.000000" : 313344,
            "30.000000" : 382976,
            "40.000000" : 428032,
            "50.000000" : 493568,
            "60.000000" : 692224,
            "70.000000" : 2408448,
            "80.000000" : 4358144,
            "90.000000" : 5144576,
            "95.000000" : 5537792,
            "99.000000" : 11862016,
            "99.500000" : 15925248,
            "99.900000" : 20578304,
            "99.950000" : 21626880,
            "99.990000" : 24248320
          }
        },
        "lat_ns" : {
          "min" : 56177,
          "max" : 29504863,
          "mean" : 1878923.711263,
          "stddev" : 2494744.500892,
          "N" : 817772
        },
        "bw_min" : 198784,
        "bw_max" : 240448,
        "bw_agg" : 100.000000,
        "bw_mean" : 218344.067227,
        "bw_dev" : 2073.801409,
        "bw_samples" : 476,
        "iops_min" : 12424,
        "iops_max" : 15028,
        "iops_mean" : 13646.504202,
        "iops_stddev" : 129.612588,
        "iops_samples" : 476
      },
      "trim" : {
        "io_bytes" : 0,
        "io_kbytes" : 0,
        "bw_bytes" : 0,
        "bw" : 0,
        "iops" : 0.000000,
        "runtime" : 0,
        "total_ios" : 0,
        "short_ios" : 0,
        "drop_ios" : 0,
        "slat_ns" : {
          "min" : 0,
          "max" : 0,
          "mean" : 0.000000,
          "stddev" : 0.000000,
          "N" : 0
        },
        "clat_ns" : {
          "min" : 0,
          "max" : 0,
          "mean" : 0.000000,
          "stddev" : 0.000000,
          "N" : 0
        },
        "lat_ns" : {
          "min" : 0,
          "max" : 0,
          "mean" : 0.000000,
          "stddev" : 0.000000,
          "N" : 0
        },
        "bw_min" : 0,
        "bw_max" : 0,
        "bw_agg" : 0.000000,
        "bw_mean" : 0.000000,
        "bw_dev" : 0.000000,
        "bw_samples" : 0,
        "iops_min" : 0,
        "iops_max" : 0,
        "iops_mean" : 0.000000,
        "iops_stddev" : 0.000000,
        "iops_samples" : 0
      },
      "sync" : {
        "total_ios" : 0,
        "lat_ns" : {
          "min" : 0,
          "max" : 0,
          "mean" : 0.000000,
          "stddev" : 0.000000,
          "N" : 0
        }
      },
      "job_runtime" : 240024,
      "usr_cpu" : 4.520381,
      "sys_cpu" : 13.719461,
      "ctx" : 937578,
      "majf" : 0,
      "minf" : 48,
      "iodepth_level" : {
        "1" : 0.100000,
        "2" : 0.100000,
        "4" : 0.100000,
        "8" : 0.100000,
        "16" : 0.100000,
        "32" : 0.100000,
        ">=64" : 99.990738
      },
      "iodepth_submit" : {
        "0" : 0.000000,
        "4" : 100.000000,
        "8" : 0.000000,
        "16" : 0.000000,
        "32" : 0.000000,
        "64" : 0.000000,
        ">=64" : 0.000000
      },
      "iodepth_complete" : {
        "0" : 0.000000,
        "4" : 99.999853,
        "8" : 0.000000,
        "16" : 0.000000,
        "32" : 0.000000,
        "64" : 0.100000,
        ">=64" : 0.000000
      },
      "latency_ns" : {
        "2" : 0.000000,
        "4" : 0.000000,
        "10" : 0.000000,
        "20" : 0.000000,
        "50" : 0.000000,
        "100" : 0.000000,
        "250" : 0.000000,
        "500" : 0.000000,
        "750" : 0.000000,
        "1000" : 0.000000
      },
      "latency_us" : {
        "2" : 0.000000,
        "4" : 0.000000,
        "10" : 0.000000,
        "20" : 0.000000,
        "50" : 0.000000,
        "100" : 0.189174,
        "250" : 4.239382,
        "500" : 10.936263,
        "750" : 3.119848,
        "1000" : 1.008095
      },
      "latency_ms" : {
        "2" : 4.180612,
        "4" : 11.266794,
        "10" : 50.626954,
        "20" : 14.370874,
        "50" : 0.062004,
        "100" : 0.000000,
        "250" : 0.000000,
        "500" : 0.000000,
        "750" : 0.000000,
        "1000" : 0.000000,
        "2000" : 0.000000,
        ">=2000" : 0.000000
      },
      "latency_depth" : 64,
      "latency_target" : 0,
      "latency_percentile" : 100.000000,
      "latency_window" : 0
    }
  ],
  "disk_util" : [
    {
      "name" : "vdc",
      "read_ios" : 1898024,
      "write_ios" : 815787,
      "read_merges" : 0,
      "write_merges" : 23,
      "read_ticks" : 13624187,
      "write_ticks" : 1458345,
      "in_queue" : 15082531,
      "util" : 79.740876
    }
  ]
}
