{
  "fio version" : "fio-3.33",
  "timestamp" : 1741601213,
  "timestamp_ms" : 1741601213431,
  "time" : "Mon Mar 10 15:36:53 2025",
  "global options" : {
    "directory" : "/disk2/fio_test"
  },
  "jobs" : [
    {
      "jobname" : "mysql_random_write",
      "groupid" : 0,
      "error" : 0,
      "eta" : 0,
      "elapsed" : 61,
      "job options" : {
        "name" : "mysql_random_write",
        "rw" : "randwrite",
        "ioengine" : "libaio",
        "direct" : "1",
        "bs" : "16k",
        "size" : "1G",
        "iodepth" : "64",
        "numjobs" : "4",
        "runtime" : "60"
      },
      "read" : {
        "io_bytes" : 0,
        "io_kbytes" : 0,
        "bw_bytes" : 0,
        "bw" : 0,
        "iops" : 0.000000,
        "runtime" : 0,
        "total_ios" : 0,
        "short_ios" : 0,
        "drop_ios" : 0,
        "slat_ns" : {
          "min" : 0,
          "max" : 0,
          "mean" : 0.000000,
          "stddev" : 0.000000,
          "N" : 0
        },
        "clat_ns" : {
          "min" : 0,
          "max" : 0,
          "mean" : 0.000000,
          "stddev" : 0.000000,
          "N" : 0
        },
        "lat_ns" : {
          "min" : 0,
          "max" : 0,
          "mean" : 0.000000,
          "stddev" : 0.000000,
          "N" : 0
        },
        "bw_min" : 0,
        "bw_max" : 0,
        "bw_agg" : 0.000000,
        "bw_mean" : 0.000000,
        "bw_dev" : 0.000000,
        "bw_samples" : 0,
        "iops_min" : 0,
        "iops_max" : 0,
        "iops_mean" : 0.000000,
        "iops_stddev" : 0.000000,
        "iops_samples" : 0
      },
      "write" : {
        "io_bytes" : 33115078656,
        "io_kbytes" : 32338944,
        "bw_bytes" : 551862791,
        "bw" : 538928,
        "iops" : 33683.031697,
        "runtime" : 60006,
        "total_ios" : 2021184,
        "short_ios" : 0,
        "drop_ios" : 0,
        "slat_ns" : {
          "min" : 2173,
          "max" : 404012,
          "mean" : 5983.223920,
          "stddev" : 8158.227073,
          "N" : 2021184
        },
        "clat_ns" : {
          "min" : 699565,
          "max" : 21758023,
          "mean" : 7593250.994702,
          "stddev" : 2732411.895647,
          "N" : 2021184,
          "percentile" : {
            "1.000000" : 5275648,
            "5.000000" : 5406720,
            "10.000000" : 5472256,
            "20.000000" : 5537792,
            "30.000000" : 5537792,
            "40.000000" : 5603328,
            "50.000000" : 5668864,
            "60.000000" : 6193152,
            "70.000000" : 10682368,
            "80.000000" : 10944512,
            "90.000000" : 11075584,
            "95.000000" : 11468800,
            "99.000000" : 14876672,
            "99.500000" : 17694720,
            "99.900000" : 18219008,
            "99.950000" : 20316160,
            "99.990000" : 20578304
          }
        },
        "lat_ns" : {
          "min" : 703492,
          "max" : 21766444,
          "mean" : 7599234.218622,
          "stddev" : 2732142.491742,
          "N" : 2021184
        },
        "bw_min" : 476448,
        "bw_max" : 620000,
        "bw_agg" : 100.000000,
        "bw_mean" : 539465.142857,
        "bw_dev" : 8054.312840,
        "bw_samples" : 476,
        "iops_min" : 29778,
        "iops_max" : 38750,
        "iops_mean" : 33716.571429,
        "iops_stddev" : 503.394552,
        "iops_samples" : 476
      },
      "trim" : {
        "io_bytes" : 0,
        "io_kbytes" : 0,
        "bw_bytes" : 0,
        "bw" : 0,
        "iops" : 0.000000,
        "runtime" : 0,
        "total_ios" : 0,
        "short_ios" : 0,
        "drop_ios" : 0,
        "slat_ns" : {
          "min" : 0,
          "max" : 0,
          "mean" : 0.000000,
          "stddev" : 0.000000,
          "N" : 0
        },
        "clat_ns" : {
          "min" : 0,
          "max" : 0,
          "mean" : 0.000000,
          "stddev" : 0.000000,
          "N" : 0
        },
        "lat_ns" : {
          "min" : 0,
          "max" : 0,
          "mean" : 0.000000,
          "stddev" : 0.000000,
          "N" : 0
        },
        "bw_min" : 0,
        "bw_max" : 0,
        "bw_agg" : 0.000000,
        "bw_mean" : 0.000000,
        "bw_dev" : 0.000000,
        "bw_samples" : 0,
        "iops_min" : 0,
        "iops_max" : 0,
        "iops_mean" : 0.000000,
        "iops_stddev" : 0.000000,
        "iops_samples" : 0
      },
      "sync" : {
        "total_ios" : 0,
        "lat_ns" : {
          "min" : 0,
          "max" : 0,
          "mean" : 0.000000,
          "stddev" : 0.000000,
          "N" : 0
        }
      },
      "job_runtime" : 240020,
      "usr_cpu" : 1.659028,
      "sys_cpu" : 5.198317,
      "ctx" : 114380,
      "majf" : 0,
      "minf" : 38,
      "iodepth_level" : {
        "1" : 0.100000,
        "2" : 0.100000,
        "4" : 0.100000,
        "8" : 0.100000,
        "16" : 0.100000,
        "32" : 0.100000,
        ">=64" : 99.987532
      },
      "iodepth_submit" : {
        "0" : 0.000000,
        "4" : 100.000000,
        "8" : 0.000000,
        "16" : 0.000000,
        "32" : 0.000000,
        "64" : 0.000000,
        ">=64" : 0.000000
      },
      "iodepth_complete" : {
        "0" : 0.000000,
        "4" : 99.999802,
        "8" : 0.000000,
        "16" : 0.000000,
        "32" : 0.000000,
        "64" : 0.100000,
        ">=64" : 0.000000
      },
      "latency_ns" : {
        "2" : 0.000000,
        "4" : 0.000000,
        "10" : 0.000000,
        "20" : 0.000000,
        "50" : 0.000000,
        "100" : 0.000000,
        "250" : 0.000000,
        "500" : 0.000000,
        "750" : 0.000000,
        "1000" : 0.000000
      },
      "latency_us" : {
        "2" : 0.000000,
        "4" : 0.000000,
        "10" : 0.000000,
        "20" : 0.000000,
        "50" : 0.000000,
        "100" : 0.000000,
        "250" : 0.000000,
        "500" : 0.000000,
        "750" : 0.010000,
        "1000" : 0.010000
      },
      "latency_ms" : {
        "2" : 0.010000,
        "4" : 0.010000,
        "10" : 66.809702,
        "20" : 33.121527,
        "50" : 0.062736,
        "100" : 0.000000,
        "250" : 0.000000,
        "500" : 0.000000,
        "750" : 0.000000,
        "1000" : 0.000000,
        "2000" : 0.000000,
        ">=2000" : 0.000000
      },
      "latency_depth" : 64,
      "latency_target" : 0,
      "latency_percentile" : 100.000000,
      "latency_window" : 0
    }
  ],
  "disk_util" : [
    {
      "name" : "vdc",
      "read_ios" : 0,
      "write_ios" : 2016918,
      "read_merges" : 0,
      "write_merges" : 658,
      "read_ticks" : 0,
      "write_ticks" : 14934676,
      "in_queue" : 14934677,
      "util" : 87.539638
    }
  ]
}
