{
  "fio version" : "fio-3.33",
  "timestamp" : 1741601081,
  "timestamp_ms" : 1741601081196,
  "time" : "Mon Mar 10 15:34:41 2025",
  "global options" : {
    "directory" : "/disk2/fio_test"
  },
  "jobs" : [
    {
      "jobname" : "mysql_innodb_log",
      "groupid" : 0,
      "error" : 0,
      "eta" : 0,
      "elapsed" : 17,
      "job options" : {
        "name" : "mysql_innodb_log",
        "rw" : "write",
        "ioengine" : "libaio",
        "direct" : "1",
        "bs" : "16k",
        "size" : "1G",
        "iodepth" : "4",
        "numjobs" : "1",
        "fsync" : "1"
      },
      "read" : {
        "io_bytes" : 0,
        "io_kbytes" : 0,
        "bw_bytes" : 0,
        "bw" : 0,
        "iops" : 0.000000,
        "runtime" : 0,
        "total_ios" : 0,
        "short_ios" : 0,
        "drop_ios" : 0,
        "slat_ns" : {
          "min" : 0,
          "max" : 0,
          "mean" : 0.000000,
          "stddev" : 0.000000,
          "N" : 0
        },
        "clat_ns" : {
          "min" : 0,
          "max" : 0,
          "mean" : 0.000000,
          "stddev" : 0.000000,
          "N" : 0
        },
        "lat_ns" : {
          "min" : 0,
          "max" : 0,
          "mean" : 0.000000,
          "stddev" : 0.000000,
          "N" : 0
        },
        "bw_min" : 0,
        "bw_max" : 0,
        "bw_agg" : 0.000000,
        "bw_mean" : 0.000000,
        "bw_dev" : 0.000000,
        "bw_samples" : 0,
        "iops_min" : 0,
        "iops_max" : 0,
        "iops_mean" : 0.000000,
        "iops_stddev" : 0.000000,
        "iops_samples" : 0
      },
      "write" : {
        "io_bytes" : 1073741824,
        "io_kbytes" : 1048576,
        "bw_bytes" : 65091041,
        "bw" : 63565,
        "iops" : 3972.841901,
        "runtime" : 16496,
        "total_ios" : 65536,
        "short_ios" : 0,
        "drop_ios" : 0,
        "slat_ns" : {
          "min" : 5253,
          "max" : 579599,
          "mean" : 18155.277603,
          "stddev" : 14639.122502,
          "N" : 65536
        },
        "clat_ns" : {
          "min" : 99041,
          "max" : 9956745,
          "mean" : 756834.512314,
          "stddev" : 560211.815506,
          "N" : 65536,
          "percentile" : {
            "1.000000" : 296960,
            "5.000000" : 321536,
            "10.000000" : 342016,
            "20.000000" : 370688,
            "30.000000" : 399360,
            "40.000000" : 428032,
            "50.000000" : 468992,
            "60.000000" : 651264,
            "70.000000" : 823296,
            "80.000000" : 1122304,
            "90.000000" : 1564672,
            "95.000000" : 2023424,
            "99.000000" : 2670592,
            "99.500000" : 3063808,
            "99.900000" : 3522560,
            "99.950000" : 3555328,
            "99.990000" : 3719168
          }
        },
        "lat_ns" : {
          "min" : 106699,
          "max" : 9964167,
          "mean" : 774989.789917,
          "stddev" : 568335.104425,
          "N" : 65536
        },
        "bw_min" : 37088,
        "bw_max" : 122880,
        "bw_agg" : 98.880729,
        "bw_mean" : 62854.468750,
        "bw_dev" : 19772.534647,
        "bw_samples" : 32,
        "iops_min" : 2318,
        "iops_max" : 7680,
        "iops_mean" : 3928.375000,
        "iops_stddev" : 1235.744356,
        "iops_samples" : 32
      },
      "trim" : {
        "io_bytes" : 0,
        "io_kbytes" : 0,
        "bw_bytes" : 0,
        "bw" : 0,
        "iops" : 0.000000,
        "runtime" : 0,
        "total_ios" : 0,
        "short_ios" : 0,
        "drop_ios" : 0,
        "slat_ns" : {
          "min" : 0,
          "max" : 0,
          "mean" : 0.000000,
          "stddev" : 0.000000,
          "N" : 0
        },
        "clat_ns" : {
          "min" : 0,
          "max" : 0,
          "mean" : 0.000000,
          "stddev" : 0.000000,
          "N" : 0
        },
        "lat_ns" : {
          "min" : 0,
          "max" : 0,
          "mean" : 0.000000,
          "stddev" : 0.000000,
          "N" : 0
        },
        "bw_min" : 0,
        "bw_max" : 0,
        "bw_agg" : 0.000000,
        "bw_mean" : 0.000000,
        "bw_dev" : 0.000000,
        "bw_samples" : 0,
        "iops_min" : 0,
        "iops_max" : 0,
        "iops_mean" : 0.000000,
        "iops_stddev" : 0.000000,
        "iops_samples" : 0
      },
      "sync" : {
        "total_ios" : 65533,
        "lat_ns" : {
          "min" : 354167,
          "max" : 15341201182077,
          "mean" : 235085674.174656,
          "stddev" : 59927934923.930206,
          "N" : 65533,
          "percentile" : {
            "1.000000" : 387072,
            "5.000000" : 423936,
            "10.000000" : 448512,
            "20.000000" : 485376,
            "30.000000" : 522240,
            "40.000000" : 561152,
            "50.000000" : 643072,
            "60.000000" : 856064,
            "70.000000" : 1105920,
            "80.000000" : 1499136,
            "90.000000" : 2056192,
            "95.000000" : 2473984,
            "99.000000" : 3227648,
            "99.500000" : 3620864,
            "99.900000" : 4014080,
            "99.950000" : 4177920,
            "99.990000" : 5013504
          }
        }
      },
      "job_runtime" : 16495,
      "usr_cpu" : 3.576841,
      "sys_cpu" : 11.815702,
      "ctx" : 77932,
      "majf" : 0,
      "minf" : 13,
      "iodepth_level" : {
        "1" : 0.100000,
        "2" : 0.100000,
        "4" : 199.989319,
        "8" : 0.000000,
        "16" : 0.000000,
        "32" : 0.000000,
        ">=64" : 0.000000
      },
      "iodepth_submit" : {
        "0" : 0.000000,
        "4" : 100.000000,
        "8" : 0.000000,
        "16" : 0.000000,
        "32" : 0.000000,
        "64" : 0.000000,
        ">=64" : 0.000000
      },
      "iodepth_complete" : {
        "0" : 0.000000,
        "4" : 100.000000,
        "8" : 0.000000,
        "16" : 0.000000,
        "32" : 0.000000,
        "64" : 0.000000,
        ">=64" : 0.000000
      },
      "latency_ns" : {
        "2" : 0.000000,
        "4" : 0.000000,
        "10" : 0.000000,
        "20" : 0.000000,
        "50" : 0.000000,
        "100" : 0.000000,
        "250" : 0.000000,
        "500" : 0.000000,
        "750" : 0.000000,
        "1000" : 0.000000
      },
      "latency_us" : {
        "2" : 0.000000,
        "4" : 0.000000,
        "10" : 0.000000,
        "20" : 0.000000,
        "50" : 0.000000,
        "100" : 0.010000,
        "250" : 0.010000,
        "500" : 53.073120,
        "750" : 13.517761,
        "1000" : 9.939575
      },
      "latency_ms" : {
        "2" : 18.122864,
        "4" : 5.342102,
        "10" : 0.010000,
        "20" : 0.000000,
        "50" : 0.000000,
        "100" : 0.000000,
        "250" : 0.000000,
        "500" : 0.000000,
        "750" : 0.000000,
        "1000" : 0.000000,
        "2000" : 0.000000,
        ">=2000" : 0.000000
      },
      "latency_depth" : 4,
      "latency_target" : 0,
      "latency_percentile" : 100.000000,
      "latency_window" : 0
    }
  ],
  "disk_util" : [
    {
      "name" : "vdc",
      "read_ios" : 0,
      "write_ios" : 137865,
      "read_merges" : 0,
      "write_merges" : 10,
      "read_ticks" : 0,
      "write_ticks" : 22892,
      "in_queue" : 24169,
      "util" : 75.648109
    }
  ]
}
