{
  "fio version" : "fio-3.33",
  "timestamp" : 1741601062,
  "timestamp_ms" : 1741601062708,
  "time" : "Mon Mar 10 15:34:22 2025",
  "global options" : {
    "directory" : "/disk1/fio_test"
  },
  "jobs" : [
    {
      "jobname" : "mysql_mixed_workload",
      "groupid" : 0,
      "error" : 0,
      "eta" : 0,
      "elapsed" : 61,
      "job options" : {
        "name" : "mysql_mixed_workload",
        "rw" : "randrw",
        "rwmixread" : "70",
        "ioengine" : "libaio",
        "direct" : "1",
        "bs" : "16k",
        "size" : "1G",
        "iodepth" : "64",
        "numjobs" : "4",
        "runtime" : "60"
      },
      "read" : {
        "io_bytes" : 100276322304,
        "io_kbytes" : 97926096,
        "bw_bytes" : 1671216331,
        "bw" : 1632047,
        "iops" : 102002.949902,
        "runtime" : 60002,
        "total_ios" : 6120381,
        "short_ios" : 0,
        "drop_ios" : 0,
        "slat_ns" : {
          "min" : 1502,
          "max" : 578585,
          "mean" : 3960.415788,
          "stddev" : 4916.734487,
          "N" : 6120381
        },
        "clat_ns" : {
          "min" : 82580,
          "max" : 26629985,
          "mean" : 1549457.464516,
          "stddev" : 651669.500111,
          "N" : 6120381,
          "percentile" : {
            "1.000000" : 201728,
            "5.000000" : 444416,
            "10.000000" : 774144,
            "20.000000" : 1073152,
            "30.000000" : 1204224,
            "40.000000" : 1302528,
            "50.000000" : 1433600,
            "60.000000" : 1630208,
            "70.000000" : 1826816,
            "80.000000" : 2146304,
            "90.000000" : 2506752,
            "95.000000" : 2637824,
            "99.000000" : 2965504,
            "99.500000" : 3129344,
            "99.900000" : 3522560,
            "99.950000" : 3719168,
            "99.990000" : 4227072
          }
        },
        "lat_ns" : {
          "min" : 85669,
          "max" : 26632719,
          "mean" : 1553417.880304,
          "stddev" : 651613.280345,
          "N" : 6120381
        },
        "bw_min" : 1080576,
        "bw_max" : 2242048,
        "bw_agg" : 100.000000,
        "bw_mean" : 1633826.689076,
        "bw_dev" : 70232.579178,
        "bw_samples" : 476,
        "iops_min" : 67536,
        "iops_max" : 140128,
        "iops_mean" : 102114.184874,
        "iops_stddev" : 4389.534152,
        "iops_samples" : 476
      },
      "write" : {
        "io_bytes" : 42991747072,
        "io_kbytes" : 41984128,
        "bw_bytes" : 716505234,
        "bw" : 699712,
        "iops" : 43732.008933,
        "runtime" : 60002,
        "total_ios" : 2624008,
        "short_ios" : 0,
        "drop_ios" : 0,
        "slat_ns" : {
          "min" : 1869,
          "max" : 836669,
          "mean" : 4611.266167,
          "stddev" : 5098.637281,
          "N" : 2624008
        },
        "clat_ns" : {
          "min" : 26630,
          "max" : 55636427,
          "mean" : 2223109.376157,
          "stddev" : 1741723.429337,
          "N" : 2624008,
          "percentile" : {
            "1.000000" : 132096,
            "5.000000" : 724992,
            "10.000000" : 978944,
            "20.000000" : 1220608,
            "30.000000" : 1335296,
            "40.000000" : 1482752,
            "50.000000" : 1712128,
            "60.000000" : 2023424,
            "70.000000" : 2408448,
            "80.000000" : 2670592,
            "90.000000" : 3850240,
            "95.000000" : 5931008,
            "99.000000" : 9895936,
            "99.500000" : 10551296,
            "99.900000" : 11599872,
            "99.950000" : 11862016,
            "99.990000" : 12779520
          }
        },
        "lat_ns" : {
          "min" : 30009,
          "max" : 55643463,
          "mean" : 2227720.642324,
          "stddev" : 1741797.912327,
          "N" : 2624008
        },
        "bw_min" : 460224,
        "bw_max" : 974144,
        "bw_agg" : 100.000000,
        "bw_mean" : 700452.571429,
        "bw_dev" : 30324.261598,
        "bw_samples" : 476,
        "iops_min" : 28764,
        "iops_max" : 60884,
        "iops_mean" : 43778.285714,
        "iops_stddev" : 1895.266350,
        "iops_samples" : 476
      },
      "trim" : {
        "io_bytes" : 0,
        "io_kbytes" : 0,
        "bw_bytes" : 0,
        "bw" : 0,
        "iops" : 0.000000,
        "runtime" : 0,
        "total_ios" : 0,
        "short_ios" : 0,
        "drop_ios" : 0,
        "slat_ns" : {
          "min" : 0,
          "max" : 0,
          "mean" : 0.000000,
          "stddev" : 0.000000,
          "N" : 0
        },
        "clat_ns" : {
          "min" : 0,
          "max" : 0,
          "mean" : 0.000000,
          "stddev" : 0.000000,
          "N" : 0
        },
        "lat_ns" : {
          "min" : 0,
          "max" : 0,
          "mean" : 0.000000,
          "stddev" : 0.000000,
          "N" : 0
        },
        "bw_min" : 0,
        "bw_max" : 0,
        "bw_agg" : 0.000000,
        "bw_mean" : 0.000000,
        "bw_dev" : 0.000000,
        "bw_samples" : 0,
        "iops_min" : 0,
        "iops_max" : 0,
        "iops_mean" : 0.000000,
        "iops_stddev" : 0.000000,
        "iops_samples" : 0
      },
      "sync" : {
        "total_ios" : 0,
        "lat_ns" : {
          "min" : 0,
          "max" : 0,
          "mean" : 0.000000,
          "stddev" : 0.000000,
          "N" : 0
        }
      },
      "job_runtime" : 240003,
      "usr_cpu" : 6.389503,
      "sys_cpu" : 17.314367,
      "ctx" : 565316,
      "majf" : 0,
      "minf" : 54,
      "iodepth_level" : {
        "1" : 0.100000,
        "2" : 0.100000,
        "4" : 0.100000,
        "8" : 0.100000,
        "16" : 0.100000,
        "32" : 0.100000,
        ">=64" : 99.997118
      },
      "iodepth_submit" : {
        "0" : 0.000000,
        "4" : 100.000000,
        "8" : 0.000000,
        "16" : 0.000000,
        "32" : 0.000000,
        "64" : 0.000000,
        ">=64" : 0.000000
      },
      "iodepth_complete" : {
        "0" : 0.000000,
        "4" : 99.999954,
        "8" : 0.000000,
        "16" : 0.000000,
        "32" : 0.000000,
        "64" : 0.100000,
        ">=64" : 0.000000
      },
      "latency_ns" : {
        "2" : 0.000000,
        "4" : 0.000000,
        "10" : 0.000000,
        "20" : 0.000000,
        "50" : 0.000000,
        "100" : 0.000000,
        "250" : 0.000000,
        "500" : 0.000000,
        "750" : 0.000000,
        "1000" : 0.000000
      },
      "latency_us" : {
        "2" : 0.000000,
        "4" : 0.000000,
        "10" : 0.000000,
        "20" : 0.000000,
        "50" : 0.013380,
        "100" : 0.171161,
        "250" : 1.814775,
        "500" : 2.761199,
        "750" : 3.440721,
        "1000" : 6.624877
      },
      "latency_ms" : {
        "2" : 55.751660,
        "4" : 26.591852,
        "10" : 2.566228,
        "20" : 0.263666,
        "50" : 0.010000,
        "100" : 0.010000,
        "250" : 0.000000,
        "500" : 0.000000,
        "750" : 0.000000,
        "1000" : 0.000000,
        "2000" : 0.000000,
        ">=2000" : 0.000000
      },
      "latency_depth" : 64,
      "latency_target" : 0,
      "latency_percentile" : 100.000000,
      "latency_window" : 0
    }
  ],
  "disk_util" : [
    {
      "name" : "vdb",
      "read_ios" : 6108551,
      "write_ios" : 2618916,
      "read_merges" : 0,
      "write_merges" : 30,
      "read_ticks" : 8524794,
      "write_ticks" : 5212762,
      "in_queue" : 13737555,
      "util" : 42.614689
    }
  ]
}
