{
  "fio version" : "fio-3.33",
  "timestamp" : 1741613835,
  "timestamp_ms" : 1741613835581,
  "time" : "Mon Mar 10 19:07:15 2025",
  "global options" : {
    "directory" : "/disk1/fio_test"
  },
  "jobs" : [
    {
      "jobname" : "cassandra_random_read",
      "groupid" : 0,
      "error" : 0,
      "eta" : 0,
      "elapsed" : 61,
      "job options" : {
        "name" : "cassandra_random_read",
        "rw" : "randread",
        "ioengine" : "libaio",
        "direct" : "1",
        "bs" : "8k",
        "size" : "2G",
        "iodepth" : "64",
        "numjobs" : "8",
        "runtime" : "60"
      },
      "read" : {
        "io_bytes" : 134998130688,
        "io_kbytes" : 131834112,
        "bw_bytes" : 2249893848,
        "bw" : 2197161,
        "iops" : 274645.245158,
        "runtime" : 60002,
        "total_ios" : 16479264,
        "short_ios" : 0,
        "drop_ios" : 0,
        "slat_ns" : {
          "min" : 1722,
          "max" : 184362,
          "mean" : 2751.641652,
          "stddev" : 2648.181414,
          "N" : 16479264
        },
        "clat_ns" : {
          "min" : 218504,
          "max" : 7197313,
          "mean" : 1860919.274888,
          "stddev" : 675031.635309,
          "N" : 16479264,
          "percentile" : {
            "1.000000" : 1286144,
            "5.000000" : 1335296,
            "10.000000" : 1384448,
            "20.000000" : 1433600,
            "30.000000" : 1466368,
            "40.000000" : 1515520,
            "50.000000" : 1564672,
            "60.000000" : 1646592,
            "70.000000" : 1794048,
            "80.000000" : 2408448,
            "90.000000" : 2899968,
            "95.000000" : 3162112,
            "99.000000" : 4882432,
            "99.500000" : 5013504,
            "99.900000" : 5144576,
            "99.950000" : 5210112,
            "99.990000" : 5799936
          }
        },
        "lat_ns" : {
          "min" : 221133,
          "max" : 7199653,
          "mean" : 1863670.916540,
          "stddev" : 675056.468593,
          "N" : 16479264
        },
        "bw_min" : 1198519,
        "bw_max" : 2647404,
        "bw_agg" : 100.000000,
        "bw_mean" : 2199850.873950,
        "bw_dev" : 51708.311439,
        "bw_samples" : 952,
        "iops_min" : 149814,
        "iops_max" : 330925,
        "iops_mean" : 274980.109244,
        "iops_stddev" : 6463.530263,
        "iops_samples" : 952
      },
      "write" : {
        "io_bytes" : 0,
        "io_kbytes" : 0,
        "bw_bytes" : 0,
        "bw" : 0,
        "iops" : 0.000000,
        "runtime" : 0,
        "total_ios" : 0,
        "short_ios" : 0,
        "drop_ios" : 0,
        "slat_ns" : {
          "min" : 0,
          "max" : 0,
          "mean" : 0.000000,
          "stddev" : 0.000000,
          "N" : 0
        },
        "clat_ns" : {
          "min" : 0,
          "max" : 0,
          "mean" : 0.000000,
          "stddev" : 0.000000,
          "N" : 0
        },
        "lat_ns" : {
          "min" : 0,
          "max" : 0,
          "mean" : 0.000000,
          "stddev" : 0.000000,
          "N" : 0
        },
        "bw_min" : 0,
        "bw_max" : 0,
        "bw_agg" : 0.000000,
        "bw_mean" : 0.000000,
        "bw_dev" : 0.000000,
        "bw_samples" : 0,
        "iops_min" : 0,
        "iops_max" : 0,
        "iops_mean" : 0.000000,
        "iops_stddev" : 0.000000,
        "iops_samples" : 0
      },
      "trim" : {
        "io_bytes" : 0,
        "io_kbytes" : 0,
        "bw_bytes" : 0,
        "bw" : 0,
        "iops" : 0.000000,
        "runtime" : 0,
        "total_ios" : 0,
        "short_ios" : 0,
        "drop_ios" : 0,
        "slat_ns" : {
          "min" : 0,
          "max" : 0,
          "mean" : 0.000000,
          "stddev" : 0.000000,
          "N" : 0
        },
        "clat_ns" : {
          "min" : 0,
          "max" : 0,
          "mean" : 0.000000,
          "stddev" : 0.000000,
          "N" : 0
        },
        "lat_ns" : {
          "min" : 0,
          "max" : 0,
          "mean" : 0.000000,
          "stddev" : 0.000000,
          "N" : 0
        },
        "bw_min" : 0,
        "bw_max" : 0,
        "bw_agg" : 0.000000,
        "bw_mean" : 0.000000,
        "bw_dev" : 0.000000,
        "bw_samples" : 0,
        "iops_min" : 0,
        "iops_max" : 0,
        "iops_mean" : 0.000000,
        "iops_stddev" : 0.000000,
        "iops_samples" : 0
      },
      "sync" : {
        "total_ios" : 0,
        "lat_ns" : {
          "min" : 0,
          "max" : 0,
          "mean" : 0.000000,
          "stddev" : 0.000000,
          "N" : 0
        }
      },
      "job_runtime" : 480005,
      "usr_cpu" : 5.053697,
      "sys_cpu" : 11.605504,
      "ctx" : 574095,
      "majf" : 0,
      "minf" : 1120,
      "iodepth_level" : {
        "1" : 0.100000,
        "2" : 0.100000,
        "4" : 0.100000,
        "8" : 0.100000,
        "16" : 0.100000,
        "32" : 0.100000,
        ">=64" : 99.996942
      },
      "iodepth_submit" : {
        "0" : 0.000000,
        "4" : 100.000000,
        "8" : 0.000000,
        "16" : 0.000000,
        "32" : 0.000000,
        "64" : 0.000000,
        ">=64" : 0.000000
      },
      "iodepth_complete" : {
        "0" : 0.000000,
        "4" : 99.999951,
        "8" : 0.000000,
        "16" : 0.000000,
        "32" : 0.000000,
        "64" : 0.100000,
        ">=64" : 0.000000
      },
      "latency_ns" : {
        "2" : 0.000000,
        "4" : 0.000000,
        "10" : 0.000000,
        "20" : 0.000000,
        "50" : 0.000000,
        "100" : 0.000000,
        "250" : 0.000000,
        "500" : 0.000000,
        "750" : 0.000000,
        "1000" : 0.000000
      },
      "latency_us" : {
        "2" : 0.000000,
        "4" : 0.000000,
        "10" : 0.000000,
        "20" : 0.000000,
        "50" : 0.000000,
        "100" : 0.000000,
        "250" : 0.010000,
        "500" : 0.010000,
        "750" : 0.010000,
        "1000" : 0.010000
      },
      "latency_ms" : {
        "2" : 76.206437,
        "4" : 22.329195,
        "10" : 1.450702,
        "20" : 0.000000,
        "50" : 0.000000,
        "100" : 0.000000,
        "250" : 0.000000,
        "500" : 0.000000,
        "750" : 0.000000,
        "1000" : 0.000000,
        "2000" : 0.000000,
        ">=2000" : 0.000000
      },
      "latency_depth" : 64,
      "latency_target" : 0,
      "latency_percentile" : 100.000000,
      "latency_window" : 0
    }
  ],
  "disk_util" : [
    {
      "name" : "vdb",
      "read_ios" : 16411649,
      "write_ios" : 1,
      "read_merges" : 0,
      "write_merges" : 0,
      "read_ticks" : 29216481,
      "write_ticks" : 1,
      "in_queue" : 29216482,
      "util" : 31.892199
    }
  ]
}
