{
  "fio version" : "fio-3.33",
  "timestamp" : 1741614031,
  "timestamp_ms" : 1741614031592,
  "time" : "Mon Mar 10 19:10:31 2025",
  "global options" : {
    "directory" : "/disk1/fio_test"
  },
  "jobs" : [
    {
      "jobname" : "cassandra_key_cache",
      "groupid" : 0,
      "error" : 0,
      "eta" : 0,
      "elapsed" : 61,
      "job options" : {
        "name" : "cassandra_key_cache",
        "rw" : "randread",
        "ioengine" : "libaio",
        "direct" : "1",
        "bs" : "4k",
        "size" : "1G",
        "iodepth" : "128",
        "numjobs" : "8",
        "runtime" : "60"
      },
      "read" : {
        "io_bytes" : 77709533184,
        "io_kbytes" : 75888216,
        "bw_bytes" : 1295072548,
        "bw" : 1264719,
        "iops" : 316179.821345,
        "runtime" : 60004,
        "total_ios" : 18972054,
        "short_ios" : 0,
        "drop_ios" : 0,
        "slat_ns" : {
          "min" : 1108,
          "max" : 982795,
          "mean" : 2643.644370,
          "stddev" : 3303.912597,
          "N" : 18972054
        },
        "clat_ns" : {
          "min" : 203774,
          "max" : 745887253,
          "mean" : 3235353.957674,
          "stddev" : 12942818.374063,
          "N" : 18972054,
          "percentile" : {
            "1.000000" : 423936,
            "5.000000" : 468992,
            "10.000000" : 505856,
            "20.000000" : 577536,
            "30.000000" : 708608,
            "40.000000" : 3194880,
            "50.000000" : 3293184,
            "60.000000" : 3391488,
            "70.000000" : 3522560,
            "80.000000" : 3981312,
            "90.000000" : 4685824,
            "95.000000" : 5734400,
            "99.000000" : 7176192,
            "99.500000" : 7962624,
            "99.900000" : 137363456,
            "99.950000" : 291504128,
            "99.990000" : 675282944
          }
        },
        "lat_ns" : {
          "min" : 206110,
          "max" : 745889586,
          "mean" : 3237997.602044,
          "stddev" : 12942831.917269,
          "N" : 18972054
        },
        "bw_min" : 8192,
        "bw_max" : 4408536,
        "bw_agg" : 99.998712,
        "bw_mean" : 1264703.260504,
        "bw_dev" : 77034.135386,
        "bw_samples" : 952,
        "iops_min" : 2048,
        "iops_max" : 1102134,
        "iops_mean" : 316175.848739,
        "iops_stddev" : 19258.533054,
        "iops_samples" : 952
      },
      "write" : {
        "io_bytes" : 0,
        "io_kbytes" : 0,
        "bw_bytes" : 0,
        "bw" : 0,
        "iops" : 0.000000,
        "runtime" : 0,
        "total_ios" : 0,
        "short_ios" : 0,
        "drop_ios" : 0,
        "slat_ns" : {
          "min" : 0,
          "max" : 0,
          "mean" : 0.000000,
          "stddev" : 0.000000,
          "N" : 0
        },
        "clat_ns" : {
          "min" : 0,
          "max" : 0,
          "mean" : 0.000000,
          "stddev" : 0.000000,
          "N" : 0
        },
        "lat_ns" : {
          "min" : 0,
          "max" : 0,
          "mean" : 0.000000,
          "stddev" : 0.000000,
          "N" : 0
        },
        "bw_min" : 0,
        "bw_max" : 0,
        "bw_agg" : 0.000000,
        "bw_mean" : 0.000000,
        "bw_dev" : 0.000000,
        "bw_samples" : 0,
        "iops_min" : 0,
        "iops_max" : 0,
        "iops_mean" : 0.000000,
        "iops_stddev" : 0.000000,
        "iops_samples" : 0
      },
      "trim" : {
        "io_bytes" : 0,
        "io_kbytes" : 0,
        "bw_bytes" : 0,
        "bw" : 0,
        "iops" : 0.000000,
        "runtime" : 0,
        "total_ios" : 0,
        "short_ios" : 0,
        "drop_ios" : 0,
        "slat_ns" : {
          "min" : 0,
          "max" : 0,
          "mean" : 0.000000,
          "stddev" : 0.000000,
          "N" : 0
        },
        "clat_ns" : {
          "min" : 0,
          "max" : 0,
          "mean" : 0.000000,
          "stddev" : 0.000000,
          "N" : 0
        },
        "lat_ns" : {
          "min" : 0,
          "max" : 0,
          "mean" : 0.000000,
          "stddev" : 0.000000,
          "N" : 0
        },
        "bw_min" : 0,
        "bw_max" : 0,
        "bw_agg" : 0.000000,
        "bw_mean" : 0.000000,
        "bw_dev" : 0.000000,
        "bw_samples" : 0,
        "iops_min" : 0,
        "iops_max" : 0,
        "iops_mean" : 0.000000,
        "iops_stddev" : 0.000000,
        "iops_samples" : 0
      },
      "sync" : {
        "total_ios" : 0,
        "lat_ns" : {
          "min" : 0,
          "max" : 0,
          "mean" : 0.000000,
          "stddev" : 0.000000,
          "N" : 0
        }
      },
      "job_runtime" : 480011,
      "usr_cpu" : 5.062176,
      "sys_cpu" : 11.642650,
      "ctx" : 228731,
      "majf" : 0,
      "minf" : 1109,
      "iodepth_level" : {
        "1" : 0.100000,
        "2" : 0.100000,
        "4" : 0.100000,
        "8" : 0.100000,
        "16" : 0.100000,
        "32" : 0.100000,
        ">=64" : 99.997343
      },
      "iodepth_submit" : {
        "0" : 0.000000,
        "4" : 100.000000,
        "8" : 0.000000,
        "16" : 0.000000,
        "32" : 0.000000,
        "64" : 0.000000,
        ">=64" : 0.000000
      },
      "iodepth_complete" : {
        "0" : 0.000000,
        "4" : 99.999958,
        "8" : 0.000000,
        "16" : 0.000000,
        "32" : 0.000000,
        "64" : 0.000000,
        ">=64" : 0.100000
      },
      "latency_ns" : {
        "2" : 0.000000,
        "4" : 0.000000,
        "10" : 0.000000,
        "20" : 0.000000,
        "50" : 0.000000,
        "100" : 0.000000,
        "250" : 0.000000,
        "500" : 0.000000,
        "750" : 0.000000,
        "1000" : 0.000000
      },
      "latency_us" : {
        "2" : 0.000000,
        "4" : 0.000000,
        "10" : 0.000000,
        "20" : 0.000000,
        "50" : 0.000000,
        "100" : 0.000000,
        "250" : 0.010000,
        "500" : 9.077747,
        "750" : 21.717074,
        "1000" : 1.179582
      },
      "latency_ms" : {
        "2" : 0.044044,
        "4" : 48.672816,
        "10" : 18.911885,
        "20" : 0.173160,
        "50" : 0.054311,
        "100" : 0.064769,
        "250" : 0.045878,
        "500" : 0.035758,
        "750" : 0.022939,
        "1000" : 0.000000,
        "2000" : 0.000000,
        ">=2000" : 0.000000
      },
      "latency_depth" : 128,
      "latency_target" : 0,
      "latency_percentile" : 100.000000,
      "latency_window" : 0
    }
  ],
  "disk_util" : [
    {
      "name" : "vdb",
      "read_ios" : 18956446,
      "write_ios" : 9,
      "read_merges" : 0,
      "write_merges" : 55,
      "read_ticks" : 58424245,
      "write_ticks" : 55,
      "in_queue" : 58424301,
      "util" : 31.524927
    }
  ]
}
