{
  "fio version" : "fio-3.33",
  "timestamp" : 1741614221,
  "timestamp_ms" : 1741614221423,
  "time" : "Mon Mar 10 19:13:41 2025",
  "global options" : {
    "directory" : "/disk1/fio_test"
  },
  "jobs" : [
    {
      "jobname" : "cassandra_backup",
      "groupid" : 0,
      "error" : 0,
      "eta" : 2147483647,
      "elapsed" : 2,
      "job options" : {
        "name" : "cassandra_backup",
        "rw" : "read",
        "ioengine" : "libaio",
        "direct" : "1",
        "bs" : "1M",
        "size" : "4G",
        "iodepth" : "16",
        "numjobs" : "2"
      },
      "read" : {
        "io_bytes" : 8589934592,
        "io_kbytes" : 8388608,
        "bw_bytes" : 5460861151,
        "bw" : 5332872,
        "iops" : 5207.883026,
        "runtime" : 1573,
        "total_ios" : 8192,
        "short_ios" : 0,
        "drop_ios" : 0,
        "slat_ns" : {
          "min" : 14181,
          "max" : 377215,
          "mean" : 40924.613647,
          "stddev" : 22017.927991,
          "N" : 8192
        },
        "clat_ns" : {
          "min" : 2784174,
          "max" : 15536629,
          "mean" : 6078099.545898,
          "stddev" : 919202.522652,
          "N" : 8192,
          "percentile" : {
            "1.000000" : 4046848,
            "5.000000" : 5144576,
            "10.000000" : 5406720,
            "20.000000" : 5603328,
            "30.000000" : 5734400,
            "40.000000" : 5799936,
            "50.000000" : 5931008,
            "60.000000" : 5996544,
            "70.000000" : 6127616,
            "80.000000" : 6258688,
            "90.000000" : 6782976,
            "95.000000" : 8454144,
            "99.000000" : 9109504,
            "99.500000" : 9371648,
            "99.900000" : 11599872,
            "99.950000" : 12124160,
            "99.990000" : 15532032
          }
        },
        "lat_ns" : {
          "min" : 2817061,
          "max" : 15601628,
          "mean" : 6119024.159546,
          "stddev" : 916692.058661,
          "N" : 8192
        },
        "bw_min" : 5195776,
        "bw_max" : 5519360,
        "bw_agg" : 100.000000,
        "bw_mean" : 5347328.000000,
        "bw_dev" : 73072.762451,
        "bw_samples" : 6,
        "iops_min" : 5074,
        "iops_max" : 5390,
        "iops_mean" : 5222.000000,
        "iops_stddev" : 71.360120,
        "iops_samples" : 6
      },
      "write" : {
        "io_bytes" : 0,
        "io_kbytes" : 0,
        "bw_bytes" : 0,
        "bw" : 0,
        "iops" : 0.000000,
        "runtime" : 0,
        "total_ios" : 0,
        "short_ios" : 0,
        "drop_ios" : 0,
        "slat_ns" : {
          "min" : 0,
          "max" : 0,
          "mean" : 0.000000,
          "stddev" : 0.000000,
          "N" : 0
        },
        "clat_ns" : {
          "min" : 0,
          "max" : 0,
          "mean" : 0.000000,
          "stddev" : 0.000000,
          "N" : 0
        },
        "lat_ns" : {
          "min" : 0,
          "max" : 0,
          "mean" : 0.000000,
          "stddev" : 0.000000,
          "N" : 0
        },
        "bw_min" : 0,
        "bw_max" : 0,
        "bw_agg" : 0.000000,
        "bw_mean" : 0.000000,
        "bw_dev" : 0.000000,
        "bw_samples" : 0,
        "iops_min" : 0,
        "iops_max" : 0,
        "iops_mean" : 0.000000,
        "iops_stddev" : 0.000000,
        "iops_samples" : 0
      },
      "trim" : {
        "io_bytes" : 0,
        "io_kbytes" : 0,
        "bw_bytes" : 0,
        "bw" : 0,
        "iops" : 0.000000,
        "runtime" : 0,
        "total_ios" : 0,
        "short_ios" : 0,
        "drop_ios" : 0,
        "slat_ns" : {
          "min" : 0,
          "max" : 0,
          "mean" : 0.000000,
          "stddev" : 0.000000,
          "N" : 0
        },
        "clat_ns" : {
          "min" : 0,
          "max" : 0,
          "mean" : 0.000000,
          "stddev" : 0.000000,
          "N" : 0
        },
        "lat_ns" : {
          "min" : 0,
          "max" : 0,
          "mean" : 0.000000,
          "stddev" : 0.000000,
          "N" : 0
        },
        "bw_min" : 0,
        "bw_max" : 0,
        "bw_agg" : 0.000000,
        "bw_mean" : 0.000000,
        "bw_dev" : 0.000000,
        "bw_samples" : 0,
        "iops_min" : 0,
        "iops_max" : 0,
        "iops_mean" : 0.000000,
        "iops_stddev" : 0.000000,
        "iops_samples" : 0
      },
      "sync" : {
        "total_ios" : 0,
        "lat_ns" : {
          "min" : 0,
          "max" : 0,
          "mean" : 0.000000,
          "stddev" : 0.000000,
          "N" : 0
        }
      },
      "job_runtime" : 3138,
      "usr_cpu" : 1.210962,
      "sys_cpu" : 14.977693,
      "ctx" : 3821,
      "majf" : 0,
      "minf" : 8215,
      "iodepth_level" : {
        "1" : 0.100000,
        "2" : 0.100000,
        "4" : 0.100000,
        "8" : 0.195312,
        "16" : 99.633789,
        "32" : 0.000000,
        ">=64" : 0.000000
      },
      "iodepth_submit" : {
        "0" : 0.000000,
        "4" : 100.000000,
        "8" : 0.000000,
        "16" : 0.000000,
        "32" : 0.000000,
        "64" : 0.000000,
        ">=64" : 0.000000
      },
      "iodepth_complete" : {
        "0" : 0.000000,
        "4" : 99.975502,
        "8" : 0.000000,
        "16" : 0.100000,
        "32" : 0.000000,
        "64" : 0.000000,
        ">=64" : 0.000000
      },
      "latency_ns" : {
        "2" : 0.000000,
        "4" : 0.000000,
        "10" : 0.000000,
        "20" : 0.000000,
        "50" : 0.000000,
        "100" : 0.000000,
        "250" : 0.000000,
        "500" : 0.000000,
        "750" : 0.000000,
        "1000" : 0.000000
      },
      "latency_us" : {
        "2" : 0.000000,
        "4" : 0.000000,
        "10" : 0.000000,
        "20" : 0.000000,
        "50" : 0.000000,
        "100" : 0.000000,
        "250" : 0.000000,
        "500" : 0.000000,
        "750" : 0.000000,
        "1000" : 0.000000
      },
      "latency_ms" : {
        "2" : 0.000000,
        "4" : 0.891113,
        "10" : 98.950195,
        "20" : 0.158691,
        "50" : 0.000000,
        "100" : 0.000000,
        "250" : 0.000000,
        "500" : 0.000000,
        "750" : 0.000000,
        "1000" : 0.000000,
        "2000" : 0.000000,
        ">=2000" : 0.000000
      },
      "latency_depth" : 16,
      "latency_target" : 0,
      "latency_percentile" : 100.000000,
      "latency_window" : 0
    }
  ],
  "disk_util" : [
    {
      "name" : "vdb",
      "read_ios" : 8108,
      "write_ios" : 0,
      "read_merges" : 0,
      "write_merges" : 0,
      "read_ticks" : 48947,
      "write_ticks" : 0,
      "in_queue" : 48946,
      "util" : 75.100942
    }
  ]
}
