{
  "fio version" : "fio-3.33",
  "timestamp" : 1741613890,
  "timestamp_ms" : 1741613890252,
  "time" : "Mon Mar 10 19:08:10 2025",
  "global options" : {
    "directory" : "/disk1/fio_test"
  },
  "jobs" : [
    {
      "jobname" : "cassandra_commitlog",
      "groupid" : 0,
      "error" : 0,
      "eta" : 0,
      "elapsed" : 55,
      "job options" : {
        "name" : "cassandra_commitlog",
        "rw" : "write",
        "ioengine" : "libaio",
        "direct" : "1",
        "bs" : "4k",
        "size" : "1G",
        "iodepth" : "1",
        "numjobs" : "1",
        "fsync" : "1"
      },
      "read" : {
        "io_bytes" : 0,
        "io_kbytes" : 0,
        "bw_bytes" : 0,
        "bw" : 0,
        "iops" : 0.000000,
        "runtime" : 0,
        "total_ios" : 0,
        "short_ios" : 0,
        "drop_ios" : 0,
        "slat_ns" : {
          "min" : 0,
          "max" : 0,
          "mean" : 0.000000,
          "stddev" : 0.000000,
          "N" : 0
        },
        "clat_ns" : {
          "min" : 0,
          "max" : 0,
          "mean" : 0.000000,
          "stddev" : 0.000000,
          "N" : 0
        },
        "lat_ns" : {
          "min" : 0,
          "max" : 0,
          "mean" : 0.000000,
          "stddev" : 0.000000,
          "N" : 0
        },
        "bw_min" : 0,
        "bw_max" : 0,
        "bw_agg" : 0.000000,
        "bw_mean" : 0.000000,
        "bw_dev" : 0.000000,
        "bw_samples" : 0,
        "iops_min" : 0,
        "iops_max" : 0,
        "iops_mean" : 0.000000,
        "iops_stddev" : 0.000000,
        "iops_samples" : 0
      },
      "write" : {
        "io_bytes" : 1073741824,
        "io_kbytes" : 1048576,
        "bw_bytes" : 19804523,
        "bw" : 19340,
        "iops" : 4835.088625,
        "runtime" : 54217,
        "total_ios" : 262144,
        "short_ios" : 0,
        "drop_ios" : 0,
        "slat_ns" : {
          "min" : 5091,
          "max" : 85203,
          "mean" : 7375.800194,
          "stddev" : 5235.683010,
          "N" : 262144
        },
        "clat_ns" : {
          "min" : 21406,
          "max" : 576173,
          "mean" : 76868.751907,
          "stddev" : 34325.631706,
          "N" : 262144,
          "percentile" : {
            "1.000000" : 57088,
            "5.000000" : 58112,
            "10.000000" : 59648,
            "20.000000" : 60160,
            "30.000000" : 60672,
            "40.000000" : 62720,
            "50.000000" : 66048,
            "60.000000" : 70144,
            "70.000000" : 86528,
            "80.000000" : 89600,
            "90.000000" : 93696,
            "95.000000" : 107008,
            "99.000000" : 272384,
            "99.500000" : 301056,
            "99.900000" : 460800,
            "99.950000" : 477184,
            "99.990000" : 514048
          }
        },
        "lat_ns" : {
          "min" : 37065,
          "max" : 620364,
          "mean" : 84244.552101,
          "stddev" : 38221.132305,
          "N" : 262144
        },
        "bw_min" : 15768,
        "bw_max" : 22544,
        "bw_agg" : 100.000000,
        "bw_mean" : 19368.740741,
        "bw_dev" : 1192.775028,
        "bw_samples" : 108,
        "iops_min" : 3942,
        "iops_max" : 5636,
        "iops_mean" : 4842.185185,
        "iops_stddev" : 298.193757,
        "iops_samples" : 108
      },
      "trim" : {
        "io_bytes" : 0,
        "io_kbytes" : 0,
        "bw_bytes" : 0,
        "bw" : 0,
        "iops" : 0.000000,
        "runtime" : 0,
        "total_ios" : 0,
        "short_ios" : 0,
        "drop_ios" : 0,
        "slat_ns" : {
          "min" : 0,
          "max" : 0,
          "mean" : 0.000000,
          "stddev" : 0.000000,
          "N" : 0
        },
        "clat_ns" : {
          "min" : 0,
          "max" : 0,
          "mean" : 0.000000,
          "stddev" : 0.000000,
          "N" : 0
        },
        "lat_ns" : {
          "min" : 0,
          "max" : 0,
          "mean" : 0.000000,
          "stddev" : 0.000000,
          "N" : 0
        },
        "bw_min" : 0,
        "bw_max" : 0,
        "bw_agg" : 0.000000,
        "bw_mean" : 0.000000,
        "bw_dev" : 0.000000,
        "bw_samples" : 0,
        "iops_min" : 0,
        "iops_max" : 0,
        "iops_mean" : 0.000000,
        "iops_stddev" : 0.000000,
        "iops_samples" : 0
      },
      "sync" : {
        "total_ios" : 262143,
        "lat_ns" : {
          "min" : 107326,
          "max" : 2570719,
          "mean" : 199024.899704,
          "stddev" : 126089.465593,
          "N" : 262143,
          "percentile" : {
            "1.000000" : 129536,
            "5.000000" : 136192,
            "10.000000" : 144384,
            "20.000000" : 154624,
            "30.000000" : 154624,
            "40.000000" : 156672,
            "50.000000" : 162816,
            "60.000000" : 175104,
            "70.000000" : 181248,
            "80.000000" : 187392,
            "90.000000" : 228352,
            "95.000000" : 452608,
            "99.000000" : 724992,
            "99.500000" : 929792,
            "99.900000" : 1433600,
            "99.950000" : 1744896,
            "99.990000" : 2088960
          }
        }
      },
      "job_runtime" : 54216,
      "usr_cpu" : 2.119301,
      "sys_cpu" : 10.128006,
      "ctx" : 564954,
      "majf" : 0,
      "minf" : 12,
      "iodepth_level" : {
        "1" : 199.999619,
        "2" : 0.000000,
        "4" : 0.000000,
        "8" : 0.000000,
        "16" : 0.000000,
        "32" : 0.000000,
        ">=64" : 0.000000
      },
      "iodepth_submit" : {
        "0" : 0.000000,
        "4" : 100.000000,
        "8" : 0.000000,
        "16" : 0.000000,
        "32" : 0.000000,
        "64" : 0.000000,
        ">=64" : 0.000000
      },
      "iodepth_complete" : {
        "0" : 0.000000,
        "4" : 100.000000,
        "8" : 0.000000,
        "16" : 0.000000,
        "32" : 0.000000,
        "64" : 0.000000,
        ">=64" : 0.000000
      },
      "latency_ns" : {
        "2" : 0.000000,
        "4" : 0.000000,
        "10" : 0.000000,
        "20" : 0.000000,
        "50" : 0.000000,
        "100" : 0.000000,
        "250" : 0.000000,
        "500" : 0.000000,
        "750" : 0.000000,
        "1000" : 0.000000
      },
      "latency_us" : {
        "2" : 0.000000,
        "4" : 0.000000,
        "10" : 0.000000,
        "20" : 0.000000,
        "50" : 0.016403,
        "100" : 93.232727,
        "250" : 5.126190,
        "500" : 1.606369,
        "750" : 0.018311,
        "1000" : 0.000000
      },
      "latency_ms" : {
        "2" : 0.000000,
        "4" : 0.000000,
        "10" : 0.000000,
        "20" : 0.000000,
        "50" : 0.000000,
        "100" : 0.000000,
        "250" : 0.000000,
        "500" : 0.000000,
        "750" : 0.000000,
        "1000" : 0.000000,
        "2000" : 0.000000,
        ">=2000" : 0.000000
      },
      "latency_depth" : 1,
      "latency_target" : 0,
      "latency_percentile" : 100.000000,
      "latency_window" : 0
    }
  ],
  "disk_util" : [
    {
      "name" : "vdb",
      "read_ios" : 0,
      "write_ios" : 550822,
      "read_merges" : 0,
      "write_merges" : 7,
      "read_ticks" : 0,
      "write_ticks" : 47696,
      "in_queue" : 50690,
      "util" : 84.371367
    }
  ]
}
