{
  "fio version" : "fio-3.33",
  "timestamp" : 1741614208,
  "timestamp_ms" : 1741614208349,
  "time" : "Mon Mar 10 19:13:28 2025",
  "global options" : {
    "directory" : "/disk1/fio_test"
  },
  "jobs" : [
    {
      "jobname" : "cassandra_oltp",
      "groupid" : 0,
      "error" : 0,
      "eta" : 0,
      "elapsed" : 61,
      "job options" : {
        "name" : "cassandra_oltp",
        "rw" : "randrw",
        "rwmixread" : "65",
        "ioengine" : "libaio",
        "direct" : "1",
        "bs" : "8k",
        "size" : "2G",
        "iodepth" : "32",
        "numjobs" : "16",
        "runtime" : "60"
      },
      "read" : {
        "io_bytes" : 58578075648,
        "io_kbytes" : 57205152,
        "bw_bytes" : 976252448,
        "bw" : 953371,
        "iops" : 119171.441428,
        "runtime" : 60003,
        "total_ios" : 7150644,
        "short_ios" : 0,
        "drop_ios" : 0,
        "slat_ns" : {
          "min" : 1086,
          "max" : 590412,
          "mean" : 3563.046072,
          "stddev" : 5003.562816,
          "N" : 7150644
        },
        "clat_ns" : {
          "min" : 100493,
          "max" : 199067213,
          "mean" : 2669795.524058,
          "stddev" : 1137499.848093,
          "N" : 7150644,
          "percentile" : {
            "1.000000" : 561152,
            "5.000000" : 1220608,
            "10.000000" : 1548288,
            "20.000000" : 1957888,
            "30.000000" : 2179072,
            "40.000000" : 2342912,
            "50.000000" : 2473984,
            "60.000000" : 2637824,
            "70.000000" : 2801664,
            "80.000000" : 3162112,
            "90.000000" : 4620288,
            "95.000000" : 4947968,
            "99.000000" : 5406720,
            "99.500000" : 5537792,
            "99.900000" : 6062080,
            "99.950000" : 6651904,
            "99.990000" : 8355840
          }
        },
        "lat_ns" : {
          "min" : 102875,
          "max" : 199069656,
          "mean" : 2673358.570130,
          "stddev" : 1137708.774435,
          "N" : 7150644
        },
        "bw_min" : 516352,
        "bw_max" : 1250784,
        "bw_agg" : 100.000000,
        "bw_mean" : 954972.100840,
        "bw_dev" : 12128.724794,
        "bw_samples" : 1904,
        "iops_min" : 64544,
        "iops_max" : 156348,
        "iops_mean" : 119371.529412,
        "iops_stddev" : 1516.089769,
        "iops_samples" : 1904
      },
      "write" : {
        "io_bytes" : 31569371136,
        "io_kbytes" : 30829464,
        "bw_bytes" : 526129879,
        "bw" : 513798,
        "iops" : 64224.838758,
        "runtime" : 60003,
        "total_ios" : 3853683,
        "short_ios" : 0,
        "drop_ios" : 0,
        "slat_ns" : {
          "min" : 1295,
          "max" : 594173,
          "mean" : 3969.477358,
          "stddev" : 5123.299548,
          "N" : 3853683
        },
        "clat_ns" : {
          "min" : 52509,
          "max" : 498953227,
          "mean" : 3004833.694686,
          "stddev" : 1511933.411020,
          "N" : 3853683,
          "percentile" : {
            "1.000000" : 634880,
            "5.000000" : 1351680,
            "10.000000" : 1761280,
            "20.000000" : 2146304,
            "30.000000" : 2342912,
            "40.000000" : 2506752,
            "50.000000" : 2637824,
            "60.000000" : 2801664,
            "70.000000" : 3096576,
            "80.000000" : 4079616,
            "90.000000" : 4947968,
            "95.000000" : 5406720,
            "99.000000" : 7241728,
            "99.500000" : 7700480,
            "99.900000" : 8585216,
            "99.950000" : 8847360,
            "99.990000" : 9764864
          }
        },
        "lat_ns" : {
          "min" : 55143,
          "max" : 498961464,
          "mean" : 3008803.172043,
          "stddev" : 1512006.027579,
          "N" : 3853683
        },
        "bw_min" : 279280,
        "bw_max" : 672464,
        "bw_agg" : 100.000000,
        "bw_mean" : 514581.378151,
        "bw_dev" : 6545.180140,
        "bw_samples" : 1904,
        "iops_min" : 34910,
        "iops_max" : 84058,
        "iops_mean" : 64322.672269,
        "iops_stddev" : 818.147518,
        "iops_samples" : 1904
      },
      "trim" : {
        "io_bytes" : 0,
        "io_kbytes" : 0,
        "bw_bytes" : 0,
        "bw" : 0,
        "iops" : 0.000000,
        "runtime" : 0,
        "total_ios" : 0,
        "short_ios" : 0,
        "drop_ios" : 0,
        "slat_ns" : {
          "min" : 0,
          "max" : 0,
          "mean" : 0.000000,
          "stddev" : 0.000000,
          "N" : 0
        },
        "clat_ns" : {
          "min" : 0,
          "max" : 0,
          "mean" : 0.000000,
          "stddev" : 0.000000,
          "N" : 0
        },
        "lat_ns" : {
          "min" : 0,
          "max" : 0,
          "mean" : 0.000000,
          "stddev" : 0.000000,
          "N" : 0
        },
        "bw_min" : 0,
        "bw_max" : 0,
        "bw_agg" : 0.000000,
        "bw_mean" : 0.000000,
        "bw_dev" : 0.000000,
        "bw_samples" : 0,
        "iops_min" : 0,
        "iops_max" : 0,
        "iops_mean" : 0.000000,
        "iops_stddev" : 0.000000,
        "iops_samples" : 0
      },
      "sync" : {
        "total_ios" : 0,
        "lat_ns" : {
          "min" : 0,
          "max" : 0,
          "mean" : 0.000000,
          "stddev" : 0.000000,
          "N" : 0
        }
      },
      "job_runtime" : 960017,
      "usr_cpu" : 2.113608,
      "sys_cpu" : 5.120326,
      "ctx" : 873573,
      "majf" : 0,
      "minf" : 211,
      "iodepth_level" : {
        "1" : 0.100000,
        "2" : 0.100000,
        "4" : 0.100000,
        "8" : 0.100000,
        "16" : 0.100000,
        "32" : 99.995493,
        ">=64" : 0.000000
      },
      "iodepth_submit" : {
        "0" : 0.000000,
        "4" : 100.000000,
        "8" : 0.000000,
        "16" : 0.000000,
        "32" : 0.000000,
        "64" : 0.000000,
        ">=64" : 0.000000
      },
      "iodepth_complete" : {
        "0" : 0.000000,
        "4" : 99.999855,
        "8" : 0.000000,
        "16" : 0.000000,
        "32" : 0.100000,
        "64" : 0.000000,
        ">=64" : 0.000000
      },
      "latency_ns" : {
        "2" : 0.000000,
        "4" : 0.000000,
        "10" : 0.000000,
        "20" : 0.000000,
        "50" : 0.000000,
        "100" : 0.000000,
        "250" : 0.000000,
        "500" : 0.000000,
        "750" : 0.000000,
        "1000" : 0.000000
      },
      "latency_us" : {
        "2" : 0.000000,
        "4" : 0.000000,
        "10" : 0.000000,
        "20" : 0.000000,
        "50" : 0.000000,
        "100" : 0.010000,
        "250" : 0.110075,
        "500" : 0.626399,
        "750" : 0.882480,
        "1000" : 1.289375
      },
      "latency_ms" : {
        "2" : 16.193984,
        "4" : 64.830116,
        "10" : 16.059337,
        "20" : 0.010000,
        "50" : 0.010000,
        "100" : 0.010000,
        "250" : 0.010000,
        "500" : 0.010000,
        "750" : 0.000000,
        "1000" : 0.000000,
        "2000" : 0.000000,
        ">=2000" : 0.000000
      },
      "latency_depth" : 32,
      "latency_target" : 0,
      "latency_percentile" : 100.000000,
      "latency_window" : 0
    }
  ],
  "disk_util" : [
    {
      "name" : "vdb",
      "read_ios" : 7134842,
      "write_ios" : 3845043,
      "read_merges" : 0,
      "write_merges" : 0,
      "read_ticks" : 17951746,
      "write_ticks" : 10701875,
      "in_queue" : 28653622,
      "util" : 43.172336
    }
  ]
}
