{
  "fio version" : "fio-3.33",
  "timestamp" : 1741614397,
  "timestamp_ms" : 1741614397674,
  "time" : "Mon Mar 10 19:16:37 2025",
  "global options" : {
    "directory" : "/disk2/fio_test"
  },
  "jobs" : [
    {
      "jobname" : "cassandra_commitlog",
      "groupid" : 0,
      "error" : 0,
      "eta" : 0,
      "elapsed" : 58,
      "job options" : {
        "name" : "cassandra_commitlog",
        "rw" : "write",
        "ioengine" : "libaio",
        "direct" : "1",
        "bs" : "4k",
        "size" : "1G",
        "iodepth" : "1",
        "numjobs" : "1",
        "fsync" : "1"
      },
      "read" : {
        "io_bytes" : 0,
        "io_kbytes" : 0,
        "bw_bytes" : 0,
        "bw" : 0,
        "iops" : 0.000000,
        "runtime" : 0,
        "total_ios" : 0,
        "short_ios" : 0,
        "drop_ios" : 0,
        "slat_ns" : {
          "min" : 0,
          "max" : 0,
          "mean" : 0.000000,
          "stddev" : 0.000000,
          "N" : 0
        },
        "clat_ns" : {
          "min" : 0,
          "max" : 0,
          "mean" : 0.000000,
          "stddev" : 0.000000,
          "N" : 0
        },
        "lat_ns" : {
          "min" : 0,
          "max" : 0,
          "mean" : 0.000000,
          "stddev" : 0.000000,
          "N" : 0
        },
        "bw_min" : 0,
        "bw_max" : 0,
        "bw_agg" : 0.000000,
        "bw_mean" : 0.000000,
        "bw_dev" : 0.000000,
        "bw_samples" : 0,
        "iops_min" : 0,
        "iops_max" : 0,
        "iops_mean" : 0.000000,
        "iops_stddev" : 0.000000,
        "iops_samples" : 0
      },
      "write" : {
        "io_bytes" : 1073741824,
        "io_kbytes" : 1048576,
        "bw_bytes" : 18851135,
        "bw" : 18409,
        "iops" : 4602.327990,
        "runtime" : 56959,
        "total_ios" : 262144,
        "short_ios" : 0,
        "drop_ios" : 0,
        "slat_ns" : {
          "min" : 5052,
          "max" : 116113,
          "mean" : 6299.531033,
          "stddev" : 3010.326421,
          "N" : 262144
        },
        "clat_ns" : {
          "min" : 36461,
          "max" : 3881000,
          "mean" : 95785.557949,
          "stddev" : 23402.170348,
          "N" : 262144,
          "percentile" : {
            "1.000000" : 84480,
            "5.000000" : 89600,
            "10.000000" : 90624,
            "20.000000" : 90624,
            "30.000000" : 91648,
            "40.000000" : 92672,
            "50.000000" : 92672,
            "60.000000" : 93696,
            "70.000000" : 93696,
            "80.000000" : 94720,
            "90.000000" : 99840,
            "95.000000" : 104960,
            "99.000000" : 197632,
            "99.500000" : 264192,
            "99.900000" : 399360,
            "99.950000" : 448512,
            "99.990000" : 626688
          }
        },
        "lat_ns" : {
          "min" : 55619,
          "max" : 3887104,
          "mean" : 102085.088982,
          "stddev" : 25259.440800,
          "N" : 262144
        },
        "bw_min" : 9784,
        "bw_max" : 24904,
        "bw_agg" : 100.000000,
        "bw_mean" : 18421.238938,
        "bw_dev" : 1444.705712,
        "bw_samples" : 113,
        "iops_min" : 2446,
        "iops_max" : 6226,
        "iops_mean" : 4605.309735,
        "iops_stddev" : 361.176428,
        "iops_samples" : 113
      },
      "trim" : {
        "io_bytes" : 0,
        "io_kbytes" : 0,
        "bw_bytes" : 0,
        "bw" : 0,
        "iops" : 0.000000,
        "runtime" : 0,
        "total_ios" : 0,
        "short_ios" : 0,
        "drop_ios" : 0,
        "slat_ns" : {
          "min" : 0,
          "max" : 0,
          "mean" : 0.000000,
          "stddev" : 0.000000,
          "N" : 0
        },
        "clat_ns" : {
          "min" : 0,
          "max" : 0,
          "mean" : 0.000000,
          "stddev" : 0.000000,
          "N" : 0
        },
        "lat_ns" : {
          "min" : 0,
          "max" : 0,
          "mean" : 0.000000,
          "stddev" : 0.000000,
          "N" : 0
        },
        "bw_min" : 0,
        "bw_max" : 0,
        "bw_agg" : 0.000000,
        "bw_mean" : 0.000000,
        "bw_dev" : 0.000000,
        "bw_samples" : 0,
        "iops_min" : 0,
        "iops_max" : 0,
        "iops_mean" : 0.000000,
        "iops_stddev" : 0.000000,
        "iops_samples" : 0
      },
      "sync" : {
        "total_ios" : 262143,
        "lat_ns" : {
          "min" : 96536,
          "max" : 4234357,
          "mean" : 210640.724757,
          "stddev" : 91488.547278,
          "N" : 262143,
          "percentile" : {
            "1.000000" : 177152,
            "5.000000" : 183296,
            "10.000000" : 183296,
            "20.000000" : 183296,
            "30.000000" : 185344,
            "40.000000" : 187392,
            "50.000000" : 189440,
            "60.000000" : 189440,
            "70.000000" : 189440,
            "80.000000" : 193536,
            "90.000000" : 209920,
            "95.000000" : 464896,
            "99.000000" : 518144,
            "99.500000" : 626688,
            "99.900000" : 1220608,
            "99.950000" : 1318912,
            "99.990000" : 2211840
          }
        }
      },
      "job_runtime" : 56958,
      "usr_cpu" : 1.794305,
      "sys_cpu" : 8.471154,
      "ctx" : 567012,
      "majf" : 0,
      "minf" : 15,
      "iodepth_level" : {
        "1" : 199.999619,
        "2" : 0.000000,
        "4" : 0.000000,
        "8" : 0.000000,
        "16" : 0.000000,
        "32" : 0.000000,
        ">=64" : 0.000000
      },
      "iodepth_submit" : {
        "0" : 0.000000,
        "4" : 100.000000,
        "8" : 0.000000,
        "16" : 0.000000,
        "32" : 0.000000,
        "64" : 0.000000,
        ">=64" : 0.000000
      },
      "iodepth_complete" : {
        "0" : 0.000000,
        "4" : 100.000000,
        "8" : 0.000000,
        "16" : 0.000000,
        "32" : 0.000000,
        "64" : 0.000000,
        ">=64" : 0.000000
      },
      "latency_ns" : {
        "2" : 0.000000,
        "4" : 0.000000,
        "10" : 0.000000,
        "20" : 0.000000,
        "50" : 0.000000,
        "100" : 0.000000,
        "250" : 0.000000,
        "500" : 0.000000,
        "750" : 0.000000,
        "1000" : 0.000000
      },
      "latency_us" : {
        "2" : 0.000000,
        "4" : 0.000000,
        "10" : 0.000000,
        "20" : 0.000000,
        "50" : 0.010000,
        "100" : 90.762711,
        "250" : 8.658981,
        "500" : 0.549698,
        "750" : 0.022888,
        "1000" : 0.010000
      },
      "latency_ms" : {
        "2" : 0.000000,
        "4" : 0.010000,
        "10" : 0.000000,
        "20" : 0.000000,
        "50" : 0.000000,
        "100" : 0.000000,
        "250" : 0.000000,
        "500" : 0.000000,
        "750" : 0.000000,
        "1000" : 0.000000,
        "2000" : 0.000000,
        ">=2000" : 0.000000
      },
      "latency_depth" : 1,
      "latency_target" : 0,
      "latency_percentile" : 100.000000,
      "latency_window" : 0
    }
  ],
  "disk_util" : [
    {
      "name" : "vdc",
      "read_ios" : 0,
      "write_ios" : 552046,
      "read_merges" : 0,
      "write_merges" : 7,
      "read_ticks" : 0,
      "write_ticks" : 51153,
      "in_queue" : 53922,
      "util" : 87.151113
    }
  ]
}
