{
  "fio version" : "fio-3.33",
  "timestamp" : 1741614579,
  "timestamp_ms" : 1741614579482,
  "time" : "Mon Mar 10 19:19:39 2025",
  "global options" : {
    "directory" : "/disk2/fio_test"
  },
  "jobs" : [
    {
      "jobname" : "cassandra_streaming",
      "groupid" : 0,
      "error" : 0,
      "eta" : 0,
      "elapsed" : 6,
      "job options" : {
        "name" : "cassandra_streaming",
        "rw" : "readwrite",
        "rwmixread" : "50",
        "ioengine" : "libaio",
        "direct" : "1",
        "bs" : "1M",
        "size" : "2G",
        "iodepth" : "8",
        "numjobs" : "2"
      },
      "read" : {
        "io_bytes" : 2078277632,
        "io_kbytes" : 2029568,
        "bw_bytes" : 373925446,
        "bw" : 365161,
        "iops" : 356.603095,
        "runtime" : 5558,
        "total_ios" : 1982,
        "short_ios" : 0,
        "drop_ios" : 0,
        "slat_ns" : {
          "min" : 28311,
          "max" : 111399,
          "mean" : 59816.102926,
          "stddev" : 13890.521330,
          "N" : 1982
        },
        "clat_ns" : {
          "min" : 1574058,
          "max" : 40314110,
          "mean" : 9836629.389001,
          "stddev" : 3671122.369525,
          "N" : 1982,
          "percentile" : {
            "1.000000" : 3260416,
            "5.000000" : 4358144,
            "10.000000" : 5079040,
            "20.000000" : 6389760,
            "30.000000" : 7897088,
            "40.000000" : 8847360,
            "50.000000" : 9764864,
            "60.000000" : 10813440,
            "70.000000" : 11993088,
            "80.000000" : 12779520,
            "90.000000" : 13959168,
            "95.000000" : 15269888,
            "99.000000" : 19005440,
            "99.500000" : 21626880,
            "99.900000" : 32636928,
            "99.950000" : 40108032,
            "99.990000" : 40108032
          }
        },
        "lat_ns" : {
          "min" : 1655253,
          "max" : 40374157,
          "mean" : 9896445.491927,
          "stddev" : 3670001.660923,
          "N" : 1982
        },
        "bw_min" : 309248,
        "bw_max" : 411648,
        "bw_agg" : 100.000000,
        "bw_mean" : 366592.000000,
        "bw_dev" : 15171.030366,
        "bw_samples" : 22,
        "iops_min" : 302,
        "iops_max" : 402,
        "iops_mean" : 358.000000,
        "iops_stddev" : 14.815459,
        "iops_samples" : 22
      },
      "write" : {
        "io_bytes" : 2216689664,
        "io_kbytes" : 2164736,
        "bw_bytes" : 398828654,
        "bw" : 389481,
        "iops" : 380.352645,
        "runtime" : 5558,
        "total_ios" : 2114,
        "short_ios" : 0,
        "drop_ios" : 0,
        "slat_ns" : {
          "min" : 42962,
          "max" : 189902,
          "mean" : 92503.986755,
          "stddev" : 18164.501927,
          "N" : 2114
        },
        "clat_ns" : {
          "min" : 1605522,
          "max" : 54346167,
          "mean" : 32608117.752602,
          "stddev" : 4532857.053278,
          "N" : 2114,
          "percentile" : {
            "1.000000" : 20316160,
            "5.000000" : 25296896,
            "10.000000" : 27131904,
            "20.000000" : 28966912,
            "30.000000" : 30539776,
            "40.000000" : 31588352,
            "50.000000" : 32636928,
            "60.000000" : 33816576,
            "70.000000" : 34865152,
            "80.000000" : 36438016,
            "90.000000" : 38010880,
            "95.000000" : 39583744,
            "99.000000" : 41680896,
            "99.500000" : 43253760,
            "99.900000" : 51642368,
            "99.950000" : 51642368,
            "99.990000" : 54263808
          }
        },
        "lat_ns" : {
          "min" : 1676153,
          "max" : 54433144,
          "mean" : 32700621.739357,
          "stddev" : 4532278.220816,
          "N" : 2114
        },
        "bw_min" : 366592,
        "bw_max" : 415744,
        "bw_agg" : 99.907285,
        "bw_mean" : 389120.000000,
        "bw_dev" : 7796.805260,
        "bw_samples" : 22,
        "iops_min" : 358,
        "iops_max" : 406,
        "iops_mean" : 380.000000,
        "iops_stddev" : 7.614068,
        "iops_samples" : 22
      },
      "trim" : {
        "io_bytes" : 0,
        "io_kbytes" : 0,
        "bw_bytes" : 0,
        "bw" : 0,
        "iops" : 0.000000,
        "runtime" : 0,
        "total_ios" : 0,
        "short_ios" : 0,
        "drop_ios" : 0,
        "slat_ns" : {
          "min" : 0,
          "max" : 0,
          "mean" : 0.000000,
          "stddev" : 0.000000,
          "N" : 0
        },
        "clat_ns" : {
          "min" : 0,
          "max" : 0,
          "mean" : 0.000000,
          "stddev" : 0.000000,
          "N" : 0
        },
        "lat_ns" : {
          "min" : 0,
          "max" : 0,
          "mean" : 0.000000,
          "stddev" : 0.000000,
          "N" : 0
        },
        "bw_min" : 0,
        "bw_max" : 0,
        "bw_agg" : 0.000000,
        "bw_mean" : 0.000000,
        "bw_dev" : 0.000000,
        "bw_samples" : 0,
        "iops_min" : 0,
        "iops_max" : 0,
        "iops_mean" : 0.000000,
        "iops_stddev" : 0.000000,
        "iops_samples" : 0
      },
      "sync" : {
        "total_ios" : 0,
        "lat_ns" : {
          "min" : 0,
          "max" : 0,
          "mean" : 0.000000,
          "stddev" : 0.000000,
          "N" : 0
        }
      },
      "job_runtime" : 11099,
      "usr_cpu" : 0.946031,
      "sys_cpu" : 3.009280,
      "ctx" : 3700,
      "majf" : 0,
      "minf" : 24,
      "iodepth_level" : {
        "1" : 0.100000,
        "2" : 0.100000,
        "4" : 0.195312,
        "8" : 99.658203,
        "16" : 0.000000,
        "32" : 0.000000,
        ">=64" : 0.000000
      },
      "iodepth_submit" : {
        "0" : 0.000000,
        "4" : 100.000000,
        "8" : 0.000000,
        "16" : 0.000000,
        "32" : 0.000000,
        "64" : 0.000000,
        ">=64" : 0.000000
      },
      "iodepth_complete" : {
        "0" : 0.000000,
        "4" : 99.951028,
        "8" : 0.100000,
        "16" : 0.000000,
        "32" : 0.000000,
        "64" : 0.000000,
        ">=64" : 0.000000
      },
      "latency_ns" : {
        "2" : 0.000000,
        "4" : 0.000000,
        "10" : 0.000000,
        "20" : 0.000000,
        "50" : 0.000000,
        "100" : 0.000000,
        "250" : 0.000000,
        "500" : 0.000000,
        "750" : 0.000000,
        "1000" : 0.000000
      },
      "latency_us" : {
        "2" : 0.000000,
        "4" : 0.000000,
        "10" : 0.000000,
        "20" : 0.000000,
        "50" : 0.000000,
        "100" : 0.000000,
        "250" : 0.000000,
        "500" : 0.000000,
        "750" : 0.000000,
        "1000" : 0.000000
      },
      "latency_ms" : {
        "2" : 0.048828,
        "4" : 1.757812,
        "10" : 23.559570,
        "20" : 23.095703,
        "50" : 51.464844,
        "100" : 0.073242,
        "250" : 0.000000,
        "500" : 0.000000,
        "750" : 0.000000,
        "1000" : 0.000000,
        "2000" : 0.000000,
        ">=2000" : 0.000000
      },
      "latency_depth" : 8,
      "latency_target" : 0,
      "latency_percentile" : 100.000000,
      "latency_window" : 0
    }
  ],
  "disk_util" : [
    {
      "name" : "vdc",
      "read_ios" : 2474,
      "write_ios" : 2654,
      "read_merges" : 0,
      "write_merges" : 0,
      "read_ticks" : 24198,
      "write_ticks" : 86415,
      "in_queue" : 110614,
      "util" : 90.660760
    }
  ]
}
