{
  "fio version" : "fio-3.33",
  "timestamp" : 1741614237,
  "timestamp_ms" : 1741614237466,
  "time" : "Mon Mar 10 19:13:57 2025",
  "global options" : {
    "directory" : "/disk2/fio_test"
  },
  "jobs" : [
    {
      "jobname" : "cassandra_sequential_write",
      "groupid" : 0,
      "error" : 0,
      "eta" : 0,
      "elapsed" : 16,
      "job options" : {
        "name" : "cassandra_sequential_write",
        "rw" : "write",
        "ioengine" : "libaio",
        "direct" : "1",
        "bs" : "64k",
        "size" : "2G",
        "iodepth" : "32",
        "numjobs" : "4"
      },
      "read" : {
        "io_bytes" : 0,
        "io_kbytes" : 0,
        "bw_bytes" : 0,
        "bw" : 0,
        "iops" : 0.000000,
        "runtime" : 0,
        "total_ios" : 0,
        "short_ios" : 0,
        "drop_ios" : 0,
        "slat_ns" : {
          "min" : 0,
          "max" : 0,
          "mean" : 0.000000,
          "stddev" : 0.000000,
          "N" : 0
        },
        "clat_ns" : {
          "min" : 0,
          "max" : 0,
          "mean" : 0.000000,
          "stddev" : 0.000000,
          "N" : 0
        },
        "lat_ns" : {
          "min" : 0,
          "max" : 0,
          "mean" : 0.000000,
          "stddev" : 0.000000,
          "N" : 0
        },
        "bw_min" : 0,
        "bw_max" : 0,
        "bw_agg" : 0.000000,
        "bw_mean" : 0.000000,
        "bw_dev" : 0.000000,
        "bw_samples" : 0,
        "iops_min" : 0,
        "iops_max" : 0,
        "iops_mean" : 0.000000,
        "iops_stddev" : 0.000000,
        "iops_samples" : 0
      },
      "write" : {
        "io_bytes" : 8589934592,
        "io_kbytes" : 8388608,
        "bw_bytes" : 552656153,
        "bw" : 539703,
        "iops" : 8432.863669,
        "runtime" : 15543,
        "total_ios" : 131072,
        "short_ios" : 0,
        "drop_ios" : 0,
        "slat_ns" : {
          "min" : 4966,
          "max" : 115412,
          "mean" : 11048.241440,
          "stddev" : 9808.656260,
          "N" : 131072
        },
        "clat_ns" : {
          "min" : 1717387,
          "max" : 28127414,
          "mean" : 15157242.820007,
          "stddev" : 1575527.207738,
          "N" : 131072,
          "percentile" : {
            "1.000000" : 11993088,
            "5.000000" : 13697024,
            "10.000000" : 13828096,
            "20.000000" : 13828096,
            "30.000000" : 14090240,
            "40.000000" : 14221312,
            "50.000000" : 14614528,
            "60.000000" : 15663104,
            "70.000000" : 16187392,
            "80.000000" : 16449536,
            "90.000000" : 16580608,
            "95.000000" : 17170432,
            "99.000000" : 21364736,
            "99.500000" : 22151168,
            "99.900000" : 23199744,
            "99.950000" : 23461888,
            "99.990000" : 28180480
          }
        },
        "lat_ns" : {
          "min" : 1724452,
          "max" : 28133635,
          "mean" : 15168291.061447,
          "stddev" : 1575010.885439,
          "N" : 131072
        },
        "bw_min" : 526464,
        "bw_max" : 561664,
        "bw_agg" : 100.000000,
        "bw_mean" : 540184.774194,
        "bw_dev" : 1956.499919,
        "bw_samples" : 124,
        "iops_min" : 8226,
        "iops_max" : 8776,
        "iops_mean" : 8440.387097,
        "iops_stddev" : 30.570311,
        "iops_samples" : 124
      },
      "trim" : {
        "io_bytes" : 0,
        "io_kbytes" : 0,
        "bw_bytes" : 0,
        "bw" : 0,
        "iops" : 0.000000,
        "runtime" : 0,
        "total_ios" : 0,
        "short_ios" : 0,
        "drop_ios" : 0,
        "slat_ns" : {
          "min" : 0,
          "max" : 0,
          "mean" : 0.000000,
          "stddev" : 0.000000,
          "N" : 0
        },
        "clat_ns" : {
          "min" : 0,
          "max" : 0,
          "mean" : 0.000000,
          "stddev" : 0.000000,
          "N" : 0
        },
        "lat_ns" : {
          "min" : 0,
          "max" : 0,
          "mean" : 0.000000,
          "stddev" : 0.000000,
          "N" : 0
        },
        "bw_min" : 0,
        "bw_max" : 0,
        "bw_agg" : 0.000000,
        "bw_mean" : 0.000000,
        "bw_dev" : 0.000000,
        "bw_samples" : 0,
        "iops_min" : 0,
        "iops_max" : 0,
        "iops_mean" : 0.000000,
        "iops_stddev" : 0.000000,
        "iops_samples" : 0
      },
      "sync" : {
        "total_ios" : 0,
        "lat_ns" : {
          "min" : 0,
          "max" : 0,
          "mean" : 0.000000,
          "stddev" : 0.000000,
          "N" : 0
        }
      },
      "job_runtime" : 62134,
      "usr_cpu" : 0.978530,
      "sys_cpu" : 1.995687,
      "ctx" : 13792,
      "majf" : 0,
      "minf" : 51,
      "iodepth_level" : {
        "1" : 0.100000,
        "2" : 0.100000,
        "4" : 0.100000,
        "8" : 0.100000,
        "16" : 0.100000,
        "32" : 99.905396,
        ">=64" : 0.000000
      },
      "iodepth_submit" : {
        "0" : 0.000000,
        "4" : 100.000000,
        "8" : 0.000000,
        "16" : 0.000000,
        "32" : 0.000000,
        "64" : 0.000000,
        ">=64" : 0.000000
      },
      "iodepth_complete" : {
        "0" : 0.000000,
        "4" : 99.996945,
        "8" : 0.000000,
        "16" : 0.000000,
        "32" : 0.100000,
        "64" : 0.000000,
        ">=64" : 0.000000
      },
      "latency_ns" : {
        "2" : 0.000000,
        "4" : 0.000000,
        "10" : 0.000000,
        "20" : 0.000000,
        "50" : 0.000000,
        "100" : 0.000000,
        "250" : 0.000000,
        "500" : 0.000000,
        "750" : 0.000000,
        "1000" : 0.000000
      },
      "latency_us" : {
        "2" : 0.000000,
        "4" : 0.000000,
        "10" : 0.000000,
        "20" : 0.000000,
        "50" : 0.000000,
        "100" : 0.000000,
        "250" : 0.000000,
        "500" : 0.000000,
        "750" : 0.000000,
        "1000" : 0.000000
      },
      "latency_ms" : {
        "2" : 0.010000,
        "4" : 0.019836,
        "10" : 0.067139,
        "20" : 97.823334,
        "50" : 2.085114,
        "100" : 0.000000,
        "250" : 0.000000,
        "500" : 0.000000,
        "750" : 0.000000,
        "1000" : 0.000000,
        "2000" : 0.000000,
        ">=2000" : 0.000000
      },
      "latency_depth" : 32,
      "latency_target" : 0,
      "latency_percentile" : 100.000000,
      "latency_window" : 0
    }
  ],
  "disk_util" : [
    {
      "name" : "vdc",
      "read_ios" : 0,
      "write_ios" : 129665,
      "read_merges" : 0,
      "write_merges" : 64,
      "read_ticks" : 0,
      "write_ticks" : 1944875,
      "in_queue" : 1944875,
      "util" : 87.374749
    }
  ]
}
