{
  "fio version" : "fio-3.33",
  "timestamp" : 1741614809,
  "timestamp_ms" : 1741614809711,
  "time" : "Mon Mar 10 19:23:29 2025",
  "global options" : {
    "directory" : "/disk2/fio_test"
  },
  "jobs" : [
    {
      "jobname" : "cassandra_hints",
      "groupid" : 0,
      "error" : 0,
      "eta" : 0,
      "elapsed" : 4,
      "job options" : {
        "name" : "cassandra_hints",
        "rw" : "write",
        "ioengine" : "libaio",
        "direct" : "1",
        "bs" : "4k",
        "size" : "512M",
        "iodepth" : "8",
        "numjobs" : "2",
        "fsync_on_close" : "1"
      },
      "read" : {
        "io_bytes" : 0,
        "io_kbytes" : 0,
        "bw_bytes" : 0,
        "bw" : 0,
        "iops" : 0.000000,
        "runtime" : 0,
        "total_ios" : 0,
        "short_ios" : 0,
        "drop_ios" : 0,
        "slat_ns" : {
          "min" : 0,
          "max" : 0,
          "mean" : 0.000000,
          "stddev" : 0.000000,
          "N" : 0
        },
        "clat_ns" : {
          "min" : 0,
          "max" : 0,
          "mean" : 0.000000,
          "stddev" : 0.000000,
          "N" : 0
        },
        "lat_ns" : {
          "min" : 0,
          "max" : 0,
          "mean" : 0.000000,
          "stddev" : 0.000000,
          "N" : 0
        },
        "bw_min" : 0,
        "bw_max" : 0,
        "bw_agg" : 0.000000,
        "bw_mean" : 0.000000,
        "bw_dev" : 0.000000,
        "bw_samples" : 0,
        "iops_min" : 0,
        "iops_max" : 0,
        "iops_mean" : 0.000000,
        "iops_stddev" : 0.000000,
        "iops_samples" : 0
      },
      "write" : {
        "io_bytes" : 1073741824,
        "io_kbytes" : 1048576,
        "bw_bytes" : 319566019,
        "bw" : 312076,
        "iops" : 78019.047619,
        "runtime" : 3360,
        "total_ios" : 262144,
        "short_ios" : 0,
        "drop_ios" : 0,
        "slat_ns" : {
          "min" : 2397,
          "max" : 177026,
          "mean" : 4066.342884,
          "stddev" : 3530.786304,
          "N" : 262144
        },
        "clat_ns" : {
          "min" : 49617,
          "max" : 3695876,
          "mean" : 195944.198997,
          "stddev" : 141868.678595,
          "N" : 262144,
          "percentile" : {
            "1.000000" : 88576,
            "5.000000" : 109056,
            "10.000000" : 121344,
            "20.000000" : 138240,
            "30.000000" : 148480,
            "40.000000" : 152576,
            "50.000000" : 158720,
            "60.000000" : 164864,
            "70.000000" : 177152,
            "80.000000" : 199680,
            "90.000000" : 346112,
            "95.000000" : 436224,
            "99.000000" : 659456,
            "99.500000" : 839680,
            "99.900000" : 1974272,
            "99.950000" : 2801664,
            "99.990000" : 3555328
          }
        },
        "lat_ns" : {
          "min" : 52796,
          "max" : 3698873,
          "mean" : 200010.541882,
          "stddev" : 142287.089617,
          "N" : 262144
        },
        "bw_min" : 266664,
        "bw_max" : 361824,
        "bw_agg" : 100.000000,
        "bw_mean" : 316657.333333,
        "bw_dev" : 18741.771670,
        "bw_samples" : 12,
        "iops_min" : 66668,
        "iops_max" : 90456,
        "iops_mean" : 79164.666667,
        "iops_stddev" : 4685.217113,
        "iops_samples" : 12
      },
      "trim" : {
        "io_bytes" : 0,
        "io_kbytes" : 0,
        "bw_bytes" : 0,
        "bw" : 0,
        "iops" : 0.000000,
        "runtime" : 0,
        "total_ios" : 0,
        "short_ios" : 0,
        "drop_ios" : 0,
        "slat_ns" : {
          "min" : 0,
          "max" : 0,
          "mean" : 0.000000,
          "stddev" : 0.000000,
          "N" : 0
        },
        "clat_ns" : {
          "min" : 0,
          "max" : 0,
          "mean" : 0.000000,
          "stddev" : 0.000000,
          "N" : 0
        },
        "lat_ns" : {
          "min" : 0,
          "max" : 0,
          "mean" : 0.000000,
          "stddev" : 0.000000,
          "N" : 0
        },
        "bw_min" : 0,
        "bw_max" : 0,
        "bw_agg" : 0.000000,
        "bw_mean" : 0.000000,
        "bw_dev" : 0.000000,
        "bw_samples" : 0,
        "iops_min" : 0,
        "iops_max" : 0,
        "iops_mean" : 0.000000,
        "iops_stddev" : 0.000000,
        "iops_samples" : 0
      },
      "sync" : {
        "total_ios" : 0,
        "lat_ns" : {
          "min" : 0,
          "max" : 0,
          "mean" : 0.000000,
          "stddev" : 0.000000,
          "N" : 0
        }
      },
      "job_runtime" : 6568,
      "usr_cpu" : 5.176614,
      "sys_cpu" : 16.306334,
      "ctx" : 38011,
      "majf" : 0,
      "minf" : 23,
      "iodepth_level" : {
        "1" : 0.100000,
        "2" : 0.100000,
        "4" : 0.100000,
        "8" : 99.994659,
        "16" : 0.000000,
        "32" : 0.000000,
        ">=64" : 0.000000
      },
      "iodepth_submit" : {
        "0" : 0.000000,
        "4" : 100.000000,
        "8" : 0.000000,
        "16" : 0.000000,
        "32" : 0.000000,
        "64" : 0.000000,
        ">=64" : 0.000000
      },
      "iodepth_complete" : {
        "0" : 0.000000,
        "4" : 99.999237,
        "8" : 0.100000,
        "16" : 0.000000,
        "32" : 0.000000,
        "64" : 0.000000,
        ">=64" : 0.000000
      },
      "latency_ns" : {
        "2" : 0.000000,
        "4" : 0.000000,
        "10" : 0.000000,
        "20" : 0.000000,
        "50" : 0.000000,
        "100" : 0.000000,
        "250" : 0.000000,
        "500" : 0.000000,
        "750" : 0.000000,
        "1000" : 0.000000
      },
      "latency_us" : {
        "2" : 0.000000,
        "4" : 0.000000,
        "10" : 0.000000,
        "20" : 0.000000,
        "50" : 0.010000,
        "100" : 2.650833,
        "250" : 83.196259,
        "500" : 11.090469,
        "750" : 2.324295,
        "1000" : 0.451660
      },
      "latency_ms" : {
        "2" : 0.186539,
        "4" : 0.099564,
        "10" : 0.000000,
        "20" : 0.000000,
        "50" : 0.000000,
        "100" : 0.000000,
        "250" : 0.000000,
        "500" : 0.000000,
        "750" : 0.000000,
        "1000" : 0.000000,
        "2000" : 0.000000,
        ">=2000" : 0.000000
      },
      "latency_depth" : 8,
      "latency_target" : 0,
      "latency_percentile" : 100.000000,
      "latency_window" : 0
    }
  ],
  "disk_util" : [
    {
      "name" : "vdc",
      "read_ios" : 0,
      "write_ios" : 248820,
      "read_merges" : 0,
      "write_merges" : 9,
      "read_ticks" : 0,
      "write_ticks" : 39044,
      "in_queue" : 39044,
      "util" : 51.592948
    }
  ]
}
