{
  "fio version" : "fio-3.33",
  "timestamp" : 1741614210,
  "timestamp_ms" : 1741614210872,
  "time" : "Mon Mar 10 19:13:30 2025",
  "global options" : {
    "directory" : "/disk1/fio_test"
  },
  "jobs" : [
    {
      "jobname" : "cassandra_hints",
      "groupid" : 0,
      "error" : 0,
      "eta" : 0,
      "elapsed" : 3,
      "job options" : {
        "name" : "cassandra_hints",
        "rw" : "write",
        "ioengine" : "libaio",
        "direct" : "1",
        "bs" : "4k",
        "size" : "512M",
        "iodepth" : "8",
        "numjobs" : "2",
        "fsync_on_close" : "1"
      },
      "read" : {
        "io_bytes" : 0,
        "io_kbytes" : 0,
        "bw_bytes" : 0,
        "bw" : 0,
        "iops" : 0.000000,
        "runtime" : 0,
        "total_ios" : 0,
        "short_ios" : 0,
        "drop_ios" : 0,
        "slat_ns" : {
          "min" : 0,
          "max" : 0,
          "mean" : 0.000000,
          "stddev" : 0.000000,
          "N" : 0
        },
        "clat_ns" : {
          "min" : 0,
          "max" : 0,
          "mean" : 0.000000,
          "stddev" : 0.000000,
          "N" : 0
        },
        "lat_ns" : {
          "min" : 0,
          "max" : 0,
          "mean" : 0.000000,
          "stddev" : 0.000000,
          "N" : 0
        },
        "bw_min" : 0,
        "bw_max" : 0,
        "bw_agg" : 0.000000,
        "bw_mean" : 0.000000,
        "bw_dev" : 0.000000,
        "bw_samples" : 0,
        "iops_min" : 0,
        "iops_max" : 0,
        "iops_mean" : 0.000000,
        "iops_stddev" : 0.000000,
        "iops_samples" : 0
      },
      "write" : {
        "io_bytes" : 1073741824,
        "io_kbytes" : 1048576,
        "bw_bytes" : 523265996,
        "bw" : 511001,
        "iops" : 127750.487329,
        "runtime" : 2052,
        "total_ios" : 262144,
        "short_ios" : 0,
        "drop_ios" : 0,
        "slat_ns" : {
          "min" : 2389,
          "max" : 75039,
          "mean" : 3316.170593,
          "stddev" : 1480.882998,
          "N" : 262144
        },
        "clat_ns" : {
          "min" : 36894,
          "max" : 1095013,
          "mean" : 121095.126953,
          "stddev" : 22425.417038,
          "N" : 262144,
          "percentile" : {
            "1.000000" : 102912,
            "5.000000" : 109056,
            "10.000000" : 113152,
            "20.000000" : 115200,
            "30.000000" : 116224,
            "40.000000" : 117248,
            "50.000000" : 118272,
            "60.000000" : 119296,
            "70.000000" : 120320,
            "80.000000" : 121344,
            "90.000000" : 125440,
            "95.000000" : 146432,
            "99.000000" : 162816,
            "99.500000" : 321536,
            "99.900000" : 428032,
            "99.950000" : 477184,
            "99.990000" : 561152
          }
        },
        "lat_ns" : {
          "min" : 40468,
          "max" : 1097669,
          "mean" : 124411.297546,
          "stddev" : 22556.710739,
          "N" : 262144
        },
        "bw_min" : 498496,
        "bw_max" : 524472,
        "bw_agg" : 100.000000,
        "bw_mean" : 513614.000000,
        "bw_dev" : 5696.620953,
        "bw_samples" : 8,
        "iops_min" : 124624,
        "iops_max" : 131118,
        "iops_mean" : 128403.500000,
        "iops_stddev" : 1424.155238,
        "iops_samples" : 8
      },
      "trim" : {
        "io_bytes" : 0,
        "io_kbytes" : 0,
        "bw_bytes" : 0,
        "bw" : 0,
        "iops" : 0.000000,
        "runtime" : 0,
        "total_ios" : 0,
        "short_ios" : 0,
        "drop_ios" : 0,
        "slat_ns" : {
          "min" : 0,
          "max" : 0,
          "mean" : 0.000000,
          "stddev" : 0.000000,
          "N" : 0
        },
        "clat_ns" : {
          "min" : 0,
          "max" : 0,
          "mean" : 0.000000,
          "stddev" : 0.000000,
          "N" : 0
        },
        "lat_ns" : {
          "min" : 0,
          "max" : 0,
          "mean" : 0.000000,
          "stddev" : 0.000000,
          "N" : 0
        },
        "bw_min" : 0,
        "bw_max" : 0,
        "bw_agg" : 0.000000,
        "bw_mean" : 0.000000,
        "bw_dev" : 0.000000,
        "bw_samples" : 0,
        "iops_min" : 0,
        "iops_max" : 0,
        "iops_mean" : 0.000000,
        "iops_stddev" : 0.000000,
        "iops_samples" : 0
      },
      "sync" : {
        "total_ios" : 0,
        "lat_ns" : {
          "min" : 0,
          "max" : 0,
          "mean" : 0.000000,
          "stddev" : 0.000000,
          "N" : 0
        }
      },
      "job_runtime" : 4088,
      "usr_cpu" : 7.534247,
      "sys_cpu" : 20.547945,
      "ctx" : 33103,
      "majf" : 0,
      "minf" : 25,
      "iodepth_level" : {
        "1" : 0.100000,
        "2" : 0.100000,
        "4" : 0.100000,
        "8" : 99.994659,
        "16" : 0.000000,
        "32" : 0.000000,
        ">=64" : 0.000000
      },
      "iodepth_submit" : {
        "0" : 0.000000,
        "4" : 100.000000,
        "8" : 0.000000,
        "16" : 0.000000,
        "32" : 0.000000,
        "64" : 0.000000,
        ">=64" : 0.000000
      },
      "iodepth_complete" : {
        "0" : 0.000000,
        "4" : 99.999237,
        "8" : 0.100000,
        "16" : 0.000000,
        "32" : 0.000000,
        "64" : 0.000000,
        ">=64" : 0.000000
      },
      "latency_ns" : {
        "2" : 0.000000,
        "4" : 0.000000,
        "10" : 0.000000,
        "20" : 0.000000,
        "50" : 0.000000,
        "100" : 0.000000,
        "250" : 0.000000,
        "500" : 0.000000,
        "750" : 0.000000,
        "1000" : 0.000000
      },
      "latency_us" : {
        "2" : 0.000000,
        "4" : 0.000000,
        "10" : 0.000000,
        "20" : 0.000000,
        "50" : 0.010000,
        "100" : 0.801086,
        "250" : 98.651505,
        "500" : 0.526047,
        "750" : 0.016403,
        "1000" : 0.000000
      },
      "latency_ms" : {
        "2" : 0.010000,
        "4" : 0.000000,
        "10" : 0.000000,
        "20" : 0.000000,
        "50" : 0.000000,
        "100" : 0.000000,
        "250" : 0.000000,
        "500" : 0.000000,
        "750" : 0.000000,
        "1000" : 0.000000,
        "2000" : 0.000000,
        ">=2000" : 0.000000
      },
      "latency_depth" : 8,
      "latency_target" : 0,
      "latency_percentile" : 100.000000,
      "latency_window" : 0
    }
  ],
  "disk_util" : [
    {
      "name" : "vdb",
      "read_ios" : 0,
      "write_ios" : 242319,
      "read_merges" : 0,
      "write_merges" : 0,
      "read_ticks" : 0,
      "write_ticks" : 21569,
      "in_queue" : 21569,
      "util" : 59.407928
    }
  ]
}
