{
  "fio version" : "fio-3.33",
  "timestamp" : 1741614562,
  "timestamp_ms" : 1741614562882,
  "time" : "Mon Mar 10 19:19:22 2025",
  "global options" : {
    "directory" : "/disk2/fio_test"
  },
  "jobs" : [
    {
      "jobname" : "cassandra_key_cache",
      "groupid" : 0,
      "error" : 0,
      "eta" : 0,
      "elapsed" : 61,
      "job options" : {
        "name" : "cassandra_key_cache",
        "rw" : "randread",
        "ioengine" : "libaio",
        "direct" : "1",
        "bs" : "4k",
        "size" : "1G",
        "iodepth" : "128",
        "numjobs" : "8",
        "runtime" : "60"
      },
      "read" : {
        "io_bytes" : 59228205056,
        "io_kbytes" : 57840044,
        "bw_bytes" : 987054496,
        "bw" : 963920,
        "iops" : 240980.101658,
        "runtime" : 60005,
        "total_ios" : 14460011,
        "short_ios" : 0,
        "drop_ios" : 0,
        "slat_ns" : {
          "min" : 951,
          "max" : 923203,
          "mean" : 3198.119452,
          "stddev" : 4460.397950,
          "N" : 14460011
        },
        "clat_ns" : {
          "min" : 169847,
          "max" : 493039531,
          "mean" : 4245234.000836,
          "stddev" : 2219995.829377,
          "N" : 14460011,
          "percentile" : {
            "1.000000" : 626688,
            "5.000000" : 3096576,
            "10.000000" : 3325952,
            "20.000000" : 3653632,
            "30.000000" : 3915776,
            "40.000000" : 4112384,
            "50.000000" : 4227072,
            "60.000000" : 4358144,
            "70.000000" : 4489216,
            "80.000000" : 4620288,
            "90.000000" : 5013504,
            "95.000000" : 5406720,
            "99.000000" : 8093696,
            "99.500000" : 8585216,
            "99.900000" : 21102592,
            "99.950000" : 33423360,
            "99.990000" : 56360960
          }
        },
        "lat_ns" : {
          "min" : 171965,
          "max" : 493043820,
          "mean" : 4248432.120288,
          "stddev" : 2220014.634040,
          "N" : 14460011
        },
        "bw_min" : 531136,
        "bw_max" : 1369248,
        "bw_agg" : 100.000000,
        "bw_mean" : 965347.478992,
        "bw_dev" : 13482.924077,
        "bw_samples" : 952,
        "iops_min" : 132784,
        "iops_max" : 342312,
        "iops_mean" : 241335.991597,
        "iops_stddev" : 3370.725545,
        "iops_samples" : 952
      },
      "write" : {
        "io_bytes" : 0,
        "io_kbytes" : 0,
        "bw_bytes" : 0,
        "bw" : 0,
        "iops" : 0.000000,
        "runtime" : 0,
        "total_ios" : 0,
        "short_ios" : 0,
        "drop_ios" : 0,
        "slat_ns" : {
          "min" : 0,
          "max" : 0,
          "mean" : 0.000000,
          "stddev" : 0.000000,
          "N" : 0
        },
        "clat_ns" : {
          "min" : 0,
          "max" : 0,
          "mean" : 0.000000,
          "stddev" : 0.000000,
          "N" : 0
        },
        "lat_ns" : {
          "min" : 0,
          "max" : 0,
          "mean" : 0.000000,
          "stddev" : 0.000000,
          "N" : 0
        },
        "bw_min" : 0,
        "bw_max" : 0,
        "bw_agg" : 0.000000,
        "bw_mean" : 0.000000,
        "bw_dev" : 0.000000,
        "bw_samples" : 0,
        "iops_min" : 0,
        "iops_max" : 0,
        "iops_mean" : 0.000000,
        "iops_stddev" : 0.000000,
        "iops_samples" : 0
      },
      "trim" : {
        "io_bytes" : 0,
        "io_kbytes" : 0,
        "bw_bytes" : 0,
        "bw" : 0,
        "iops" : 0.000000,
        "runtime" : 0,
        "total_ios" : 0,
        "short_ios" : 0,
        "drop_ios" : 0,
        "slat_ns" : {
          "min" : 0,
          "max" : 0,
          "mean" : 0.000000,
          "stddev" : 0.000000,
          "N" : 0
        },
        "clat_ns" : {
          "min" : 0,
          "max" : 0,
          "mean" : 0.000000,
          "stddev" : 0.000000,
          "N" : 0
        },
        "lat_ns" : {
          "min" : 0,
          "max" : 0,
          "mean" : 0.000000,
          "stddev" : 0.000000,
          "N" : 0
        },
        "bw_min" : 0,
        "bw_max" : 0,
        "bw_agg" : 0.000000,
        "bw_mean" : 0.000000,
        "bw_dev" : 0.000000,
        "bw_samples" : 0,
        "iops_min" : 0,
        "iops_max" : 0,
        "iops_mean" : 0.000000,
        "iops_stddev" : 0.000000,
        "iops_samples" : 0
      },
      "sync" : {
        "total_ios" : 0,
        "lat_ns" : {
          "min" : 0,
          "max" : 0,
          "mean" : 0.000000,
          "stddev" : 0.000000,
          "N" : 0
        }
      },
      "job_runtime" : 480021,
      "usr_cpu" : 5.805163,
      "sys_cpu" : 14.297916,
      "ctx" : 2420886,
      "majf" : 0,
      "minf" : 1119,
      "iodepth_level" : {
        "1" : 0.100000,
        "2" : 0.100000,
        "4" : 0.100000,
        "8" : 0.100000,
        "16" : 0.100000,
        "32" : 0.100000,
        ">=64" : 99.996515
      },
      "iodepth_submit" : {
        "0" : 0.000000,
        "4" : 100.000000,
        "8" : 0.000000,
        "16" : 0.000000,
        "32" : 0.000000,
        "64" : 0.000000,
        ">=64" : 0.000000
      },
      "iodepth_complete" : {
        "0" : 0.000000,
        "4" : 99.999945,
        "8" : 0.000000,
        "16" : 0.000000,
        "32" : 0.000000,
        "64" : 0.000000,
        ">=64" : 0.100000
      },
      "latency_ns" : {
        "2" : 0.000000,
        "4" : 0.000000,
        "10" : 0.000000,
        "20" : 0.000000,
        "50" : 0.000000,
        "100" : 0.000000,
        "250" : 0.000000,
        "500" : 0.000000,
        "750" : 0.000000,
        "1000" : 0.000000
      },
      "latency_us" : {
        "2" : 0.000000,
        "4" : 0.000000,
        "10" : 0.000000,
        "20" : 0.000000,
        "50" : 0.000000,
        "100" : 0.000000,
        "250" : 0.010000,
        "500" : 0.315525,
        "750" : 1.379556,
        "1000" : 0.814038
      },
      "latency_ms" : {
        "2" : 0.283548,
        "4" : 31.171138,
        "10" : 65.771541,
        "20" : 0.147870,
        "50" : 0.103928,
        "100" : 0.010000,
        "250" : 0.010000,
        "500" : 0.010000,
        "750" : 0.000000,
        "1000" : 0.000000,
        "2000" : 0.000000,
        ">=2000" : 0.000000
      },
      "latency_depth" : 128,
      "latency_target" : 0,
      "latency_percentile" : 100.000000,
      "latency_window" : 0
    }
  ],
  "disk_util" : [
    {
      "name" : "vdc",
      "read_ios" : 14409316,
      "write_ios" : 7,
      "read_merges" : 0,
      "write_merges" : 63,
      "read_ticks" : 60088232,
      "write_ticks" : 29,
      "in_queue" : 60088262,
      "util" : 56.836228
    }
  ]
}
