{
  "fio version" : "fio-3.33",
  "timestamp" : 1741614340,
  "timestamp_ms" : 1741614340245,
  "time" : "Mon Mar 10 19:15:40 2025",
  "global options" : {
    "directory" : "/disk2/fio_test"
  },
  "jobs" : [
    {
      "jobname" : "cassandra_random_read",
      "groupid" : 0,
      "error" : 0,
      "eta" : 0,
      "elapsed" : 61,
      "job options" : {
        "name" : "cassandra_random_read",
        "rw" : "randread",
        "ioengine" : "libaio",
        "direct" : "1",
        "bs" : "8k",
        "size" : "2G",
        "iodepth" : "64",
        "numjobs" : "8",
        "runtime" : "60"
      },
      "read" : {
        "io_bytes" : 63682928640,
        "io_kbytes" : 62190360,
        "bw_bytes" : 1061293702,
        "bw" : 1036419,
        "iops" : 129552.453962,
        "runtime" : 60005,
        "total_ios" : 7773795,
        "short_ios" : 0,
        "drop_ios" : 0,
        "slat_ns" : {
          "min" : 1136,
          "max" : 1053751,
          "mean" : 5057.073609,
          "stddev" : 6532.223282,
          "N" : 7773795
        },
        "clat_ns" : {
          "min" : 228788,
          "max" : 12487573,
          "mean" : 3945857.472570,
          "stddev" : 1281163.016590,
          "N" : 7773795,
          "percentile" : {
            "1.000000" : 1941504,
            "5.000000" : 2244608,
            "10.000000" : 2441216,
            "20.000000" : 2736128,
            "30.000000" : 3096576,
            "40.000000" : 3457024,
            "50.000000" : 3817472,
            "60.000000" : 4145152,
            "70.000000" : 4489216,
            "80.000000" : 4947968,
            "90.000000" : 5668864,
            "95.000000" : 6324224,
            "99.000000" : 7569408,
            "99.500000" : 8028160,
            "99.900000" : 9109504,
            "99.950000" : 9502720,
            "99.990000" : 10420224
          }
        },
        "lat_ns" : {
          "min" : 231253,
          "max" : 12510413,
          "mean" : 3950914.546180,
          "stddev" : 1281288.019957,
          "N" : 7773795
        },
        "bw_min" : 939616,
        "bw_max" : 1088832,
        "bw_agg" : 100.000000,
        "bw_mean" : 1037788.773109,
        "bw_dev" : 2753.562046,
        "bw_samples" : 952,
        "iops_min" : 117452,
        "iops_max" : 136104,
        "iops_mean" : 129723.579832,
        "iops_stddev" : 344.194256,
        "iops_samples" : 952
      },
      "write" : {
        "io_bytes" : 0,
        "io_kbytes" : 0,
        "bw_bytes" : 0,
        "bw" : 0,
        "iops" : 0.000000,
        "runtime" : 0,
        "total_ios" : 0,
        "short_ios" : 0,
        "drop_ios" : 0,
        "slat_ns" : {
          "min" : 0,
          "max" : 0,
          "mean" : 0.000000,
          "stddev" : 0.000000,
          "N" : 0
        },
        "clat_ns" : {
          "min" : 0,
          "max" : 0,
          "mean" : 0.000000,
          "stddev" : 0.000000,
          "N" : 0
        },
        "lat_ns" : {
          "min" : 0,
          "max" : 0,
          "mean" : 0.000000,
          "stddev" : 0.000000,
          "N" : 0
        },
        "bw_min" : 0,
        "bw_max" : 0,
        "bw_agg" : 0.000000,
        "bw_mean" : 0.000000,
        "bw_dev" : 0.000000,
        "bw_samples" : 0,
        "iops_min" : 0,
        "iops_max" : 0,
        "iops_mean" : 0.000000,
        "iops_stddev" : 0.000000,
        "iops_samples" : 0
      },
      "trim" : {
        "io_bytes" : 0,
        "io_kbytes" : 0,
        "bw_bytes" : 0,
        "bw" : 0,
        "iops" : 0.000000,
        "runtime" : 0,
        "total_ios" : 0,
        "short_ios" : 0,
        "drop_ios" : 0,
        "slat_ns" : {
          "min" : 0,
          "max" : 0,
          "mean" : 0.000000,
          "stddev" : 0.000000,
          "N" : 0
        },
        "clat_ns" : {
          "min" : 0,
          "max" : 0,
          "mean" : 0.000000,
          "stddev" : 0.000000,
          "N" : 0
        },
        "lat_ns" : {
          "min" : 0,
          "max" : 0,
          "mean" : 0.000000,
          "stddev" : 0.000000,
          "N" : 0
        },
        "bw_min" : 0,
        "bw_max" : 0,
        "bw_agg" : 0.000000,
        "bw_mean" : 0.000000,
        "bw_dev" : 0.000000,
        "bw_samples" : 0,
        "iops_min" : 0,
        "iops_max" : 0,
        "iops_mean" : 0.000000,
        "iops_stddev" : 0.000000,
        "iops_samples" : 0
      },
      "sync" : {
        "total_ios" : 0,
        "lat_ns" : {
          "min" : 0,
          "max" : 0,
          "mean" : 0.000000,
          "stddev" : 0.000000,
          "N" : 0
        }
      },
      "job_runtime" : 480032,
      "usr_cpu" : 5.602127,
      "sys_cpu" : 15.023373,
      "ctx" : 3317979,
      "majf" : 0,
      "minf" : 1102,
      "iodepth_level" : {
        "1" : 0.100000,
        "2" : 0.100000,
        "4" : 0.100000,
        "8" : 0.100000,
        "16" : 0.100000,
        "32" : 0.100000,
        ">=64" : 99.993517
      },
      "iodepth_submit" : {
        "0" : 0.000000,
        "4" : 100.000000,
        "8" : 0.000000,
        "16" : 0.000000,
        "32" : 0.000000,
        "64" : 0.000000,
        ">=64" : 0.000000
      },
      "iodepth_complete" : {
        "0" : 0.000000,
        "4" : 99.999897,
        "8" : 0.000000,
        "16" : 0.000000,
        "32" : 0.000000,
        "64" : 0.100000,
        ">=64" : 0.000000
      },
      "latency_ns" : {
        "2" : 0.000000,
        "4" : 0.000000,
        "10" : 0.000000,
        "20" : 0.000000,
        "50" : 0.000000,
        "100" : 0.000000,
        "250" : 0.000000,
        "500" : 0.000000,
        "750" : 0.000000,
        "1000" : 0.000000
      },
      "latency_us" : {
        "2" : 0.000000,
        "4" : 0.000000,
        "10" : 0.000000,
        "20" : 0.000000,
        "50" : 0.000000,
        "100" : 0.000000,
        "250" : 0.010000,
        "500" : 0.010000,
        "750" : 0.010000,
        "1000" : 0.015861
      },
      "latency_ms" : {
        "2" : 1.327215,
        "4" : 54.065035,
        "10" : 44.565441,
        "20" : 0.022010,
        "50" : 0.000000,
        "100" : 0.000000,
        "250" : 0.000000,
        "500" : 0.000000,
        "750" : 0.000000,
        "1000" : 0.000000,
        "2000" : 0.000000,
        ">=2000" : 0.000000
      },
      "latency_depth" : 64,
      "latency_target" : 0,
      "latency_percentile" : 100.000000,
      "latency_window" : 0
    }
  ],
  "disk_util" : [
    {
      "name" : "vdc",
      "read_ios" : 7755404,
      "write_ios" : 1,
      "read_merges" : 0,
      "write_merges" : 0,
      "read_ticks" : 30411104,
      "write_ticks" : 2,
      "in_queue" : 30411107,
      "util" : 81.935516
    }
  ]
}
