{
  "fio version" : "fio-3.33",
  "timestamp" : 1741614805,
  "timestamp_ms" : 1741614805874,
  "time" : "Mon Mar 10 19:23:25 2025",
  "global options" : {
    "directory" : "/disk2/fio_test"
  },
  "jobs" : [
    {
      "jobname" : "cassandra_oltp",
      "groupid" : 0,
      "error" : 0,
      "eta" : 0,
      "elapsed" : 61,
      "job options" : {
        "name" : "cassandra_oltp",
        "rw" : "randrw",
        "rwmixread" : "65",
        "ioengine" : "libaio",
        "direct" : "1",
        "bs" : "8k",
        "size" : "2G",
        "iodepth" : "32",
        "numjobs" : "16",
        "runtime" : "60"
      },
      "read" : {
        "io_bytes" : 26626170880,
        "io_kbytes" : 26002120,
        "bw_bytes" : 443710353,
        "bw" : 433310,
        "iops" : 54163.861485,
        "runtime" : 60008,
        "total_ios" : 3250265,
        "short_ios" : 0,
        "drop_ios" : 0,
        "slat_ns" : {
          "min" : 1788,
          "max" : 1144784,
          "mean" : 10854.006243,
          "stddev" : 12004.705320,
          "N" : 3250265
        },
        "clat_ns" : {
          "min" : 254178,
          "max" : 24698742,
          "mean" : 7038488.470619,
          "stddev" : 2314645.008725,
          "N" : 3250265,
          "percentile" : {
            "1.000000" : 2867200,
            "5.000000" : 3915776,
            "10.000000" : 4489216,
            "20.000000" : 5079040,
            "30.000000" : 5603328,
            "40.000000" : 6127616,
            "50.000000" : 6717440,
            "60.000000" : 7307264,
            "70.000000" : 7962624,
            "80.000000" : 8847360,
            "90.000000" : 10158080,
            "95.000000" : 11337728,
            "99.000000" : 13828096,
            "99.500000" : 14876672,
            "99.900000" : 17170432,
            "99.950000" : 17694720,
            "99.990000" : 19267584
          }
        },
        "lat_ns" : {
          "min" : 257192,
          "max" : 24702374,
          "mean" : 7049342.476861,
          "stddev" : 2314774.720836,
          "N" : 3250265
        },
        "bw_min" : 404992,
        "bw_max" : 459776,
        "bw_agg" : 100.000000,
        "bw_mean" : 433829.109244,
        "bw_dev" : 819.867424,
        "bw_samples" : 1904,
        "iops_min" : 50624,
        "iops_max" : 57472,
        "iops_mean" : 54228.638655,
        "iops_stddev" : 102.483428,
        "iops_samples" : 1904
      },
      "write" : {
        "io_bytes" : 14368464896,
        "io_kbytes" : 14031704,
        "bw_bytes" : 239442489,
        "bw" : 233830,
        "iops" : 29228.819491,
        "runtime" : 60008,
        "total_ios" : 1753963,
        "short_ios" : 0,
        "drop_ios" : 0,
        "slat_ns" : {
          "min" : 1963,
          "max" : 405371,
          "mean" : 11957.258647,
          "stddev" : 12168.304996,
          "N" : 1753963
        },
        "clat_ns" : {
          "min" : 111619,
          "max" : 30116380,
          "mean" : 4434238.647604,
          "stddev" : 2659798.522522,
          "N" : 1753963,
          "percentile" : {
            "1.000000" : 1417216,
            "5.000000" : 2007040,
            "10.000000" : 2310144,
            "20.000000" : 2736128,
            "30.000000" : 3096576,
            "40.000000" : 3424256,
            "50.000000" : 3850240,
            "60.000000" : 4423680,
            "70.000000" : 5079040,
            "80.000000" : 5603328,
            "90.000000" : 6258688,
            "95.000000" : 7700480,
            "99.000000" : 18219008,
            "99.500000" : 19791872,
            "99.900000" : 22413312,
            "99.950000" : 23199744,
            "99.990000" : 25034752
          }
        },
        "lat_ns" : {
          "min" : 116038,
          "max" : 30118990,
          "mean" : 4446195.906251,
          "stddev" : 2660071.056874,
          "N" : 1753963
        },
        "bw_min" : 209760,
        "bw_max" : 258560,
        "bw_agg" : 100.000000,
        "bw_mean" : 234084.840336,
        "bw_dev" : 625.024250,
        "bw_samples" : 1904,
        "iops_min" : 26220,
        "iops_max" : 32320,
        "iops_mean" : 29260.605042,
        "iops_stddev" : 78.128031,
        "iops_samples" : 1904
      },
      "trim" : {
        "io_bytes" : 0,
        "io_kbytes" : 0,
        "bw_bytes" : 0,
        "bw" : 0,
        "iops" : 0.000000,
        "runtime" : 0,
        "total_ios" : 0,
        "short_ios" : 0,
        "drop_ios" : 0,
        "slat_ns" : {
          "min" : 0,
          "max" : 0,
          "mean" : 0.000000,
          "stddev" : 0.000000,
          "N" : 0
        },
        "clat_ns" : {
          "min" : 0,
          "max" : 0,
          "mean" : 0.000000,
          "stddev" : 0.000000,
          "N" : 0
        },
        "lat_ns" : {
          "min" : 0,
          "max" : 0,
          "mean" : 0.000000,
          "stddev" : 0.000000,
          "N" : 0
        },
        "bw_min" : 0,
        "bw_max" : 0,
        "bw_agg" : 0.000000,
        "bw_mean" : 0.000000,
        "bw_dev" : 0.000000,
        "bw_samples" : 0,
        "iops_min" : 0,
        "iops_max" : 0,
        "iops_mean" : 0.000000,
        "iops_stddev" : 0.000000,
        "iops_samples" : 0
      },
      "sync" : {
        "total_ios" : 0,
        "lat_ns" : {
          "min" : 0,
          "max" : 0,
          "mean" : 0.000000,
          "stddev" : 0.000000,
          "N" : 0
        }
      },
      "job_runtime" : 960105,
      "usr_cpu" : 3.406607,
      "sys_cpu" : 8.732170,
      "ctx" : 2670051,
      "majf" : 0,
      "minf" : 192,
      "iodepth_level" : {
        "1" : 0.100000,
        "2" : 0.100000,
        "4" : 0.100000,
        "8" : 0.100000,
        "16" : 0.100000,
        "32" : 99.990088,
        ">=64" : 0.000000
      },
      "iodepth_submit" : {
        "0" : 0.000000,
        "4" : 100.000000,
        "8" : 0.000000,
        "16" : 0.000000,
        "32" : 0.000000,
        "64" : 0.000000,
        ">=64" : 0.000000
      },
      "iodepth_complete" : {
        "0" : 0.000000,
        "4" : 99.999680,
        "8" : 0.000000,
        "16" : 0.000000,
        "32" : 0.100000,
        "64" : 0.000000,
        ">=64" : 0.000000
      },
      "latency_ns" : {
        "2" : 0.000000,
        "4" : 0.000000,
        "10" : 0.000000,
        "20" : 0.000000,
        "50" : 0.000000,
        "100" : 0.000000,
        "250" : 0.000000,
        "500" : 0.000000,
        "750" : 0.000000,
        "1000" : 0.000000
      },
      "latency_us" : {
        "2" : 0.000000,
        "4" : 0.000000,
        "10" : 0.000000,
        "20" : 0.000000,
        "50" : 0.000000,
        "100" : 0.000000,
        "250" : 0.010000,
        "500" : 0.024619,
        "750" : 0.039786,
        "1000" : 0.069481
      },
      "latency_ms" : {
        "2" : 1.692529,
        "4" : 20.537034,
        "10" : 69.508504,
        "20" : 7.954534,
        "50" : 0.170516,
        "100" : 0.000000,
        "250" : 0.000000,
        "500" : 0.000000,
        "750" : 0.000000,
        "1000" : 0.000000,
        "2000" : 0.000000,
        ">=2000" : 0.000000
      },
      "latency_depth" : 32,
      "latency_target" : 0,
      "latency_percentile" : 100.000000,
      "latency_window" : 0
    }
  ],
  "disk_util" : [
    {
      "name" : "vdc",
      "read_ios" : 3247625,
      "write_ios" : 1752598,
      "read_merges" : 0,
      "write_merges" : 0,
      "read_ticks" : 22618199,
      "write_ticks" : 7621016,
      "in_queue" : 30239214,
      "util" : 67.742151
    }
  ]
}
