{
  "fio version" : "fio-3.33",
  "timestamp" : 1741614108,
  "timestamp_ms" : 1741614108735,
  "time" : "Mon Mar 10 19:11:48 2025",
  "global options" : {
    "directory" : "/disk1/fio_test"
  },
  "jobs" : [
    {
      "jobname" : "cassandra_repair",
      "groupid" : 0,
      "error" : 0,
      "eta" : 0,
      "elapsed" : 61,
      "job options" : {
        "name" : "cassandra_repair",
        "rw" : "randrw",
        "rwmixread" : "80",
        "ioengine" : "libaio",
        "direct" : "1",
        "bs" : "64k",
        "size" : "2G",
        "iodepth" : "16",
        "numjobs" : "4",
        "runtime" : "60"
      },
      "read" : {
        "io_bytes" : 152539037696,
        "io_kbytes" : 148963904,
        "bw_bytes" : 2542232553,
        "bw" : 2482648,
        "iops" : 38791.390287,
        "runtime" : 60002,
        "total_ios" : 2327561,
        "short_ios" : 0,
        "drop_ios" : 0,
        "slat_ns" : {
          "min" : 2308,
          "max" : 733706,
          "mean" : 10166.530924,
          "stddev" : 10158.511855,
          "N" : 2327561
        },
        "clat_ns" : {
          "min" : 102797,
          "max" : 3755934,
          "mean" : 712988.363879,
          "stddev" : 268213.656202,
          "N" : 2327561,
          "percentile" : {
            "1.000000" : 284672,
            "5.000000" : 366592,
            "10.000000" : 411648,
            "20.000000" : 477184,
            "30.000000" : 544768,
            "40.000000" : 610304,
            "50.000000" : 675840,
            "60.000000" : 749568,
            "70.000000" : 815104,
            "80.000000" : 905216,
            "90.000000" : 1056768,
            "95.000000" : 1220608,
            "99.000000" : 1531904,
            "99.500000" : 1662976,
            "99.900000" : 1974272,
            "99.950000" : 2113536,
            "99.990000" : 2473984
          }
        },
        "lat_ns" : {
          "min" : 135224,
          "max" : 3760444,
          "mean" : 723154.894803,
          "stddev" : 268865.072274,
          "N" : 2327561
        },
        "bw_min" : 2212736,
        "bw_max" : 2712320,
        "bw_agg" : 100.000000,
        "bw_mean" : 2485229.336134,
        "bw_dev" : 21880.682231,
        "bw_samples" : 476,
        "iops_min" : 34574,
        "iops_max" : 42380,
        "iops_mean" : 38831.579832,
        "iops_stddev" : 341.896869,
        "iops_samples" : 476
      },
      "write" : {
        "io_bytes" : 38318899200,
        "io_kbytes" : 37420800,
        "bw_bytes" : 638627032,
        "bw" : 623659,
        "iops" : 9744.675177,
        "runtime" : 60002,
        "total_ios" : 584700,
        "short_ios" : 0,
        "drop_ios" : 0,
        "slat_ns" : {
          "min" : 3191,
          "max" : 292419,
          "mean" : 13302.803947,
          "stddev" : 10331.367942,
          "N" : 584700
        },
        "clat_ns" : {
          "min" : 42254,
          "max" : 20394612,
          "mean" : 3667330.488599,
          "stddev" : 3231370.416960,
          "N" : 584700,
          "percentile" : {
            "1.000000" : 90624,
            "5.000000" : 130560,
            "10.000000" : 173056,
            "20.000000" : 333824,
            "30.000000" : 432128,
            "40.000000" : 1011712,
            "50.000000" : 3358720,
            "60.000000" : 5210112,
            "70.000000" : 6193152,
            "80.000000" : 7045120,
            "90.000000" : 7962624,
            "95.000000" : 8716288,
            "99.000000" : 10158080,
            "99.500000" : 10682368,
            "99.900000" : 11862016,
            "99.950000" : 12386304,
            "99.990000" : 13828096
          }
        },
        "lat_ns" : {
          "min" : 50012,
          "max" : 20405246,
          "mean" : 3680633.292547,
          "stddev" : 3231438.391069,
          "N" : 584700
        },
        "bw_min" : 572706,
        "bw_max" : 666496,
        "bw_agg" : 100.000000,
        "bw_mean" : 624246.235294,
        "bw_dev" : 5119.376870,
        "bw_samples" : 476,
        "iops_min" : 8948,
        "iops_max" : 10414,
        "iops_mean" : 9753.705882,
        "iops_stddev" : 80.014571,
        "iops_samples" : 476
      },
      "trim" : {
        "io_bytes" : 0,
        "io_kbytes" : 0,
        "bw_bytes" : 0,
        "bw" : 0,
        "iops" : 0.000000,
        "runtime" : 0,
        "total_ios" : 0,
        "short_ios" : 0,
        "drop_ios" : 0,
        "slat_ns" : {
          "min" : 0,
          "max" : 0,
          "mean" : 0.000000,
          "stddev" : 0.000000,
          "N" : 0
        },
        "clat_ns" : {
          "min" : 0,
          "max" : 0,
          "mean" : 0.000000,
          "stddev" : 0.000000,
          "N" : 0
        },
        "lat_ns" : {
          "min" : 0,
          "max" : 0,
          "mean" : 0.000000,
          "stddev" : 0.000000,
          "N" : 0
        },
        "bw_min" : 0,
        "bw_max" : 0,
        "bw_agg" : 0.000000,
        "bw_mean" : 0.000000,
        "bw_dev" : 0.000000,
        "bw_samples" : 0,
        "iops_min" : 0,
        "iops_max" : 0,
        "iops_mean" : 0.000000,
        "iops_stddev" : 0.000000,
        "iops_samples" : 0
      },
      "sync" : {
        "total_ios" : 0,
        "lat_ns" : {
          "min" : 0,
          "max" : 0,
          "mean" : 0.000000,
          "stddev" : 0.000000,
          "N" : 0
        }
      },
      "job_runtime" : 240004,
      "usr_cpu" : 5.525741,
      "sys_cpu" : 18.360527,
      "ctx" : 1304822,
      "majf" : 0,
      "minf" : 49,
      "iodepth_level" : {
        "1" : 0.100000,
        "2" : 0.100000,
        "4" : 0.100000,
        "8" : 0.100000,
        "16" : 99.997940,
        "32" : 0.000000,
        ">=64" : 0.000000
      },
      "iodepth_submit" : {
        "0" : 0.000000,
        "4" : 100.000000,
        "8" : 0.000000,
        "16" : 0.000000,
        "32" : 0.000000,
        "64" : 0.000000,
        ">=64" : 0.000000
      },
      "iodepth_complete" : {
        "0" : 0.000000,
        "4" : 99.999863,
        "8" : 0.000000,
        "16" : 0.100000,
        "32" : 0.000000,
        "64" : 0.000000,
        ">=64" : 0.000000
      },
      "latency_ns" : {
        "2" : 0.000000,
        "4" : 0.000000,
        "10" : 0.000000,
        "20" : 0.000000,
        "50" : 0.000000,
        "100" : 0.000000,
        "250" : 0.000000,
        "500" : 0.000000,
        "750" : 0.000000,
        "1000" : 0.000000
      },
      "latency_us" : {
        "2" : 0.000000,
        "4" : 0.000000,
        "10" : 0.000000,
        "20" : 0.000000,
        "50" : 0.010000,
        "100" : 0.352304,
        "250" : 3.074484,
        "500" : 22.073983,
        "750" : 30.448336,
        "1000" : 21.422943
      },
      "latency_ms" : {
        "2" : 11.368384,
        "4" : 1.778137,
        "10" : 9.246458,
        "20" : 0.234594,
        "50" : 0.010000,
        "100" : 0.000000,
        "250" : 0.000000,
        "500" : 0.000000,
        "750" : 0.000000,
        "1000" : 0.000000,
        "2000" : 0.000000,
        ">=2000" : 0.000000
      },
      "latency_depth" : 16,
      "latency_target" : 0,
      "latency_percentile" : 100.000000,
      "latency_window" : 0
    }
  ],
  "disk_util" : [
    {
      "name" : "vdb",
      "read_ios" : 2319778,
      "write_ios" : 582681,
      "read_merges" : 0,
      "write_merges" : 0,
      "read_ticks" : 1547419,
      "write_ticks" : 2089958,
      "in_queue" : 3637377,
      "util" : 76.397661
    }
  ]
}
