{
  "fio version" : "fio-3.33",
  "timestamp" : 1741614479,
  "timestamp_ms" : 1741614479039,
  "time" : "Mon Mar 10 19:17:59 2025",
  "global options" : {
    "directory" : "/disk2/fio_test"
  },
  "jobs" : [
    {
      "jobname" : "cassandra_compaction",
      "groupid" : 0,
      "error" : 0,
      "eta" : 0,
      "elapsed" : 61,
      "job options" : {
        "name" : "cassandra_compaction",
        "rw" : "readwrite",
        "rwmixread" : "70",
        "ioengine" : "libaio",
        "direct" : "1",
        "bs" : "64k",
        "size" : "2G",
        "iodepth" : "16",
        "numjobs" : "4",
        "runtime" : "60"
      },
      "read" : {
        "io_bytes" : 34312355840,
        "io_kbytes" : 33508160,
        "bw_bytes" : 571805886,
        "bw" : 558404,
        "iops" : 8725.065409,
        "runtime" : 60007,
        "total_ios" : 523565,
        "short_ios" : 0,
        "drop_ios" : 0,
        "slat_ns" : {
          "min" : 3404,
          "max" : 255946,
          "mean" : 16369.801839,
          "stddev" : 14726.515459,
          "N" : 523565
        },
        "clat_ns" : {
          "min" : 271597,
          "max" : 11889090,
          "mean" : 5874829.689630,
          "stddev" : 1569255.499218,
          "N" : 523565,
          "percentile" : {
            "1.000000" : 1253376,
            "5.000000" : 2605056,
            "10.000000" : 3719168,
            "20.000000" : 4816896,
            "30.000000" : 5406720,
            "40.000000" : 5799936,
            "50.000000" : 6127616,
            "60.000000" : 6389760,
            "70.000000" : 6651904,
            "80.000000" : 7045120,
            "90.000000" : 7569408,
            "95.000000" : 8093696,
            "99.000000" : 8978432,
            "99.500000" : 9371648,
            "99.900000" : 9895936,
            "99.950000" : 10158080,
            "99.990000" : 10551296
          }
        },
        "lat_ns" : {
          "min" : 279547,
          "max" : 11893934,
          "mean" : 5891199.491469,
          "stddev" : 1569305.976965,
          "N" : 523565
        },
        "bw_min" : 509696,
        "bw_max" : 649856,
        "bw_agg" : 100.000000,
        "bw_mean" : 559111.529412,
        "bw_dev" : 7248.227743,
        "bw_samples" : 476,
        "iops_min" : 7964,
        "iops_max" : 10154,
        "iops_mean" : 8736.117647,
        "iops_stddev" : 113.253558,
        "iops_samples" : 476
      },
      "write" : {
        "io_bytes" : 14738063360,
        "io_kbytes" : 14392640,
        "bw_bytes" : 245605735,
        "bw" : 239849,
        "iops" : 3747.646108,
        "runtime" : 60007,
        "total_ios" : 224885,
        "short_ios" : 0,
        "drop_ios" : 0,
        "slat_ns" : {
          "min" : 4547,
          "max" : 148022,
          "mean" : 19624.570042,
          "stddev" : 14706.021834,
          "N" : 224885
        },
        "clat_ns" : {
          "min" : 140869,
          "max" : 25885712,
          "mean" : 3333443.257927,
          "stddev" : 3847216.075909,
          "N" : 224885,
          "percentile" : {
            "1.000000" : 337920,
            "5.000000" : 444416,
            "10.000000" : 536576,
            "20.000000" : 724992,
            "30.000000" : 954368,
            "40.000000" : 1351680,
            "50.000000" : 1892352,
            "60.000000" : 2637824,
            "70.000000" : 3555328,
            "80.000000" : 4816896,
            "90.000000" : 8978432,
            "95.000000" : 11730944,
            "99.000000" : 18481152,
            "99.500000" : 20054016,
            "99.900000" : 22413312,
            "99.950000" : 22937600,
            "99.990000" : 24772608
          }
        },
        "lat_ns" : {
          "min" : 154877,
          "max" : 25925035,
          "mean" : 3353067.827970,
          "stddev" : 3847089.285304,
          "N" : 224885
        },
        "bw_min" : 205056,
        "bw_max" : 282240,
        "bw_agg" : 100.000000,
        "bw_mean" : 240179.630252,
        "bw_dev" : 3950.276656,
        "bw_samples" : 476,
        "iops_min" : 3204,
        "iops_max" : 4410,
        "iops_mean" : 3752.806723,
        "iops_stddev" : 61.713249,
        "iops_samples" : 476
      },
      "trim" : {
        "io_bytes" : 0,
        "io_kbytes" : 0,
        "bw_bytes" : 0,
        "bw" : 0,
        "iops" : 0.000000,
        "runtime" : 0,
        "total_ios" : 0,
        "short_ios" : 0,
        "drop_ios" : 0,
        "slat_ns" : {
          "min" : 0,
          "max" : 0,
          "mean" : 0.000000,
          "stddev" : 0.000000,
          "N" : 0
        },
        "clat_ns" : {
          "min" : 0,
          "max" : 0,
          "mean" : 0.000000,
          "stddev" : 0.000000,
          "N" : 0
        },
        "lat_ns" : {
          "min" : 0,
          "max" : 0,
          "mean" : 0.000000,
          "stddev" : 0.000000,
          "N" : 0
        },
        "bw_min" : 0,
        "bw_max" : 0,
        "bw_agg" : 0.000000,
        "bw_mean" : 0.000000,
        "bw_dev" : 0.000000,
        "bw_samples" : 0,
        "iops_min" : 0,
        "iops_max" : 0,
        "iops_mean" : 0.000000,
        "iops_stddev" : 0.000000,
        "iops_samples" : 0
      },
      "sync" : {
        "total_ios" : 0,
        "lat_ns" : {
          "min" : 0,
          "max" : 0,
          "mean" : 0.000000,
          "stddev" : 0.000000,
          "N" : 0
        }
      },
      "job_runtime" : 240022,
      "usr_cpu" : 2.264792,
      "sys_cpu" : 7.227671,
      "ctx" : 314131,
      "majf" : 0,
      "minf" : 52,
      "iodepth_level" : {
        "1" : 0.100000,
        "2" : 0.100000,
        "4" : 0.100000,
        "8" : 0.100000,
        "16" : 99.991983,
        "32" : 0.000000,
        ">=64" : 0.000000
      },
      "iodepth_submit" : {
        "0" : 0.000000,
        "4" : 100.000000,
        "8" : 0.000000,
        "16" : 0.000000,
        "32" : 0.000000,
        "64" : 0.000000,
        ">=64" : 0.000000
      },
      "iodepth_complete" : {
        "0" : 0.000000,
        "4" : 99.999466,
        "8" : 0.000000,
        "16" : 0.100000,
        "32" : 0.000000,
        "64" : 0.000000,
        ">=64" : 0.000000
      },
      "latency_ns" : {
        "2" : 0.000000,
        "4" : 0.000000,
        "10" : 0.000000,
        "20" : 0.000000,
        "50" : 0.000000,
        "100" : 0.000000,
        "250" : 0.000000,
        "500" : 0.000000,
        "750" : 0.000000,
        "1000" : 0.000000
      },
      "latency_us" : {
        "2" : 0.000000,
        "4" : 0.000000,
        "10" : 0.000000,
        "20" : 0.000000,
        "50" : 0.000000,
        "100" : 0.000000,
        "250" : 0.058254,
        "500" : 2.366758,
        "750" : 4.168348,
        "1000" : 3.219320
      },
      "latency_ms" : {
        "2" : 7.754960,
        "4" : 12.908411,
        "10" : 67.158127,
        "20" : 2.215913,
        "50" : 0.149910,
        "100" : 0.000000,
        "250" : 0.000000,
        "500" : 0.000000,
        "750" : 0.000000,
        "1000" : 0.000000,
        "2000" : 0.000000,
        ">=2000" : 0.000000
      },
      "latency_depth" : 16,
      "latency_target" : 0,
      "latency_percentile" : 100.000000,
      "latency_window" : 0
    }
  ],
  "disk_util" : [
    {
      "name" : "vdc",
      "read_ios" : 523493,
      "write_ios" : 224847,
      "read_merges" : 0,
      "write_merges" : 7,
      "read_ticks" : 3031839,
      "write_ticks" : 728829,
      "in_queue" : 3760668,
      "util" : 69.826782
    }
  ]
}
