{
  "fio version" : "fio-3.33",
  "timestamp" : 1741614038,
  "timestamp_ms" : 1741614038437,
  "time" : "Mon Mar 10 19:10:38 2025",
  "global options" : {
    "directory" : "/disk1/fio_test"
  },
  "jobs" : [
    {
      "jobname" : "cassandra_streaming",
      "groupid" : 0,
      "error" : 0,
      "eta" : 2147483647,
      "elapsed" : 2,
      "job options" : {
        "name" : "cassandra_streaming",
        "rw" : "readwrite",
        "rwmixread" : "50",
        "ioengine" : "libaio",
        "direct" : "1",
        "bs" : "1M",
        "size" : "2G",
        "iodepth" : "8",
        "numjobs" : "2"
      },
      "read" : {
        "io_bytes" : 2078277632,
        "io_kbytes" : 2029568,
        "bw_bytes" : 1355693171,
        "bw" : 1323919,
        "iops" : 1292.889759,
        "runtime" : 1533,
        "total_ios" : 1982,
        "short_ios" : 0,
        "drop_ios" : 0,
        "slat_ns" : {
          "min" : 28230,
          "max" : 108554,
          "mean" : 55406.489405,
          "stddev" : 16181.721348,
          "N" : 1982
        },
        "clat_ns" : {
          "min" : 679710,
          "max" : 5596091,
          "mean" : 1333210.255298,
          "stddev" : 376557.956130,
          "N" : 1982,
          "percentile" : {
            "1.000000" : 798720,
            "5.000000" : 913408,
            "10.000000" : 978944,
            "20.000000" : 1073152,
            "30.000000" : 1122304,
            "40.000000" : 1187840,
            "50.000000" : 1253376,
            "60.000000" : 1335296,
            "70.000000" : 1417216,
            "80.000000" : 1531904,
            "90.000000" : 1761280,
            "95.000000" : 1974272,
            "99.000000" : 2670592,
            "99.500000" : 2965504,
            "99.900000" : 4423680,
            "99.950000" : 5603328,
            "99.990000" : 5603328
          }
        },
        "lat_ns" : {
          "min" : 713826,
          "max" : 5661985,
          "mean" : 1388616.744702,
          "stddev" : 375745.498371,
          "N" : 1982
        },
        "bw_min" : 1304576,
        "bw_max" : 1370112,
        "bw_agg" : 100.000000,
        "bw_mean" : 1329152.000000,
        "bw_dev" : 16004.129600,
        "bw_samples" : 6,
        "iops_min" : 1274,
        "iops_max" : 1338,
        "iops_mean" : 1298.000000,
        "iops_stddev" : 15.629033,
        "iops_samples" : 6
      },
      "write" : {
        "io_bytes" : 2216689664,
        "io_kbytes" : 2164736,
        "bw_bytes" : 1445981515,
        "bw" : 1412091,
        "iops" : 1378.995434,
        "runtime" : 1533,
        "total_ios" : 2114,
        "short_ios" : 0,
        "drop_ios" : 0,
        "slat_ns" : {
          "min" : 42533,
          "max" : 185262,
          "mean" : 88071.315989,
          "stddev" : 20005.134242,
          "N" : 2114
        },
        "clat_ns" : {
          "min" : 1126234,
          "max" : 15603128,
          "mean" : 10169936.899716,
          "stddev" : 1471862.701524,
          "N" : 2114,
          "percentile" : {
            "1.000000" : 6193152,
            "5.000000" : 7897088,
            "10.000000" : 8454144,
            "20.000000" : 9109504,
            "30.000000" : 9502720,
            "40.000000" : 9895936,
            "50.000000" : 10158080,
            "60.000000" : 10420224,
            "70.000000" : 10813440,
            "80.000000" : 11337728,
            "90.000000" : 11993088,
            "95.000000" : 12648448,
            "99.000000" : 13697024,
            "99.500000" : 14090240,
            "99.900000" : 15400960,
            "99.950000" : 15400960,
            "99.990000" : 15663104
          }
        },
        "lat_ns" : {
          "min" : 1201549,
          "max" : 15690497,
          "mean" : 10258008.215705,
          "stddev" : 1470647.357822,
          "N" : 2114
        },
        "bw_min" : 1390592,
        "bw_max" : 1433600,
        "bw_agg" : 99.927815,
        "bw_mean" : 1411072.000000,
        "bw_dev" : 10198.957751,
        "bw_samples" : 6,
        "iops_min" : 1358,
        "iops_max" : 1400,
        "iops_mean" : 1378.000000,
        "iops_stddev" : 9.959920,
        "iops_samples" : 6
      },
      "trim" : {
        "io_bytes" : 0,
        "io_kbytes" : 0,
        "bw_bytes" : 0,
        "bw" : 0,
        "iops" : 0.000000,
        "runtime" : 0,
        "total_ios" : 0,
        "short_ios" : 0,
        "drop_ios" : 0,
        "slat_ns" : {
          "min" : 0,
          "max" : 0,
          "mean" : 0.000000,
          "stddev" : 0.000000,
          "N" : 0
        },
        "clat_ns" : {
          "min" : 0,
          "max" : 0,
          "mean" : 0.000000,
          "stddev" : 0.000000,
          "N" : 0
        },
        "lat_ns" : {
          "min" : 0,
          "max" : 0,
          "mean" : 0.000000,
          "stddev" : 0.000000,
          "N" : 0
        },
        "bw_min" : 0,
        "bw_max" : 0,
        "bw_agg" : 0.000000,
        "bw_mean" : 0.000000,
        "bw_dev" : 0.000000,
        "bw_samples" : 0,
        "iops_min" : 0,
        "iops_max" : 0,
        "iops_mean" : 0.000000,
        "iops_stddev" : 0.000000,
        "iops_samples" : 0
      },
      "sync" : {
        "total_ios" : 0,
        "lat_ns" : {
          "min" : 0,
          "max" : 0,
          "mean" : 0.000000,
          "stddev" : 0.000000,
          "N" : 0
        }
      },
      "job_runtime" : 3058,
      "usr_cpu" : 4.807063,
      "sys_cpu" : 8.273381,
      "ctx" : 3234,
      "majf" : 0,
      "minf" : 24,
      "iodepth_level" : {
        "1" : 0.100000,
        "2" : 0.100000,
        "4" : 0.195312,
        "8" : 99.658203,
        "16" : 0.000000,
        "32" : 0.000000,
        ">=64" : 0.000000
      },
      "iodepth_submit" : {
        "0" : 0.000000,
        "4" : 100.000000,
        "8" : 0.000000,
        "16" : 0.000000,
        "32" : 0.000000,
        "64" : 0.000000,
        ">=64" : 0.000000
      },
      "iodepth_complete" : {
        "0" : 0.000000,
        "4" : 99.951028,
        "8" : 0.100000,
        "16" : 0.000000,
        "32" : 0.000000,
        "64" : 0.000000,
        ">=64" : 0.000000
      },
      "latency_ns" : {
        "2" : 0.000000,
        "4" : 0.000000,
        "10" : 0.000000,
        "20" : 0.000000,
        "50" : 0.000000,
        "100" : 0.000000,
        "250" : 0.000000,
        "500" : 0.000000,
        "750" : 0.000000,
        "1000" : 0.000000
      },
      "latency_us" : {
        "2" : 0.000000,
        "4" : 0.000000,
        "10" : 0.000000,
        "20" : 0.000000,
        "50" : 0.000000,
        "100" : 0.000000,
        "250" : 0.000000,
        "500" : 0.000000,
        "750" : 0.268555,
        "1000" : 5.468750
      },
      "latency_ms" : {
        "2" : 40.356445,
        "4" : 2.343750,
        "10" : 23.144531,
        "20" : 28.417969,
        "50" : 0.000000,
        "100" : 0.000000,
        "250" : 0.000000,
        "500" : 0.000000,
        "750" : 0.000000,
        "1000" : 0.000000,
        "2000" : 0.000000,
        ">=2000" : 0.000000
      },
      "latency_depth" : 8,
      "latency_target" : 0,
      "latency_percentile" : 100.000000,
      "latency_window" : 0
    }
  ],
  "disk_util" : [
    {
      "name" : "vdb",
      "read_ios" : 2327,
      "write_ios" : 2495,
      "read_merges" : 0,
      "write_merges" : 0,
      "read_ticks" : 3039,
      "write_ticks" : 24909,
      "in_queue" : 27949,
      "util" : 75.477032
    }
  ]
}
