{
  "fio version" : "fio-3.33",
  "timestamp" : 1741614660,
  "timestamp_ms" : 1741614660937,
  "time" : "Mon Mar 10 19:21:00 2025",
  "global options" : {
    "directory" : "/disk2/fio_test"
  },
  "jobs" : [
    {
      "jobname" : "cassandra_repair",
      "groupid" : 0,
      "error" : 0,
      "eta" : 0,
      "elapsed" : 61,
      "job options" : {
        "name" : "cassandra_repair",
        "rw" : "randrw",
        "rwmixread" : "80",
        "ioengine" : "libaio",
        "direct" : "1",
        "bs" : "64k",
        "size" : "2G",
        "iodepth" : "16",
        "numjobs" : "4",
        "runtime" : "60"
      },
      "read" : {
        "io_bytes" : 43057676288,
        "io_kbytes" : 42048512,
        "bw_bytes" : 717544224,
        "bw" : 700726,
        "iops" : 10948.855967,
        "runtime" : 60007,
        "total_ios" : 657008,
        "short_ios" : 0,
        "drop_ios" : 0,
        "slat_ns" : {
          "min" : 3424,
          "max" : 400372,
          "mean" : 18143.744455,
          "stddev" : 14622.974110,
          "N" : 657008
        },
        "clat_ns" : {
          "min" : 266843,
          "max" : 12215174,
          "mean" : 5453270.286873,
          "stddev" : 1253116.112614,
          "N" : 657008,
          "percentile" : {
            "1.000000" : 2023424,
            "5.000000" : 3260416,
            "10.000000" : 3751936,
            "20.000000" : 4423680,
            "30.000000" : 4882432,
            "40.000000" : 5275648,
            "50.000000" : 5603328,
            "60.000000" : 5931008,
            "70.000000" : 6193152,
            "80.000000" : 6455296,
            "90.000000" : 6848512,
            "95.000000" : 7241728,
            "99.000000" : 8224768,
            "99.500000" : 8585216,
            "99.900000" : 9502720,
            "99.950000" : 9764864,
            "99.990000" : 10289152
          }
        },
        "lat_ns" : {
          "min" : 271871,
          "max" : 12252103,
          "mean" : 5471414.031328,
          "stddev" : 1253133.825562,
          "N" : 657008
        },
        "bw_min" : 622080,
        "bw_max" : 753280,
        "bw_agg" : 100.000000,
        "bw_mean" : 701184.000000,
        "bw_dev" : 7517.187614,
        "bw_samples" : 476,
        "iops_min" : 9720,
        "iops_max" : 11770,
        "iops_mean" : 10956.000000,
        "iops_stddev" : 117.456056,
        "iops_samples" : 476
      },
      "write" : {
        "io_bytes" : 10814226432,
        "io_kbytes" : 10560768,
        "bw_bytes" : 180216081,
        "bw" : 175992,
        "iops" : 2749.879181,
        "runtime" : 60007,
        "total_ios" : 165012,
        "short_ios" : 0,
        "drop_ios" : 0,
        "slat_ns" : {
          "min" : 4806,
          "max" : 386825,
          "mean" : 22080.353605,
          "stddev" : 14486.173255,
          "N" : 165012
        },
        "clat_ns" : {
          "min" : 71753,
          "max" : 27878401,
          "mean" : 1450072.343199,
          "stddev" : 3004616.776561,
          "N" : 165012,
          "percentile" : {
            "1.000000" : 240640,
            "5.000000" : 321536,
            "10.000000" : 366592,
            "20.000000" : 415744,
            "30.000000" : 464896,
            "40.000000" : 518144,
            "50.000000" : 585728,
            "60.000000" : 675840,
            "70.000000" : 798720,
            "80.000000" : 1044480,
            "90.000000" : 2179072,
            "95.000000" : 7045120,
            "99.000000" : 17170432,
            "99.500000" : 19267584,
            "99.900000" : 22413312,
            "99.950000" : 23199744,
            "99.990000" : 24772608
          }
        },
        "lat_ns" : {
          "min" : 142186,
          "max" : 27918209,
          "mean" : 1472152.696804,
          "stddev" : 3004902.791397,
          "N" : 165012
        },
        "bw_min" : 148480,
        "bw_max" : 203648,
        "bw_agg" : 100.000000,
        "bw_mean" : 176167.798319,
        "bw_dev" : 2866.820472,
        "bw_samples" : 476,
        "iops_min" : 2320,
        "iops_max" : 3182,
        "iops_mean" : 2752.621849,
        "iops_stddev" : 44.794070,
        "iops_samples" : 476
      },
      "trim" : {
        "io_bytes" : 0,
        "io_kbytes" : 0,
        "bw_bytes" : 0,
        "bw" : 0,
        "iops" : 0.000000,
        "runtime" : 0,
        "total_ios" : 0,
        "short_ios" : 0,
        "drop_ios" : 0,
        "slat_ns" : {
          "min" : 0,
          "max" : 0,
          "mean" : 0.000000,
          "stddev" : 0.000000,
          "N" : 0
        },
        "clat_ns" : {
          "min" : 0,
          "max" : 0,
          "mean" : 0.000000,
          "stddev" : 0.000000,
          "N" : 0
        },
        "lat_ns" : {
          "min" : 0,
          "max" : 0,
          "mean" : 0.000000,
          "stddev" : 0.000000,
          "N" : 0
        },
        "bw_min" : 0,
        "bw_max" : 0,
        "bw_agg" : 0.000000,
        "bw_mean" : 0.000000,
        "bw_dev" : 0.000000,
        "bw_samples" : 0,
        "iops_min" : 0,
        "iops_max" : 0,
        "iops_mean" : 0.000000,
        "iops_stddev" : 0.000000,
        "iops_samples" : 0
      },
      "sync" : {
        "total_ios" : 0,
        "lat_ns" : {
          "min" : 0,
          "max" : 0,
          "mean" : 0.000000,
          "stddev" : 0.000000,
          "N" : 0
        }
      },
      "job_runtime" : 240024,
      "usr_cpu" : 3.106773,
      "sys_cpu" : 9.080759,
      "ctx" : 477753,
      "majf" : 0,
      "minf" : 47,
      "iodepth_level" : {
        "1" : 0.100000,
        "2" : 0.100000,
        "4" : 0.100000,
        "8" : 0.100000,
        "16" : 99.992701,
        "32" : 0.000000,
        ">=64" : 0.000000
      },
      "iodepth_submit" : {
        "0" : 0.000000,
        "4" : 100.000000,
        "8" : 0.000000,
        "16" : 0.000000,
        "32" : 0.000000,
        "64" : 0.000000,
        ">=64" : 0.000000
      },
      "iodepth_complete" : {
        "0" : 0.000000,
        "4" : 99.999513,
        "8" : 0.000000,
        "16" : 0.100000,
        "32" : 0.000000,
        "64" : 0.000000,
        ">=64" : 0.000000
      },
      "latency_ns" : {
        "2" : 0.000000,
        "4" : 0.000000,
        "10" : 0.000000,
        "20" : 0.000000,
        "50" : 0.000000,
        "100" : 0.000000,
        "250" : 0.000000,
        "500" : 0.000000,
        "750" : 0.000000,
        "1000" : 0.000000
      },
      "latency_us" : {
        "2" : 0.000000,
        "4" : 0.000000,
        "10" : 0.000000,
        "20" : 0.000000,
        "50" : 0.000000,
        "100" : 0.010000,
        "250" : 0.255347,
        "500" : 7.090338,
        "750" : 6.043527,
        "1000" : 2.531447
      },
      "latency_ms" : {
        "2" : 2.825357,
        "4" : 10.381134,
        "10" : 70.109121,
        "20" : 0.690737,
        "50" : 0.072869,
        "100" : 0.000000,
        "250" : 0.000000,
        "500" : 0.000000,
        "750" : 0.000000,
        "1000" : 0.000000,
        "2000" : 0.000000,
        ">=2000" : 0.000000
      },
      "latency_depth" : 16,
      "latency_target" : 0,
      "latency_percentile" : 100.000000,
      "latency_window" : 0
    }
  ],
  "disk_util" : [
    {
      "name" : "vdc",
      "read_ios" : 655868,
      "write_ios" : 164761,
      "read_merges" : 0,
      "write_merges" : 0,
      "read_ticks" : 3533442,
      "write_ticks" : 227222,
      "in_queue" : 3760664,
      "util" : 65.587990
    }
  ]
}
