{
  "fio version" : "fio-3.33",
  "timestamp" : 1741614833,
  "timestamp_ms" : 1741614833749,
  "time" : "Mon Mar 10 19:23:53 2025",
  "global options" : {
    "directory" : "/disk2/fio_test"
  },
  "jobs" : [
    {
      "jobname" : "cassandra_backup",
      "groupid" : 0,
      "error" : 0,
      "eta" : 0,
      "elapsed" : 5,
      "job options" : {
        "name" : "cassandra_backup",
        "rw" : "read",
        "ioengine" : "libaio",
        "direct" : "1",
        "bs" : "1M",
        "size" : "4G",
        "iodepth" : "16",
        "numjobs" : "2"
      },
      "read" : {
        "io_bytes" : 8589934592,
        "io_kbytes" : 8388608,
        "bw_bytes" : 1786592053,
        "bw" : 1744718,
        "iops" : 1703.826955,
        "runtime" : 4808,
        "total_ios" : 8192,
        "short_ios" : 0,
        "drop_ios" : 0,
        "slat_ns" : {
          "min" : 25327,
          "max" : 454861,
          "mean" : 47782.647583,
          "stddev" : 25671.930455,
          "N" : 8192
        },
        "clat_ns" : {
          "min" : 4431730,
          "max" : 44194970,
          "mean" : 18586368.155884,
          "stddev" : 5120616.508809,
          "N" : 8192,
          "percentile" : {
            "1.000000" : 9371648,
            "5.000000" : 12386304,
            "10.000000" : 13041664,
            "20.000000" : 13565952,
            "30.000000" : 13959168,
            "40.000000" : 14614528,
            "50.000000" : 18481152,
            "60.000000" : 20578304,
            "70.000000" : 22413312,
            "80.000000" : 23986176,
            "90.000000" : 25559040,
            "95.000000" : 26607616,
            "99.000000" : 27918336,
            "99.500000" : 28442624,
            "99.900000" : 32112640,
            "99.950000" : 33423360,
            "99.990000" : 44302336
          }
        },
        "lat_ns" : {
          "min" : 4801571,
          "max" : 44255222,
          "mean" : 18634150.803467,
          "stddev" : 5117213.072596,
          "N" : 8192
        },
        "bw_min" : 1701888,
        "bw_max" : 1781760,
        "bw_agg" : 99.997088,
        "bw_mean" : 1744668.444444,
        "bw_dev" : 14248.727824,
        "bw_samples" : 18,
        "iops_min" : 1662,
        "iops_max" : 1740,
        "iops_mean" : 1703.777778,
        "iops_stddev" : 13.914773,
        "iops_samples" : 18
      },
      "write" : {
        "io_bytes" : 0,
        "io_kbytes" : 0,
        "bw_bytes" : 0,
        "bw" : 0,
        "iops" : 0.000000,
        "runtime" : 0,
        "total_ios" : 0,
        "short_ios" : 0,
        "drop_ios" : 0,
        "slat_ns" : {
          "min" : 0,
          "max" : 0,
          "mean" : 0.000000,
          "stddev" : 0.000000,
          "N" : 0
        },
        "clat_ns" : {
          "min" : 0,
          "max" : 0,
          "mean" : 0.000000,
          "stddev" : 0.000000,
          "N" : 0
        },
        "lat_ns" : {
          "min" : 0,
          "max" : 0,
          "mean" : 0.000000,
          "stddev" : 0.000000,
          "N" : 0
        },
        "bw_min" : 0,
        "bw_max" : 0,
        "bw_agg" : 0.000000,
        "bw_mean" : 0.000000,
        "bw_dev" : 0.000000,
        "bw_samples" : 0,
        "iops_min" : 0,
        "iops_max" : 0,
        "iops_mean" : 0.000000,
        "iops_stddev" : 0.000000,
        "iops_samples" : 0
      },
      "trim" : {
        "io_bytes" : 0,
        "io_kbytes" : 0,
        "bw_bytes" : 0,
        "bw" : 0,
        "iops" : 0.000000,
        "runtime" : 0,
        "total_ios" : 0,
        "short_ios" : 0,
        "drop_ios" : 0,
        "slat_ns" : {
          "min" : 0,
          "max" : 0,
          "mean" : 0.000000,
          "stddev" : 0.000000,
          "N" : 0
        },
        "clat_ns" : {
          "min" : 0,
          "max" : 0,
          "mean" : 0.000000,
          "stddev" : 0.000000,
          "N" : 0
        },
        "lat_ns" : {
          "min" : 0,
          "max" : 0,
          "mean" : 0.000000,
          "stddev" : 0.000000,
          "N" : 0
        },
        "bw_min" : 0,
        "bw_max" : 0,
        "bw_agg" : 0.000000,
        "bw_mean" : 0.000000,
        "bw_dev" : 0.000000,
        "bw_samples" : 0,
        "iops_min" : 0,
        "iops_max" : 0,
        "iops_mean" : 0.000000,
        "iops_stddev" : 0.000000,
        "iops_samples" : 0
      },
      "sync" : {
        "total_ios" : 0,
        "lat_ns" : {
          "min" : 0,
          "max" : 0,
          "mean" : 0.000000,
          "stddev" : 0.000000,
          "N" : 0
        }
      },
      "job_runtime" : 9549,
      "usr_cpu" : 0.963452,
      "sys_cpu" : 5.613153,
      "ctx" : 3932,
      "majf" : 0,
      "minf" : 8217,
      "iodepth_level" : {
        "1" : 0.100000,
        "2" : 0.100000,
        "4" : 0.100000,
        "8" : 0.195312,
        "16" : 99.633789,
        "32" : 0.000000,
        ">=64" : 0.000000
      },
      "iodepth_submit" : {
        "0" : 0.000000,
        "4" : 100.000000,
        "8" : 0.000000,
        "16" : 0.000000,
        "32" : 0.000000,
        "64" : 0.000000,
        ">=64" : 0.000000
      },
      "iodepth_complete" : {
        "0" : 0.000000,
        "4" : 99.975502,
        "8" : 0.000000,
        "16" : 0.100000,
        "32" : 0.000000,
        "64" : 0.000000,
        ">=64" : 0.000000
      },
      "latency_ns" : {
        "2" : 0.000000,
        "4" : 0.000000,
        "10" : 0.000000,
        "20" : 0.000000,
        "50" : 0.000000,
        "100" : 0.000000,
        "250" : 0.000000,
        "500" : 0.000000,
        "750" : 0.000000,
        "1000" : 0.000000
      },
      "latency_us" : {
        "2" : 0.000000,
        "4" : 0.000000,
        "10" : 0.000000,
        "20" : 0.000000,
        "50" : 0.000000,
        "100" : 0.000000,
        "250" : 0.000000,
        "500" : 0.000000,
        "750" : 0.000000,
        "1000" : 0.000000
      },
      "latency_ms" : {
        "2" : 0.000000,
        "4" : 0.000000,
        "10" : 1.489258,
        "20" : 55.114746,
        "50" : 43.395996,
        "100" : 0.000000,
        "250" : 0.000000,
        "500" : 0.000000,
        "750" : 0.000000,
        "1000" : 0.000000,
        "2000" : 0.000000,
        ">=2000" : 0.000000
      },
      "latency_depth" : 16,
      "latency_target" : 0,
      "latency_percentile" : 100.000000,
      "latency_window" : 0
    }
  ],
  "disk_util" : [
    {
      "name" : "vdc",
      "read_ios" : 9901,
      "write_ios" : 0,
      "read_merges" : 0,
      "write_merges" : 0,
      "read_ticks" : 183699,
      "write_ticks" : 0,
      "in_queue" : 183699,
      "util" : 87.096093
    }
  ]
}
