{
  "fio version" : "fio-3.33",
  "timestamp" : 1741613959,
  "timestamp_ms" : 1741613959168,
  "time" : "Mon Mar 10 19:09:19 2025",
  "global options" : {
    "directory" : "/disk1/fio_test"
  },
  "jobs" : [
    {
      "jobname" : "cassandra_compaction",
      "groupid" : 0,
      "error" : 0,
      "eta" : 0,
      "elapsed" : 61,
      "job options" : {
        "name" : "cassandra_compaction",
        "rw" : "readwrite",
        "rwmixread" : "70",
        "ioengine" : "libaio",
        "direct" : "1",
        "bs" : "64k",
        "size" : "2G",
        "iodepth" : "16",
        "numjobs" : "4",
        "runtime" : "60"
      },
      "read" : {
        "io_bytes" : 124224733184,
        "io_kbytes" : 121313216,
        "bw_bytes" : 2070274201,
        "bw" : 2021752,
        "iops" : 31589.877342,
        "runtime" : 60004,
        "total_ios" : 1895519,
        "short_ios" : 0,
        "drop_ios" : 0,
        "slat_ns" : {
          "min" : 2731,
          "max" : 391045,
          "mean" : 10226.715496,
          "stddev" : 10526.337797,
          "N" : 1895519
        },
        "clat_ns" : {
          "min" : 65908,
          "max" : 3918263,
          "mean" : 788346.138809,
          "stddev" : 255206.519850,
          "N" : 1895519,
          "percentile" : {
            "1.000000" : 329728,
            "5.000000" : 415744,
            "10.000000" : 473088,
            "20.000000" : 561152,
            "30.000000" : 643072,
            "40.000000" : 708608,
            "50.000000" : 774144,
            "60.000000" : 831488,
            "70.000000" : 897024,
            "80.000000" : 987136,
            "90.000000" : 1122304,
            "95.000000" : 1236992,
            "99.000000" : 1499136,
            "99.500000" : 1613824,
            "99.900000" : 1892352,
            "99.950000" : 2007040,
            "99.990000" : 2342912
          }
        },
        "lat_ns" : {
          "min" : 133679,
          "max" : 3925299,
          "mean" : 798572.854306,
          "stddev" : 254798.509394,
          "N" : 1895519
        },
        "bw_min" : 1821568,
        "bw_max" : 2359040,
        "bw_agg" : 100.000000,
        "bw_mean" : 2025196.605042,
        "bw_dev" : 26910.460139,
        "bw_samples" : 476,
        "iops_min" : 28462,
        "iops_max" : 36860,
        "iops_mean" : 31643.689076,
        "iops_stddev" : 420.476168,
        "iops_samples" : 476
      },
      "write" : {
        "io_bytes" : 53392441344,
        "io_kbytes" : 52141056,
        "bw_bytes" : 889814701,
        "bw" : 868959,
        "iops" : 13577.494834,
        "runtime" : 60004,
        "total_ios" : 814704,
        "short_ios" : 0,
        "drop_ios" : 0,
        "slat_ns" : {
          "min" : 3685,
          "max" : 269298,
          "mean" : 12999.245999,
          "stddev" : 10745.332668,
          "N" : 814704
        },
        "clat_ns" : {
          "min" : 24858,
          "max" : 15966086,
          "mean" : 2837707.056378,
          "stddev" : 2045708.283300,
          "N" : 814704,
          "percentile" : {
            "1.000000" : 97792,
            "5.000000" : 136192,
            "10.000000" : 179200,
            "20.000000" : 350208,
            "30.000000" : 493568,
            "40.000000" : 2572288,
            "50.000000" : 3457024,
            "60.000000" : 3948544,
            "70.000000" : 4292608,
            "80.000000" : 4685824,
            "90.000000" : 5210112,
            "95.000000" : 5668864,
            "99.000000" : 6520832,
            "99.500000" : 6914048,
            "99.900000" : 7700480,
            "99.950000" : 7962624,
            "99.990000" : 8716288
          }
        },
        "lat_ns" : {
          "min" : 54800,
          "max" : 15976364,
          "mean" : 2850706.302376,
          "stddev" : 2045316.234752,
          "N" : 814704
        },
        "bw_min" : 789888,
        "bw_max" : 992768,
        "bw_agg" : 100.000000,
        "bw_mean" : 870456.403361,
        "bw_dev" : 10682.115333,
        "bw_samples" : 476,
        "iops_min" : 12342,
        "iops_max" : 15512,
        "iops_mean" : 13600.873950,
        "iops_stddev" : 166.906305,
        "iops_samples" : 476
      },
      "trim" : {
        "io_bytes" : 0,
        "io_kbytes" : 0,
        "bw_bytes" : 0,
        "bw" : 0,
        "iops" : 0.000000,
        "runtime" : 0,
        "total_ios" : 0,
        "short_ios" : 0,
        "drop_ios" : 0,
        "slat_ns" : {
          "min" : 0,
          "max" : 0,
          "mean" : 0.000000,
          "stddev" : 0.000000,
          "N" : 0
        },
        "clat_ns" : {
          "min" : 0,
          "max" : 0,
          "mean" : 0.000000,
          "stddev" : 0.000000,
          "N" : 0
        },
        "lat_ns" : {
          "min" : 0,
          "max" : 0,
          "mean" : 0.000000,
          "stddev" : 0.000000,
          "N" : 0
        },
        "bw_min" : 0,
        "bw_max" : 0,
        "bw_agg" : 0.000000,
        "bw_mean" : 0.000000,
        "bw_dev" : 0.000000,
        "bw_samples" : 0,
        "iops_min" : 0,
        "iops_max" : 0,
        "iops_mean" : 0.000000,
        "iops_stddev" : 0.000000,
        "iops_samples" : 0
      },
      "sync" : {
        "total_ios" : 0,
        "lat_ns" : {
          "min" : 0,
          "max" : 0,
          "mean" : 0.000000,
          "stddev" : 0.000000,
          "N" : 0
        }
      },
      "job_runtime" : 240010,
      "usr_cpu" : 5.149369,
      "sys_cpu" : 15.761843,
      "ctx" : 881837,
      "majf" : 0,
      "minf" : 52,
      "iodepth_level" : {
        "1" : 0.100000,
        "2" : 0.100000,
        "4" : 0.100000,
        "8" : 0.100000,
        "16" : 99.997786,
        "32" : 0.000000,
        ">=64" : 0.000000
      },
      "iodepth_submit" : {
        "0" : 0.000000,
        "4" : 100.000000,
        "8" : 0.000000,
        "16" : 0.000000,
        "32" : 0.000000,
        "64" : 0.000000,
        ">=64" : 0.000000
      },
      "iodepth_complete" : {
        "0" : 0.000000,
        "4" : 99.999852,
        "8" : 0.000000,
        "16" : 0.100000,
        "32" : 0.000000,
        "64" : 0.000000,
        ">=64" : 0.000000
      },
      "latency_ns" : {
        "2" : 0.000000,
        "4" : 0.000000,
        "10" : 0.000000,
        "20" : 0.000000,
        "50" : 0.000000,
        "100" : 0.000000,
        "250" : 0.000000,
        "500" : 0.000000,
        "750" : 0.000000,
        "1000" : 0.000000
      },
      "latency_us" : {
        "2" : 0.000000,
        "4" : 0.000000,
        "10" : 0.000000,
        "20" : 0.000000,
        "50" : 0.010000,
        "100" : 0.347573,
        "250" : 3.879386,
        "500" : 13.858454,
        "750" : 24.383602,
        "1000" : 24.963259
      },
      "latency_ms" : {
        "2" : 13.694888,
        "4" : 7.276855,
        "10" : 11.595430,
        "20" : 0.010000,
        "50" : 0.000000,
        "100" : 0.000000,
        "250" : 0.000000,
        "500" : 0.000000,
        "750" : 0.000000,
        "1000" : 0.000000,
        "2000" : 0.000000,
        ">=2000" : 0.000000
      },
      "latency_depth" : 16,
      "latency_target" : 0,
      "latency_percentile" : 100.000000,
      "latency_window" : 0
    }
  ],
  "disk_util" : [
    {
      "name" : "vdb",
      "read_ios" : 1893952,
      "write_ios" : 814061,
      "read_merges" : 0,
      "write_merges" : 5,
      "read_ticks" : 1368619,
      "write_ticks" : 2234189,
      "in_queue" : 3602807,
      "util" : 79.202441
    }
  ]
}
