{
  "fio version" : "fio-3.33",
  "timestamp" : 1741616368,
  "timestamp_ms" : 1741616368434,
  "time" : "Mon Mar 10 19:49:28 2025",
  "global options" : {
    "directory" : "/disk2/fio_test"
  },
  "jobs" : [
    {
      "jobname" : "pg_table_scan",
      "groupid" : 0,
      "error" : 0,
      "eta" : 0,
      "elapsed" : 3,
      "job options" : {
        "name" : "pg_table_scan",
        "rw" : "read",
        "ioengine" : "libaio",
        "direct" : "1",
        "bs" : "128k",
        "size" : "2G",
        "iodepth" : "8",
        "numjobs" : "2"
      },
      "read" : {
        "io_bytes" : 4294967296,
        "io_kbytes" : 4194304,
        "bw_bytes" : 1714557802,
        "bw" : 1674372,
        "iops" : 13081.037924,
        "runtime" : 2505,
        "total_ios" : 32768,
        "short_ios" : 0,
        "drop_ios" : 0,
        "slat_ns" : {
          "min" : 4477,
          "max" : 102189,
          "mean" : 10537.877747,
          "stddev" : 9892.293957,
          "N" : 32768
        },
        "clat_ns" : {
          "min" : 443989,
          "max" : 2086050,
          "mean" : 1210160.336273,
          "stddev" : 154796.680092,
          "N" : 32768,
          "percentile" : {
            "1.000000" : 888832,
            "5.000000" : 978944,
            "10.000000" : 1036288,
            "20.000000" : 1105920,
            "30.000000" : 1138688,
            "40.000000" : 1155072,
            "50.000000" : 1187840,
            "60.000000" : 1220608,
            "70.000000" : 1269760,
            "80.000000" : 1318912,
            "90.000000" : 1417216,
            "95.000000" : 1499136,
            "99.000000" : 1662976,
            "99.500000" : 1744896,
            "99.900000" : 2007040,
            "99.950000" : 2056192,
            "99.990000" : 2088960
          }
        },
        "lat_ns" : {
          "min" : 452697,
          "max" : 2120104,
          "mean" : 1220698.214020,
          "stddev" : 153923.535128,
          "N" : 32768
        },
        "bw_min" : 1583360,
        "bw_max" : 1739776,
        "bw_agg" : 99.930908,
        "bw_mean" : 1673216.000000,
        "bw_dev" : 29191.858591,
        "bw_samples" : 9,
        "iops_min" : 12370,
        "iops_max" : 13592,
        "iops_mean" : 13072.000000,
        "iops_stddev" : 228.061395,
        "iops_samples" : 9
      },
      "write" : {
        "io_bytes" : 0,
        "io_kbytes" : 0,
        "bw_bytes" : 0,
        "bw" : 0,
        "iops" : 0.000000,
        "runtime" : 0,
        "total_ios" : 0,
        "short_ios" : 0,
        "drop_ios" : 0,
        "slat_ns" : {
          "min" : 0,
          "max" : 0,
          "mean" : 0.000000,
          "stddev" : 0.000000,
          "N" : 0
        },
        "clat_ns" : {
          "min" : 0,
          "max" : 0,
          "mean" : 0.000000,
          "stddev" : 0.000000,
          "N" : 0
        },
        "lat_ns" : {
          "min" : 0,
          "max" : 0,
          "mean" : 0.000000,
          "stddev" : 0.000000,
          "N" : 0
        },
        "bw_min" : 0,
        "bw_max" : 0,
        "bw_agg" : 0.000000,
        "bw_mean" : 0.000000,
        "bw_dev" : 0.000000,
        "bw_samples" : 0,
        "iops_min" : 0,
        "iops_max" : 0,
        "iops_mean" : 0.000000,
        "iops_stddev" : 0.000000,
        "iops_samples" : 0
      },
      "trim" : {
        "io_bytes" : 0,
        "io_kbytes" : 0,
        "bw_bytes" : 0,
        "bw" : 0,
        "iops" : 0.000000,
        "runtime" : 0,
        "total_ios" : 0,
        "short_ios" : 0,
        "drop_ios" : 0,
        "slat_ns" : {
          "min" : 0,
          "max" : 0,
          "mean" : 0.000000,
          "stddev" : 0.000000,
          "N" : 0
        },
        "clat_ns" : {
          "min" : 0,
          "max" : 0,
          "mean" : 0.000000,
          "stddev" : 0.000000,
          "N" : 0
        },
        "lat_ns" : {
          "min" : 0,
          "max" : 0,
          "mean" : 0.000000,
          "stddev" : 0.000000,
          "N" : 0
        },
        "bw_min" : 0,
        "bw_max" : 0,
        "bw_agg" : 0.000000,
        "bw_mean" : 0.000000,
        "bw_dev" : 0.000000,
        "bw_samples" : 0,
        "iops_min" : 0,
        "iops_max" : 0,
        "iops_mean" : 0.000000,
        "iops_stddev" : 0.000000,
        "iops_samples" : 0
      },
      "sync" : {
        "total_ios" : 0,
        "lat_ns" : {
          "min" : 0,
          "max" : 0,
          "mean" : 0.000000,
          "stddev" : 0.000000,
          "N" : 0
        }
      },
      "job_runtime" : 5004,
      "usr_cpu" : 1.838529,
      "sys_cpu" : 10.191847,
      "ctx" : 4955,
      "majf" : 0,
      "minf" : 533,
      "iodepth_level" : {
        "1" : 0.100000,
        "2" : 0.100000,
        "4" : 0.100000,
        "8" : 99.957275,
        "16" : 0.000000,
        "32" : 0.000000,
        ">=64" : 0.000000
      },
      "iodepth_submit" : {
        "0" : 0.000000,
        "4" : 100.000000,
        "8" : 0.000000,
        "16" : 0.000000,
        "32" : 0.000000,
        "64" : 0.000000,
        ">=64" : 0.000000
      },
      "iodepth_complete" : {
        "0" : 0.000000,
        "4" : 99.993894,
        "8" : 0.100000,
        "16" : 0.000000,
        "32" : 0.000000,
        "64" : 0.000000,
        ">=64" : 0.000000
      },
      "latency_ns" : {
        "2" : 0.000000,
        "4" : 0.000000,
        "10" : 0.000000,
        "20" : 0.000000,
        "50" : 0.000000,
        "100" : 0.000000,
        "250" : 0.000000,
        "500" : 0.000000,
        "750" : 0.000000,
        "1000" : 0.000000
      },
      "latency_us" : {
        "2" : 0.000000,
        "4" : 0.000000,
        "10" : 0.000000,
        "20" : 0.000000,
        "50" : 0.000000,
        "100" : 0.000000,
        "250" : 0.000000,
        "500" : 0.010000,
        "750" : 0.125122,
        "1000" : 6.420898
      },
      "latency_ms" : {
        "2" : 93.347168,
        "4" : 0.100708,
        "10" : 0.000000,
        "20" : 0.000000,
        "50" : 0.000000,
        "100" : 0.000000,
        "250" : 0.000000,
        "500" : 0.000000,
        "750" : 0.000000,
        "1000" : 0.000000,
        "2000" : 0.000000,
        ">=2000" : 0.000000
      },
      "latency_depth" : 8,
      "latency_target" : 0,
      "latency_percentile" : 100.000000,
      "latency_window" : 0
    }
  ],
  "disk_util" : [
    {
      "name" : "vdc",
      "read_ios" : 29541,
      "write_ios" : 0,
      "read_merges" : 0,
      "write_merges" : 0,
      "read_ticks" : 33581,
      "write_ticks" : 0,
      "in_queue" : 33581,
      "util" : 78.577477
    }
  ]
}
