{
  "fio version" : "fio-3.33",
  "timestamp" : 1741615978,
  "timestamp_ms" : 1741615978424,
  "time" : "Mon Mar 10 19:42:58 2025",
  "global options" : {
    "directory" : "/disk1/fio_test"
  },
  "jobs" : [
    {
      "jobname" : "pg_checkpoint",
      "groupid" : 0,
      "error" : 0,
      "eta" : 0,
      "elapsed" : 14,
      "job options" : {
        "name" : "pg_checkpoint",
        "rw" : "write",
        "ioengine" : "libaio",
        "direct" : "1",
        "bs" : "128k",
        "size" : "1G",
        "iodepth" : "16",
        "numjobs" : "4",
        "rate_process" : "poisson",
        "rate" : "80m"
      },
      "read" : {
        "io_bytes" : 0,
        "io_kbytes" : 0,
        "bw_bytes" : 0,
        "bw" : 0,
        "iops" : 0.000000,
        "runtime" : 0,
        "total_ios" : 0,
        "short_ios" : 0,
        "drop_ios" : 0,
        "slat_ns" : {
          "min" : 0,
          "max" : 0,
          "mean" : 0.000000,
          "stddev" : 0.000000,
          "N" : 0
        },
        "clat_ns" : {
          "min" : 0,
          "max" : 0,
          "mean" : 0.000000,
          "stddev" : 0.000000,
          "N" : 0
        },
        "lat_ns" : {
          "min" : 0,
          "max" : 0,
          "mean" : 0.000000,
          "stddev" : 0.000000,
          "N" : 0
        },
        "bw_min" : 0,
        "bw_max" : 0,
        "bw_agg" : 0.000000,
        "bw_mean" : 0.000000,
        "bw_dev" : 0.000000,
        "bw_samples" : 0,
        "iops_min" : 0,
        "iops_max" : 0,
        "iops_mean" : 0.000000,
        "iops_stddev" : 0.000000,
        "iops_samples" : 0
      },
      "write" : {
        "io_bytes" : 4294967296,
        "io_kbytes" : 4194304,
        "bw_bytes" : 334472961,
        "bw" : 326633,
        "iops" : 2551.826182,
        "runtime" : 12841,
        "total_ios" : 32768,
        "short_ios" : 0,
        "drop_ios" : 0,
        "slat_ns" : {
          "min" : 8730,
          "max" : 124568,
          "mean" : 36099.703949,
          "stddev" : 17414.475638,
          "N" : 32768
        },
        "clat_ns" : {
          "min" : 90466,
          "max" : 3039748,
          "mean" : 343581.008575,
          "stddev" : 141900.237824,
          "N" : 32768,
          "percentile" : {
            "1.000000" : 130560,
            "5.000000" : 144384,
            "10.000000" : 156672,
            "20.000000" : 183296,
            "30.000000" : 284672,
            "40.000000" : 309248,
            "50.000000" : 333824,
            "60.000000" : 370688,
            "70.000000" : 407552,
            "80.000000" : 489472,
            "90.000000" : 544768,
            "95.000000" : 569344,
            "99.000000" : 602112,
            "99.500000" : 618496,
            "99.900000" : 651264,
            "99.950000" : 667648,
            "99.990000" : 2736128
          }
        },
        "lat_ns" : {
          "min" : 106753,
          "max" : 3062666,
          "mean" : 379680.712524,
          "stddev" : 144769.750460,
          "N" : 32768
        },
        "bw_min" : 288256,
        "bw_max" : 364032,
        "bw_agg" : 100.000000,
        "bw_mean" : 329789.440000,
        "bw_dev" : 4707.824680,
        "bw_samples" : 100,
        "iops_min" : 2252,
        "iops_max" : 2844,
        "iops_mean" : 2576.480000,
        "iops_stddev" : 36.779880,
        "iops_samples" : 100
      },
      "trim" : {
        "io_bytes" : 0,
        "io_kbytes" : 0,
        "bw_bytes" : 0,
        "bw" : 0,
        "iops" : 0.000000,
        "runtime" : 0,
        "total_ios" : 0,
        "short_ios" : 0,
        "drop_ios" : 0,
        "slat_ns" : {
          "min" : 0,
          "max" : 0,
          "mean" : 0.000000,
          "stddev" : 0.000000,
          "N" : 0
        },
        "clat_ns" : {
          "min" : 0,
          "max" : 0,
          "mean" : 0.000000,
          "stddev" : 0.000000,
          "N" : 0
        },
        "lat_ns" : {
          "min" : 0,
          "max" : 0,
          "mean" : 0.000000,
          "stddev" : 0.000000,
          "N" : 0
        },
        "bw_min" : 0,
        "bw_max" : 0,
        "bw_agg" : 0.000000,
        "bw_mean" : 0.000000,
        "bw_dev" : 0.000000,
        "bw_samples" : 0,
        "iops_min" : 0,
        "iops_max" : 0,
        "iops_mean" : 0.000000,
        "iops_stddev" : 0.000000,
        "iops_samples" : 0
      },
      "sync" : {
        "total_ios" : 0,
        "lat_ns" : {
          "min" : 0,
          "max" : 0,
          "mean" : 0.000000,
          "stddev" : 0.000000,
          "N" : 0
        }
      },
      "job_runtime" : 50938,
      "usr_cpu" : 1.382072,
      "sys_cpu" : 2.976167,
      "ctx" : 50679,
      "majf" : 0,
      "minf" : 58,
      "iodepth_level" : {
        "1" : 79.147339,
        "2" : 20.492554,
        "4" : 0.360107,
        "8" : 0.000000,
        "16" : 0.000000,
        "32" : 0.000000,
        ">=64" : 0.000000
      },
      "iodepth_submit" : {
        "0" : 0.000000,
        "4" : 100.000000,
        "8" : 0.000000,
        "16" : 0.000000,
        "32" : 0.000000,
        "64" : 0.000000,
        ">=64" : 0.000000
      },
      "iodepth_complete" : {
        "0" : 0.000000,
        "4" : 100.000000,
        "8" : 0.000000,
        "16" : 0.000000,
        "32" : 0.000000,
        "64" : 0.000000,
        ">=64" : 0.000000
      },
      "latency_ns" : {
        "2" : 0.000000,
        "4" : 0.000000,
        "10" : 0.000000,
        "20" : 0.000000,
        "50" : 0.000000,
        "100" : 0.000000,
        "250" : 0.000000,
        "500" : 0.000000,
        "750" : 0.000000,
        "1000" : 0.000000
      },
      "latency_us" : {
        "2" : 0.000000,
        "4" : 0.000000,
        "10" : 0.000000,
        "20" : 0.000000,
        "50" : 0.000000,
        "100" : 0.051880,
        "250" : 27.465820,
        "500" : 53.280640,
        "750" : 19.174194,
        "1000" : 0.010000
      },
      "latency_ms" : {
        "2" : 0.000000,
        "4" : 0.024414,
        "10" : 0.000000,
        "20" : 0.000000,
        "50" : 0.000000,
        "100" : 0.000000,
        "250" : 0.000000,
        "500" : 0.000000,
        "750" : 0.000000,
        "1000" : 0.000000,
        "2000" : 0.000000,
        ">=2000" : 0.000000
      },
      "latency_depth" : 16,
      "latency_target" : 0,
      "latency_percentile" : 100.000000,
      "latency_window" : 0
    }
  ],
  "disk_util" : [
    {
      "name" : "vdb",
      "read_ios" : 0,
      "write_ios" : 32493,
      "read_merges" : 0,
      "write_merges" : 0,
      "read_ticks" : 0,
      "write_ticks" : 10279,
      "in_queue" : 10279,
      "util" : 25.828751
    }
  ]
}
