{
  "fio version" : "fio-3.33",
  "timestamp" : 1741615692,
  "timestamp_ms" : 1741615692987,
  "time" : "Mon Mar 10 19:38:12 2025",
  "global options" : {
    "directory" : "/disk1/fio_test"
  },
  "jobs" : [
    {
      "jobname" : "pg_wal_write",
      "groupid" : 0,
      "error" : 0,
      "eta" : 0,
      "elapsed" : 36,
      "job options" : {
        "name" : "pg_wal_write",
        "rw" : "write",
        "ioengine" : "libaio",
        "direct" : "1",
        "bs" : "8k",
        "size" : "1G",
        "iodepth" : "1",
        "numjobs" : "1",
        "fsync" : "1"
      },
      "read" : {
        "io_bytes" : 0,
        "io_kbytes" : 0,
        "bw_bytes" : 0,
        "bw" : 0,
        "iops" : 0.000000,
        "runtime" : 0,
        "total_ios" : 0,
        "short_ios" : 0,
        "drop_ios" : 0,
        "slat_ns" : {
          "min" : 0,
          "max" : 0,
          "mean" : 0.000000,
          "stddev" : 0.000000,
          "N" : 0
        },
        "clat_ns" : {
          "min" : 0,
          "max" : 0,
          "mean" : 0.000000,
          "stddev" : 0.000000,
          "N" : 0
        },
        "lat_ns" : {
          "min" : 0,
          "max" : 0,
          "mean" : 0.000000,
          "stddev" : 0.000000,
          "N" : 0
        },
        "bw_min" : 0,
        "bw_max" : 0,
        "bw_agg" : 0.000000,
        "bw_mean" : 0.000000,
        "bw_dev" : 0.000000,
        "bw_samples" : 0,
        "iops_min" : 0,
        "iops_max" : 0,
        "iops_mean" : 0.000000,
        "iops_stddev" : 0.000000,
        "iops_samples" : 0
      },
      "write" : {
        "io_bytes" : 1073741824,
        "io_kbytes" : 1048576,
        "bw_bytes" : 30232622,
        "bw" : 29524,
        "iops" : 3690.505688,
        "runtime" : 35516,
        "total_ios" : 131072,
        "short_ios" : 0,
        "drop_ios" : 0,
        "slat_ns" : {
          "min" : 5323,
          "max" : 67656,
          "mean" : 8409.757233,
          "stddev" : 6230.020687,
          "N" : 131072
        },
        "clat_ns" : {
          "min" : 47836,
          "max" : 661330,
          "mean" : 110684.758408,
          "stddev" : 36999.517919,
          "N" : 131072,
          "percentile" : {
            "1.000000" : 66048,
            "5.000000" : 85504,
            "10.000000" : 88576,
            "20.000000" : 94720,
            "30.000000" : 101888,
            "40.000000" : 103936,
            "50.000000" : 107008,
            "60.000000" : 108032,
            "70.000000" : 111104,
            "80.000000" : 114176,
            "90.000000" : 121344,
            "95.000000" : 132096,
            "99.000000" : 292864,
            "99.500000" : 325632,
            "99.900000" : 468992,
            "99.950000" : 485376,
            "99.990000" : 518144
          }
        },
        "lat_ns" : {
          "min" : 53365,
          "max" : 702875,
          "mean" : 119094.515640,
          "stddev" : 41935.042777,
          "N" : 131072
        },
        "bw_min" : 20016,
        "bw_max" : 32464,
        "bw_agg" : 100.000000,
        "bw_mean" : 29570.514286,
        "bw_dev" : 1922.639028,
        "bw_samples" : 70,
        "iops_min" : 2502,
        "iops_max" : 4058,
        "iops_mean" : 3696.314286,
        "iops_stddev" : 240.329879,
        "iops_samples" : 70
      },
      "trim" : {
        "io_bytes" : 0,
        "io_kbytes" : 0,
        "bw_bytes" : 0,
        "bw" : 0,
        "iops" : 0.000000,
        "runtime" : 0,
        "total_ios" : 0,
        "short_ios" : 0,
        "drop_ios" : 0,
        "slat_ns" : {
          "min" : 0,
          "max" : 0,
          "mean" : 0.000000,
          "stddev" : 0.000000,
          "N" : 0
        },
        "clat_ns" : {
          "min" : 0,
          "max" : 0,
          "mean" : 0.000000,
          "stddev" : 0.000000,
          "N" : 0
        },
        "lat_ns" : {
          "min" : 0,
          "max" : 0,
          "mean" : 0.000000,
          "stddev" : 0.000000,
          "N" : 0
        },
        "bw_min" : 0,
        "bw_max" : 0,
        "bw_agg" : 0.000000,
        "bw_mean" : 0.000000,
        "bw_dev" : 0.000000,
        "bw_samples" : 0,
        "iops_min" : 0,
        "iops_max" : 0,
        "iops_mean" : 0.000000,
        "iops_stddev" : 0.000000,
        "iops_samples" : 0
      },
      "sync" : {
        "total_ios" : 131071,
        "lat_ns" : {
          "min" : 127345,
          "max" : 2486016,
          "mean" : 262057.665754,
          "stddev" : 154215.867921,
          "N" : 131071,
          "percentile" : {
            "1.000000" : 162816,
            "5.000000" : 177152,
            "10.000000" : 185344,
            "20.000000" : 201728,
            "30.000000" : 207872,
            "40.000000" : 214016,
            "50.000000" : 218112,
            "60.000000" : 220160,
            "70.000000" : 228352,
            "80.000000" : 240640,
            "90.000000" : 468992,
            "95.000000" : 552960,
            "99.000000" : 913408,
            "99.500000" : 1187840,
            "99.900000" : 1712128,
            "99.950000" : 1974272,
            "99.990000" : 2146304
          }
        }
      },
      "job_runtime" : 35515,
      "usr_cpu" : 1.379699,
      "sys_cpu" : 9.108827,
      "ctx" : 288793,
      "majf" : 0,
      "minf" : 12,
      "iodepth_level" : {
        "1" : 199.999237,
        "2" : 0.000000,
        "4" : 0.000000,
        "8" : 0.000000,
        "16" : 0.000000,
        "32" : 0.000000,
        ">=64" : 0.000000
      },
      "iodepth_submit" : {
        "0" : 0.000000,
        "4" : 100.000000,
        "8" : 0.000000,
        "16" : 0.000000,
        "32" : 0.000000,
        "64" : 0.000000,
        ">=64" : 0.000000
      },
      "iodepth_complete" : {
        "0" : 0.000000,
        "4" : 100.000000,
        "8" : 0.000000,
        "16" : 0.000000,
        "32" : 0.000000,
        "64" : 0.000000,
        ">=64" : 0.000000
      },
      "latency_ns" : {
        "2" : 0.000000,
        "4" : 0.000000,
        "10" : 0.000000,
        "20" : 0.000000,
        "50" : 0.000000,
        "100" : 0.000000,
        "250" : 0.000000,
        "500" : 0.000000,
        "750" : 0.000000,
        "1000" : 0.000000
      },
      "latency_us" : {
        "2" : 0.000000,
        "4" : 0.000000,
        "10" : 0.000000,
        "20" : 0.000000,
        "50" : 0.010000,
        "100" : 25.527954,
        "250" : 71.691132,
        "500" : 2.758026,
        "750" : 0.022125,
        "1000" : 0.000000
      },
      "latency_ms" : {
        "2" : 0.000000,
        "4" : 0.000000,
        "10" : 0.000000,
        "20" : 0.000000,
        "50" : 0.000000,
        "100" : 0.000000,
        "250" : 0.000000,
        "500" : 0.000000,
        "750" : 0.000000,
        "1000" : 0.000000,
        "2000" : 0.000000,
        ">=2000" : 0.000000
      },
      "latency_depth" : 1,
      "latency_target" : 0,
      "latency_percentile" : 100.000000,
      "latency_window" : 0
    }
  ],
  "disk_util" : [
    {
      "name" : "vdb",
      "read_ios" : 0,
      "write_ios" : 279056,
      "read_merges" : 0,
      "write_merges" : 7,
      "read_ticks" : 0,
      "write_ticks" : 31879,
      "in_queue" : 33897,
      "util" : 89.491793
    }
  ]
}
