{
  "fio version" : "fio-3.33",
  "timestamp" : 1741616136,
  "timestamp_ms" : 1741616136577,
  "time" : "Mon Mar 10 19:45:36 2025",
  "global options" : {
    "directory" : "/disk2/fio_test"
  },
  "jobs" : [
    {
      "jobname" : "pg_index_read",
      "groupid" : 0,
      "error" : 0,
      "eta" : 0,
      "elapsed" : 61,
      "job options" : {
        "name" : "pg_index_read",
        "rw" : "randread",
        "ioengine" : "libaio",
        "direct" : "1",
        "bs" : "8k",
        "size" : "1G",
        "iodepth" : "32",
        "numjobs" : "4",
        "runtime" : "60"
      },
      "read" : {
        "io_bytes" : 62384603136,
        "io_kbytes" : 60922464,
        "bw_bytes" : 1039691401,
        "bw" : 1015323,
        "iops" : 126915.454227,
        "runtime" : 60003,
        "total_ios" : 7615308,
        "short_ios" : 0,
        "drop_ios" : 0,
        "slat_ns" : {
          "min" : 959,
          "max" : 946232,
          "mean" : 3294.063232,
          "stddev" : 2813.134778,
          "N" : 7615308
        },
        "clat_ns" : {
          "min" : 43331,
          "max" : 5972356,
          "mean" : 1004667.839269,
          "stddev" : 569049.810088,
          "N" : 7615308,
          "percentile" : {
            "1.000000" : 214016,
            "5.000000" : 313344,
            "10.000000" : 391168,
            "20.000000" : 505856,
            "30.000000" : 626688,
            "40.000000" : 757760,
            "50.000000" : 880640,
            "60.000000" : 1028096,
            "70.000000" : 1187840,
            "80.000000" : 1449984,
            "90.000000" : 1777664,
            "95.000000" : 2113536,
            "99.000000" : 2768896,
            "99.500000" : 3031040,
            "99.900000" : 3522560,
            "99.950000" : 3719168,
            "99.990000" : 4046848
          }
        },
        "lat_ns" : {
          "min" : 45878,
          "max" : 5977197,
          "mean" : 1007961.902501,
          "stddev" : 569097.013315,
          "N" : 7615308
        },
        "bw_min" : 979449,
        "bw_max" : 1042818,
        "bw_agg" : 100.000000,
        "bw_mean" : 1016209.831933,
        "bw_dev" : 2955.087272,
        "bw_samples" : 476,
        "iops_min" : 122430,
        "iops_max" : 130352,
        "iops_mean" : 127025.630252,
        "iops_stddev" : 369.397970,
        "iops_samples" : 476
      },
      "write" : {
        "io_bytes" : 0,
        "io_kbytes" : 0,
        "bw_bytes" : 0,
        "bw" : 0,
        "iops" : 0.000000,
        "runtime" : 0,
        "total_ios" : 0,
        "short_ios" : 0,
        "drop_ios" : 0,
        "slat_ns" : {
          "min" : 0,
          "max" : 0,
          "mean" : 0.000000,
          "stddev" : 0.000000,
          "N" : 0
        },
        "clat_ns" : {
          "min" : 0,
          "max" : 0,
          "mean" : 0.000000,
          "stddev" : 0.000000,
          "N" : 0
        },
        "lat_ns" : {
          "min" : 0,
          "max" : 0,
          "mean" : 0.000000,
          "stddev" : 0.000000,
          "N" : 0
        },
        "bw_min" : 0,
        "bw_max" : 0,
        "bw_agg" : 0.000000,
        "bw_mean" : 0.000000,
        "bw_dev" : 0.000000,
        "bw_samples" : 0,
        "iops_min" : 0,
        "iops_max" : 0,
        "iops_mean" : 0.000000,
        "iops_stddev" : 0.000000,
        "iops_samples" : 0
      },
      "trim" : {
        "io_bytes" : 0,
        "io_kbytes" : 0,
        "bw_bytes" : 0,
        "bw" : 0,
        "iops" : 0.000000,
        "runtime" : 0,
        "total_ios" : 0,
        "short_ios" : 0,
        "drop_ios" : 0,
        "slat_ns" : {
          "min" : 0,
          "max" : 0,
          "mean" : 0.000000,
          "stddev" : 0.000000,
          "N" : 0
        },
        "clat_ns" : {
          "min" : 0,
          "max" : 0,
          "mean" : 0.000000,
          "stddev" : 0.000000,
          "N" : 0
        },
        "lat_ns" : {
          "min" : 0,
          "max" : 0,
          "mean" : 0.000000,
          "stddev" : 0.000000,
          "N" : 0
        },
        "bw_min" : 0,
        "bw_max" : 0,
        "bw_agg" : 0.000000,
        "bw_mean" : 0.000000,
        "bw_dev" : 0.000000,
        "bw_samples" : 0,
        "iops_min" : 0,
        "iops_max" : 0,
        "iops_mean" : 0.000000,
        "iops_stddev" : 0.000000,
        "iops_samples" : 0
      },
      "sync" : {
        "total_ios" : 0,
        "lat_ns" : {
          "min" : 0,
          "max" : 0,
          "mean" : 0.000000,
          "stddev" : 0.000000,
          "N" : 0
        }
      },
      "job_runtime" : 240008,
      "usr_cpu" : 6.536449,
      "sys_cpu" : 18.641462,
      "ctx" : 2753334,
      "majf" : 0,
      "minf" : 299,
      "iodepth_level" : {
        "1" : 0.100000,
        "2" : 0.100000,
        "4" : 0.100000,
        "8" : 0.100000,
        "16" : 0.100000,
        "32" : 99.998372,
        ">=64" : 0.000000
      },
      "iodepth_submit" : {
        "0" : 0.000000,
        "4" : 100.000000,
        "8" : 0.000000,
        "16" : 0.000000,
        "32" : 0.000000,
        "64" : 0.000000,
        ">=64" : 0.000000
      },
      "iodepth_complete" : {
        "0" : 0.000000,
        "4" : 99.999947,
        "8" : 0.000000,
        "16" : 0.000000,
        "32" : 0.100000,
        "64" : 0.000000,
        ">=64" : 0.000000
      },
      "latency_ns" : {
        "2" : 0.000000,
        "4" : 0.000000,
        "10" : 0.000000,
        "20" : 0.000000,
        "50" : 0.000000,
        "100" : 0.000000,
        "250" : 0.000000,
        "500" : 0.000000,
        "750" : 0.000000,
        "1000" : 0.000000
      },
      "latency_us" : {
        "2" : 0.000000,
        "4" : 0.000000,
        "10" : 0.000000,
        "20" : 0.000000,
        "50" : 0.010000,
        "100" : 0.010000,
        "250" : 1.485679,
        "500" : 17.887747,
        "750" : 19.882348,
        "1000" : 19.558762
      },
      "latency_ms" : {
        "2" : 34.789716,
        "4" : 6.377063,
        "10" : 0.014300,
        "20" : 0.000000,
        "50" : 0.000000,
        "100" : 0.000000,
        "250" : 0.000000,
        "500" : 0.000000,
        "750" : 0.000000,
        "1000" : 0.000000,
        "2000" : 0.000000,
        ">=2000" : 0.000000
      },
      "latency_depth" : 32,
      "latency_target" : 0,
      "latency_percentile" : 100.000000,
      "latency_window" : 0
    }
  ],
  "disk_util" : [
    {
      "name" : "vdc",
      "read_ios" : 7584718,
      "write_ios" : 10,
      "read_merges" : 0,
      "write_merges" : 30,
      "read_ticks" : 7523240,
      "write_ticks" : 8,
      "in_queue" : 7523248,
      "util" : 80.536329
    }
  ]
}
