{
  "fio version" : "fio-3.33",
  "timestamp" : 1741615957,
  "timestamp_ms" : 1741615957289,
  "time" : "Mon Mar 10 19:42:37 2025",
  "global options" : {
    "directory" : "/disk1/fio_test"
  },
  "jobs" : [
    {
      "jobname" : "pg_vacuum",
      "groupid" : 0,
      "error" : 0,
      "eta" : 0,
      "elapsed" : 61,
      "job options" : {
        "name" : "pg_vacuum",
        "rw" : "randrw",
        "rwmixread" : "80",
        "ioengine" : "libaio",
        "direct" : "1",
        "bs" : "32k",
        "size" : "1G",
        "iodepth" : "8",
        "numjobs" : "2",
        "runtime" : "60"
      },
      "read" : {
        "io_bytes" : 72467709952,
        "io_kbytes" : 70769248,
        "bw_bytes" : 1207775036,
        "bw" : 1179467,
        "iops" : 36858.369027,
        "runtime" : 60001,
        "total_ios" : 2211539,
        "short_ios" : 0,
        "drop_ios" : 0,
        "slat_ns" : {
          "min" : 2193,
          "max" : 648516,
          "mean" : 6982.812740,
          "stddev" : 7667.501030,
          "N" : 2211539
        },
        "clat_ns" : {
          "min" : 82429,
          "max" : 6055839,
          "mean" : 359581.791308,
          "stddev" : 138047.931643,
          "N" : 2211539,
          "percentile" : {
            "1.000000" : 156672,
            "5.000000" : 185344,
            "10.000000" : 203776,
            "20.000000" : 234496,
            "30.000000" : 264192,
            "40.000000" : 301056,
            "50.000000" : 342016,
            "60.000000" : 378880,
            "70.000000" : 419840,
            "80.000000" : 468992,
            "90.000000" : 528384,
            "95.000000" : 602112,
            "99.000000" : 798720,
            "99.500000" : 856064,
            "99.900000" : 978944,
            "99.950000" : 1056768,
            "99.990000" : 1220608
          }
        },
        "lat_ns" : {
          "min" : 98560,
          "max" : 6060267,
          "mean" : 366564.604048,
          "stddev" : 139101.648550,
          "N" : 2211539
        },
        "bw_min" : 995840,
        "bw_max" : 1310144,
        "bw_agg" : 100.000000,
        "bw_mean" : 1180046.521008,
        "bw_dev" : 29761.537581,
        "bw_samples" : 238,
        "iops_min" : 31120,
        "iops_max" : 40942,
        "iops_mean" : 36876.436975,
        "iops_stddev" : 930.053560,
        "iops_samples" : 238
      },
      "write" : {
        "io_bytes" : 18165202944,
        "io_kbytes" : 17739456,
        "bw_bytes" : 302748336,
        "bw" : 295652,
        "iops" : 9239.146014,
        "runtime" : 60001,
        "total_ios" : 554358,
        "short_ios" : 0,
        "drop_ios" : 0,
        "slat_ns" : {
          "min" : 2850,
          "max" : 921446,
          "mean" : 8806.950426,
          "stddev" : 7890.456039,
          "N" : 554358
        },
        "clat_ns" : {
          "min" : 35880,
          "max" : 1530776,
          "mean" : 254611.769903,
          "stddev" : 151526.039873,
          "N" : 554358,
          "percentile" : {
            "1.000000" : 69120,
            "5.000000" : 86528,
            "10.000000" : 99840,
            "20.000000" : 119296,
            "30.000000" : 138240,
            "40.000000" : 156672,
            "50.000000" : 185344,
            "60.000000" : 288768,
            "70.000000" : 346112,
            "80.000000" : 395264,
            "90.000000" : 497664,
            "95.000000" : 528384,
            "99.000000" : 593920,
            "99.500000" : 634880,
            "99.900000" : 765952,
            "99.950000" : 815104,
            "99.990000" : 905216
          }
        },
        "lat_ns" : {
          "min" : 43949,
          "max" : 1539948,
          "mean" : 263418.720329,
          "stddev" : 153112.574135,
          "N" : 554358
        },
        "bw_min" : 251968,
        "bw_max" : 332416,
        "bw_agg" : 100.000000,
        "bw_mean" : 295837.579832,
        "bw_dev" : 7715.539456,
        "bw_samples" : 238,
        "iops_min" : 7874,
        "iops_max" : 10388,
        "iops_mean" : 9244.924370,
        "iops_stddev" : 241.110608,
        "iops_samples" : 238
      },
      "trim" : {
        "io_bytes" : 0,
        "io_kbytes" : 0,
        "bw_bytes" : 0,
        "bw" : 0,
        "iops" : 0.000000,
        "runtime" : 0,
        "total_ios" : 0,
        "short_ios" : 0,
        "drop_ios" : 0,
        "slat_ns" : {
          "min" : 0,
          "max" : 0,
          "mean" : 0.000000,
          "stddev" : 0.000000,
          "N" : 0
        },
        "clat_ns" : {
          "min" : 0,
          "max" : 0,
          "mean" : 0.000000,
          "stddev" : 0.000000,
          "N" : 0
        },
        "lat_ns" : {
          "min" : 0,
          "max" : 0,
          "mean" : 0.000000,
          "stddev" : 0.000000,
          "N" : 0
        },
        "bw_min" : 0,
        "bw_max" : 0,
        "bw_agg" : 0.000000,
        "bw_mean" : 0.000000,
        "bw_dev" : 0.000000,
        "bw_samples" : 0,
        "iops_min" : 0,
        "iops_max" : 0,
        "iops_mean" : 0.000000,
        "iops_stddev" : 0.000000,
        "iops_samples" : 0
      },
      "sync" : {
        "total_ios" : 0,
        "lat_ns" : {
          "min" : 0,
          "max" : 0,
          "mean" : 0.000000,
          "stddev" : 0.000000,
          "N" : 0
        }
      },
      "job_runtime" : 120000,
      "usr_cpu" : 7.219167,
      "sys_cpu" : 22.570833,
      "ctx" : 845642,
      "majf" : 0,
      "minf" : 23,
      "iodepth_level" : {
        "1" : 0.100000,
        "2" : 0.100000,
        "4" : 0.100000,
        "8" : 99.999494,
        "16" : 0.000000,
        "32" : 0.000000,
        ">=64" : 0.000000
      },
      "iodepth_submit" : {
        "0" : 0.000000,
        "4" : 100.000000,
        "8" : 0.000000,
        "16" : 0.000000,
        "32" : 0.000000,
        "64" : 0.000000,
        ">=64" : 0.000000
      },
      "iodepth_complete" : {
        "0" : 0.000000,
        "4" : 99.999928,
        "8" : 0.100000,
        "16" : 0.000000,
        "32" : 0.000000,
        "64" : 0.000000,
        ">=64" : 0.000000
      },
      "latency_ns" : {
        "2" : 0.000000,
        "4" : 0.000000,
        "10" : 0.000000,
        "20" : 0.000000,
        "50" : 0.000000,
        "100" : 0.000000,
        "250" : 0.000000,
        "500" : 0.000000,
        "750" : 0.000000,
        "1000" : 0.000000
      },
      "latency_us" : {
        "2" : 0.000000,
        "4" : 0.000000,
        "10" : 0.000000,
        "20" : 0.000000,
        "50" : 0.010000,
        "100" : 2.050293,
        "250" : 29.666325,
        "500" : 54.890981,
        "750" : 12.105729,
        "1000" : 1.212446
      },
      "latency_ms" : {
        "2" : 0.065042,
        "4" : 0.010000,
        "10" : 0.010000,
        "20" : 0.000000,
        "50" : 0.000000,
        "100" : 0.000000,
        "250" : 0.000000,
        "500" : 0.000000,
        "750" : 0.000000,
        "1000" : 0.000000,
        "2000" : 0.000000,
        ">=2000" : 0.000000
      },
      "latency_depth" : 8,
      "latency_target" : 0,
      "latency_percentile" : 100.000000,
      "latency_window" : 0
    }
  ],
  "disk_util" : [
    {
      "name" : "vdb",
      "read_ios" : 2207181,
      "write_ios" : 553338,
      "read_merges" : 0,
      "write_merges" : 16,
      "read_ticks" : 656542,
      "write_ticks" : 93064,
      "in_queue" : 749607,
      "util" : 67.998065
    }
  ]
}
