{
  "fio version" : "fio-3.33",
  "timestamp" : 1741616280,
  "timestamp_ms" : 1741616280433,
  "time" : "Mon Mar 10 19:48:00 2025",
  "global options" : {
    "directory" : "/disk2/fio_test"
  },
  "jobs" : [
    {
      "jobname" : "pg_oltp_mixed",
      "groupid" : 0,
      "error" : 0,
      "eta" : 0,
      "elapsed" : 61,
      "job options" : {
        "name" : "pg_oltp_mixed",
        "rw" : "randrw",
        "rwmixread" : "75",
        "ioengine" : "libaio",
        "direct" : "1",
        "bs" : "8k",
        "size" : "1G",
        "iodepth" : "16",
        "numjobs" : "8",
        "runtime" : "60"
      },
      "read" : {
        "io_bytes" : 31445827584,
        "io_kbytes" : 30708816,
        "bw_bytes" : 524070922,
        "bw" : 511788,
        "iops" : 63973.501325,
        "runtime" : 60003,
        "total_ios" : 3838602,
        "short_ios" : 0,
        "drop_ios" : 0,
        "slat_ns" : {
          "min" : 1767,
          "max" : 1291983,
          "mean" : 8102.010423,
          "stddev" : 10177.689586,
          "N" : 3838602
        },
        "clat_ns" : {
          "min" : 97690,
          "max" : 13183856,
          "mean" : 1824001.699512,
          "stddev" : 1074524.684993,
          "N" : 3838602,
          "percentile" : {
            "1.000000" : 244736,
            "5.000000" : 395264,
            "10.000000" : 501760,
            "20.000000" : 798720,
            "30.000000" : 1073152,
            "40.000000" : 1368064,
            "50.000000" : 1679360,
            "60.000000" : 2023424,
            "70.000000" : 2375680,
            "80.000000" : 2801664,
            "90.000000" : 3325952,
            "95.000000" : 3686400,
            "99.000000" : 4358144,
            "99.500000" : 4816896,
            "99.900000" : 6651904,
            "99.950000" : 7569408,
            "99.990000" : 9240576
          }
        },
        "lat_ns" : {
          "min" : 103710,
          "max" : 13188089,
          "mean" : 1832103.709936,
          "stddev" : 1074946.167146,
          "N" : 3838602
        },
        "bw_min" : 472832,
        "bw_max" : 550000,
        "bw_agg" : 100.000000,
        "bw_mean" : 512605.176471,
        "bw_dev" : 1968.494571,
        "bw_samples" : 952,
        "iops_min" : 59104,
        "iops_max" : 68750,
        "iops_mean" : 64075.647059,
        "iops_stddev" : 246.061821,
        "iops_samples" : 952
      },
      "write" : {
        "io_bytes" : 10498834432,
        "io_kbytes" : 10252768,
        "bw_bytes" : 174971825,
        "bw" : 170870,
        "iops" : 21358.865390,
        "runtime" : 60003,
        "total_ios" : 1281596,
        "short_ios" : 0,
        "drop_ios" : 0,
        "slat_ns" : {
          "min" : 1881,
          "max" : 584091,
          "mean" : 9374.507974,
          "stddev" : 10279.320217,
          "N" : 1281596
        },
        "clat_ns" : {
          "min" : 33252,
          "max" : 19848861,
          "mean" : 488626.761298,
          "stddev" : 1026051.854031,
          "N" : 1281596,
          "percentile" : {
            "1.000000" : 81408,
            "5.000000" : 115200,
            "10.000000" : 146432,
            "20.000000" : 199680,
            "30.000000" : 272384,
            "40.000000" : 337920,
            "50.000000" : 378880,
            "60.000000" : 407552,
            "70.000000" : 444416,
            "80.000000" : 505856,
            "90.000000" : 618496,
            "95.000000" : 798720,
            "99.000000" : 4489216,
            "99.500000" : 9633792,
            "99.900000" : 14090240,
            "99.950000" : 15007744,
            "99.990000" : 16580608
          }
        },
        "lat_ns" : {
          "min" : 45451,
          "max" : 19855350,
          "mean" : 498001.269272,
          "stddev" : 1026376.065996,
          "N" : 1281596
        },
        "bw_min" : 152912,
        "bw_max" : 188528,
        "bw_agg" : 100.000000,
        "bw_mean" : 171133.983193,
        "bw_dev" : 896.459617,
        "bw_samples" : 952,
        "iops_min" : 19114,
        "iops_max" : 23566,
        "iops_mean" : 21391.747899,
        "iops_stddev" : 112.057452,
        "iops_samples" : 952
      },
      "trim" : {
        "io_bytes" : 0,
        "io_kbytes" : 0,
        "bw_bytes" : 0,
        "bw" : 0,
        "iops" : 0.000000,
        "runtime" : 0,
        "total_ios" : 0,
        "short_ios" : 0,
        "drop_ios" : 0,
        "slat_ns" : {
          "min" : 0,
          "max" : 0,
          "mean" : 0.000000,
          "stddev" : 0.000000,
          "N" : 0
        },
        "clat_ns" : {
          "min" : 0,
          "max" : 0,
          "mean" : 0.000000,
          "stddev" : 0.000000,
          "N" : 0
        },
        "lat_ns" : {
          "min" : 0,
          "max" : 0,
          "mean" : 0.000000,
          "stddev" : 0.000000,
          "N" : 0
        },
        "bw_min" : 0,
        "bw_max" : 0,
        "bw_agg" : 0.000000,
        "bw_mean" : 0.000000,
        "bw_dev" : 0.000000,
        "bw_samples" : 0,
        "iops_min" : 0,
        "iops_max" : 0,
        "iops_mean" : 0.000000,
        "iops_stddev" : 0.000000,
        "iops_samples" : 0
      },
      "sync" : {
        "total_ios" : 0,
        "lat_ns" : {
          "min" : 0,
          "max" : 0,
          "mean" : 0.000000,
          "stddev" : 0.000000,
          "N" : 0
        }
      },
      "job_runtime" : 480016,
      "usr_cpu" : 4.739425,
      "sys_cpu" : 13.307056,
      "ctx" : 2178407,
      "majf" : 0,
      "minf" : 95,
      "iodepth_level" : {
        "1" : 0.100000,
        "2" : 0.100000,
        "4" : 0.100000,
        "8" : 0.100000,
        "16" : 99.997656,
        "32" : 0.000000,
        ">=64" : 0.000000
      },
      "iodepth_submit" : {
        "0" : 0.000000,
        "4" : 100.000000,
        "8" : 0.000000,
        "16" : 0.000000,
        "32" : 0.000000,
        "64" : 0.000000,
        ">=64" : 0.000000
      },
      "iodepth_complete" : {
        "0" : 0.000000,
        "4" : 99.999844,
        "8" : 0.000000,
        "16" : 0.100000,
        "32" : 0.000000,
        "64" : 0.000000,
        ">=64" : 0.000000
      },
      "latency_ns" : {
        "2" : 0.000000,
        "4" : 0.000000,
        "10" : 0.000000,
        "20" : 0.000000,
        "50" : 0.000000,
        "100" : 0.000000,
        "250" : 0.000000,
        "500" : 0.000000,
        "750" : 0.000000,
        "1000" : 0.000000
      },
      "latency_us" : {
        "2" : 0.000000,
        "4" : 0.000000,
        "10" : 0.000000,
        "20" : 0.000000,
        "50" : 0.010000,
        "100" : 0.719835,
        "250" : 6.960961,
        "500" : 19.619925,
        "750" : 9.800266,
        "1000" : 7.963559
      },
      "latency_ms" : {
        "2" : 24.172971,
        "4" : 28.759122,
        "10" : 1.882330,
        "20" : 0.118199,
        "50" : 0.000000,
        "100" : 0.000000,
        "250" : 0.000000,
        "500" : 0.000000,
        "750" : 0.000000,
        "1000" : 0.000000,
        "2000" : 0.000000,
        ">=2000" : 0.000000
      },
      "latency_depth" : 16,
      "latency_target" : 0,
      "latency_percentile" : 100.000000,
      "latency_window" : 0
    }
  ],
  "disk_util" : [
    {
      "name" : "vdc",
      "read_ios" : 3838081,
      "write_ios" : 1281455,
      "read_merges" : 0,
      "write_merges" : 61,
      "read_ticks" : 6769147,
      "write_ticks" : 533755,
      "in_queue" : 7302902,
      "util" : 72.066369
    }
  ]
}
