{
  "fio version" : "fio-3.33",
  "timestamp" : 1741615759,
  "timestamp_ms" : 1741615759214,
  "time" : "Mon Mar 10 19:39:19 2025",
  "global options" : {
    "directory" : "/disk1/fio_test"
  },
  "jobs" : [
    {
      "jobname" : "pg_index_read",
      "groupid" : 0,
      "error" : 0,
      "eta" : 0,
      "elapsed" : 61,
      "job options" : {
        "name" : "pg_index_read",
        "rw" : "randread",
        "ioengine" : "libaio",
        "direct" : "1",
        "bs" : "8k",
        "size" : "1G",
        "iodepth" : "32",
        "numjobs" : "4",
        "runtime" : "60"
      },
      "read" : {
        "io_bytes" : 106003013632,
        "io_kbytes" : 103518568,
        "bw_bytes" : 1766687449,
        "bw" : 1725280,
        "iops" : 215660.088999,
        "runtime" : 60001,
        "total_ios" : 12939821,
        "short_ios" : 0,
        "drop_ios" : 0,
        "slat_ns" : {
          "min" : 973,
          "max" : 990356,
          "mean" : 2824.394124,
          "stddev" : 3187.675841,
          "N" : 12939821
        },
        "clat_ns" : {
          "min" : 93139,
          "max" : 2448712,
          "mean" : 590140.232249,
          "stddev" : 215525.290841,
          "N" : 12939821,
          "percentile" : {
            "1.000000" : 222208,
            "5.000000" : 284672,
            "10.000000" : 325632,
            "20.000000" : 399360,
            "30.000000" : 452608,
            "40.000000" : 501760,
            "50.000000" : 552960,
            "60.000000" : 610304,
            "70.000000" : 708608,
            "80.000000" : 798720,
            "90.000000" : 897024,
            "95.000000" : 978944,
            "99.000000" : 1105920,
            "99.500000" : 1155072,
            "99.900000" : 1269760,
            "99.950000" : 1302528,
            "99.990000" : 1400832
          }
        },
        "lat_ns" : {
          "min" : 95227,
          "max" : 2450988,
          "mean" : 592964.626373,
          "stddev" : 215840.310812,
          "N" : 12939821
        },
        "bw_min" : 1150992,
        "bw_max" : 2459664,
        "bw_agg" : 100.000000,
        "bw_mean" : 1730227.092437,
        "bw_dev" : 116753.368857,
        "bw_samples" : 476,
        "iops_min" : 143874,
        "iops_max" : 307458,
        "iops_mean" : 216278.386555,
        "iops_stddev" : 14594.171107,
        "iops_samples" : 476
      },
      "write" : {
        "io_bytes" : 0,
        "io_kbytes" : 0,
        "bw_bytes" : 0,
        "bw" : 0,
        "iops" : 0.000000,
        "runtime" : 0,
        "total_ios" : 0,
        "short_ios" : 0,
        "drop_ios" : 0,
        "slat_ns" : {
          "min" : 0,
          "max" : 0,
          "mean" : 0.000000,
          "stddev" : 0.000000,
          "N" : 0
        },
        "clat_ns" : {
          "min" : 0,
          "max" : 0,
          "mean" : 0.000000,
          "stddev" : 0.000000,
          "N" : 0
        },
        "lat_ns" : {
          "min" : 0,
          "max" : 0,
          "mean" : 0.000000,
          "stddev" : 0.000000,
          "N" : 0
        },
        "bw_min" : 0,
        "bw_max" : 0,
        "bw_agg" : 0.000000,
        "bw_mean" : 0.000000,
        "bw_dev" : 0.000000,
        "bw_samples" : 0,
        "iops_min" : 0,
        "iops_max" : 0,
        "iops_mean" : 0.000000,
        "iops_stddev" : 0.000000,
        "iops_samples" : 0
      },
      "trim" : {
        "io_bytes" : 0,
        "io_kbytes" : 0,
        "bw_bytes" : 0,
        "bw" : 0,
        "iops" : 0.000000,
        "runtime" : 0,
        "total_ios" : 0,
        "short_ios" : 0,
        "drop_ios" : 0,
        "slat_ns" : {
          "min" : 0,
          "max" : 0,
          "mean" : 0.000000,
          "stddev" : 0.000000,
          "N" : 0
        },
        "clat_ns" : {
          "min" : 0,
          "max" : 0,
          "mean" : 0.000000,
          "stddev" : 0.000000,
          "N" : 0
        },
        "lat_ns" : {
          "min" : 0,
          "max" : 0,
          "mean" : 0.000000,
          "stddev" : 0.000000,
          "N" : 0
        },
        "bw_min" : 0,
        "bw_max" : 0,
        "bw_agg" : 0.000000,
        "bw_mean" : 0.000000,
        "bw_dev" : 0.000000,
        "bw_samples" : 0,
        "iops_min" : 0,
        "iops_max" : 0,
        "iops_mean" : 0.000000,
        "iops_stddev" : 0.000000,
        "iops_samples" : 0
      },
      "sync" : {
        "total_ios" : 0,
        "lat_ns" : {
          "min" : 0,
          "max" : 0,
          "mean" : 0.000000,
          "stddev" : 0.000000,
          "N" : 0
        }
      },
      "job_runtime" : 240000,
      "usr_cpu" : 8.682917,
      "sys_cpu" : 21.182917,
      "ctx" : 876018,
      "majf" : 0,
      "minf" : 296,
      "iodepth_level" : {
        "1" : 0.100000,
        "2" : 0.100000,
        "4" : 0.100000,
        "8" : 0.100000,
        "16" : 0.100000,
        "32" : 99.999042,
        ">=64" : 0.000000
      },
      "iodepth_submit" : {
        "0" : 0.000000,
        "4" : 100.000000,
        "8" : 0.000000,
        "16" : 0.000000,
        "32" : 0.000000,
        "64" : 0.000000,
        ">=64" : 0.000000
      },
      "iodepth_complete" : {
        "0" : 0.000000,
        "4" : 99.999969,
        "8" : 0.000000,
        "16" : 0.000000,
        "32" : 0.100000,
        "64" : 0.000000,
        ">=64" : 0.000000
      },
      "latency_ns" : {
        "2" : 0.000000,
        "4" : 0.000000,
        "10" : 0.000000,
        "20" : 0.000000,
        "50" : 0.000000,
        "100" : 0.000000,
        "250" : 0.000000,
        "500" : 0.000000,
        "750" : 0.000000,
        "1000" : 0.000000
      },
      "latency_us" : {
        "2" : 0.000000,
        "4" : 0.000000,
        "10" : 0.000000,
        "20" : 0.000000,
        "50" : 0.000000,
        "100" : 0.010000,
        "250" : 2.330473,
        "500" : 37.574198,
        "750" : 34.373412,
        "1000" : 21.725270
      },
      "latency_ms" : {
        "2" : 3.995975,
        "4" : 0.010000,
        "10" : 0.000000,
        "20" : 0.000000,
        "50" : 0.000000,
        "100" : 0.000000,
        "250" : 0.000000,
        "500" : 0.000000,
        "750" : 0.000000,
        "1000" : 0.000000,
        "2000" : 0.000000,
        ">=2000" : 0.000000
      },
      "latency_depth" : 32,
      "latency_target" : 0,
      "latency_percentile" : 100.000000,
      "latency_window" : 0
    }
  ],
  "disk_util" : [
    {
      "name" : "vdb",
      "read_ios" : 12922416,
      "write_ios" : 8,
      "read_merges" : 0,
      "write_merges" : 30,
      "read_ticks" : 6753319,
      "write_ticks" : 4,
      "in_queue" : 6753323,
      "util" : 46.959510
    }
  ]
}
