{
  "fio version" : "fio-3.33",
  "timestamp" : 1741615993,
  "timestamp_ms" : 1741615993035,
  "time" : "Mon Mar 10 19:43:13 2025",
  "global options" : {
    "directory" : "/disk1/fio_test"
  },
  "jobs" : [
    {
      "jobname" : "pg_parallel_query",
      "groupid" : 0,
      "error" : 0,
      "eta" : 0,
      "elapsed" : 3,
      "job options" : {
        "name" : "pg_parallel_query",
        "rw" : "read",
        "ioengine" : "libaio",
        "direct" : "1",
        "bs" : "64k",
        "size" : "1G",
        "iodepth" : "8",
        "numjobs" : "8"
      },
      "read" : {
        "io_bytes" : 8589934592,
        "io_kbytes" : 8388608,
        "bw_bytes" : 3594114892,
        "bw" : 3509877,
        "iops" : 54841.841004,
        "runtime" : 2390,
        "total_ios" : 131072,
        "short_ios" : 0,
        "drop_ios" : 0,
        "slat_ns" : {
          "min" : 2838,
          "max" : 943598,
          "mean" : 8943.050125,
          "stddev" : 10460.040684,
          "N" : 131072
        },
        "clat_ns" : {
          "min" : 232545,
          "max" : 4023608,
          "mean" : 1144884.132988,
          "stddev" : 356119.854463,
          "N" : 131072,
          "percentile" : {
            "1.000000" : 505856,
            "5.000000" : 667648,
            "10.000000" : 757760,
            "20.000000" : 856064,
            "30.000000" : 929792,
            "40.000000" : 1003520,
            "50.000000" : 1089536,
            "60.000000" : 1171456,
            "70.000000" : 1286144,
            "80.000000" : 1433600,
            "90.000000" : 1630208,
            "95.000000" : 1794048,
            "99.000000" : 2146304,
            "99.500000" : 2342912,
            "99.900000" : 2867200,
            "99.950000" : 3031040,
            "99.990000" : 3784704
          }
        },
        "lat_ns" : {
          "min" : 253610,
          "max" : 4035845,
          "mean" : 1153827.183113,
          "stddev" : 355875.774665,
          "N" : 131072
        },
        "bw_min" : 2662400,
        "bw_max" : 4053632,
        "bw_agg" : 99.419529,
        "bw_mean" : 3489504.000000,
        "bw_dev" : 73187.117245,
        "bw_samples" : 32,
        "iops_min" : 41600,
        "iops_max" : 63338,
        "iops_mean" : 54523.500000,
        "iops_stddev" : 1143.548707,
        "iops_samples" : 32
      },
      "write" : {
        "io_bytes" : 0,
        "io_kbytes" : 0,
        "bw_bytes" : 0,
        "bw" : 0,
        "iops" : 0.000000,
        "runtime" : 0,
        "total_ios" : 0,
        "short_ios" : 0,
        "drop_ios" : 0,
        "slat_ns" : {
          "min" : 0,
          "max" : 0,
          "mean" : 0.000000,
          "stddev" : 0.000000,
          "N" : 0
        },
        "clat_ns" : {
          "min" : 0,
          "max" : 0,
          "mean" : 0.000000,
          "stddev" : 0.000000,
          "N" : 0
        },
        "lat_ns" : {
          "min" : 0,
          "max" : 0,
          "mean" : 0.000000,
          "stddev" : 0.000000,
          "N" : 0
        },
        "bw_min" : 0,
        "bw_max" : 0,
        "bw_agg" : 0.000000,
        "bw_mean" : 0.000000,
        "bw_dev" : 0.000000,
        "bw_samples" : 0,
        "iops_min" : 0,
        "iops_max" : 0,
        "iops_mean" : 0.000000,
        "iops_stddev" : 0.000000,
        "iops_samples" : 0
      },
      "trim" : {
        "io_bytes" : 0,
        "io_kbytes" : 0,
        "bw_bytes" : 0,
        "bw" : 0,
        "iops" : 0.000000,
        "runtime" : 0,
        "total_ios" : 0,
        "short_ios" : 0,
        "drop_ios" : 0,
        "slat_ns" : {
          "min" : 0,
          "max" : 0,
          "mean" : 0.000000,
          "stddev" : 0.000000,
          "N" : 0
        },
        "clat_ns" : {
          "min" : 0,
          "max" : 0,
          "mean" : 0.000000,
          "stddev" : 0.000000,
          "N" : 0
        },
        "lat_ns" : {
          "min" : 0,
          "max" : 0,
          "mean" : 0.000000,
          "stddev" : 0.000000,
          "N" : 0
        },
        "bw_min" : 0,
        "bw_max" : 0,
        "bw_agg" : 0.000000,
        "bw_mean" : 0.000000,
        "bw_dev" : 0.000000,
        "bw_samples" : 0,
        "iops_min" : 0,
        "iops_max" : 0,
        "iops_mean" : 0.000000,
        "iops_stddev" : 0.000000,
        "iops_samples" : 0
      },
      "sync" : {
        "total_ios" : 0,
        "lat_ns" : {
          "min" : 0,
          "max" : 0,
          "mean" : 0.000000,
          "stddev" : 0.000000,
          "N" : 0
        }
      },
      "job_runtime" : 18922,
      "usr_cpu" : 1.960681,
      "sys_cpu" : 9.819258,
      "ctx" : 20321,
      "majf" : 0,
      "minf" : 1111,
      "iodepth_level" : {
        "1" : 0.100000,
        "2" : 0.100000,
        "4" : 0.100000,
        "8" : 99.957275,
        "16" : 0.000000,
        "32" : 0.000000,
        ">=64" : 0.000000
      },
      "iodepth_submit" : {
        "0" : 0.000000,
        "4" : 100.000000,
        "8" : 0.000000,
        "16" : 0.000000,
        "32" : 0.000000,
        "64" : 0.000000,
        ">=64" : 0.000000
      },
      "iodepth_complete" : {
        "0" : 0.000000,
        "4" : 99.993894,
        "8" : 0.100000,
        "16" : 0.000000,
        "32" : 0.000000,
        "64" : 0.000000,
        ">=64" : 0.000000
      },
      "latency_ns" : {
        "2" : 0.000000,
        "4" : 0.000000,
        "10" : 0.000000,
        "20" : 0.000000,
        "50" : 0.000000,
        "100" : 0.000000,
        "250" : 0.000000,
        "500" : 0.000000,
        "750" : 0.000000,
        "1000" : 0.000000
      },
      "latency_us" : {
        "2" : 0.000000,
        "4" : 0.000000,
        "10" : 0.000000,
        "20" : 0.000000,
        "50" : 0.000000,
        "100" : 0.000000,
        "250" : 0.010000,
        "500" : 0.925446,
        "750" : 8.614349,
        "1000" : 30.169678
      },
      "latency_ms" : {
        "2" : 58.350372,
        "4" : 1.932526,
        "10" : 0.010000,
        "20" : 0.000000,
        "50" : 0.000000,
        "100" : 0.000000,
        "250" : 0.000000,
        "500" : 0.000000,
        "750" : 0.000000,
        "1000" : 0.000000,
        "2000" : 0.000000,
        ">=2000" : 0.000000
      },
      "latency_depth" : 8,
      "latency_target" : 0,
      "latency_percentile" : 100.000000,
      "latency_window" : 0
    }
  ],
  "disk_util" : [
    {
      "name" : "vdb",
      "read_ios" : 119378,
      "write_ios" : 0,
      "read_merges" : 0,
      "write_merges" : 0,
      "read_ticks" : 129011,
      "write_ticks" : 0,
      "in_queue" : 129011,
      "util" : 49.582418
    }
  ]
}
