{
  "fio version" : "fio-3.33",
  "timestamp" : 1741615891,
  "timestamp_ms" : 1741615891527,
  "time" : "Mon Mar 10 19:41:31 2025",
  "global options" : {
    "directory" : "/disk1/fio_test"
  },
  "jobs" : [
    {
      "jobname" : "pg_oltp_mixed",
      "groupid" : 0,
      "error" : 0,
      "eta" : 0,
      "elapsed" : 61,
      "job options" : {
        "name" : "pg_oltp_mixed",
        "rw" : "randrw",
        "rwmixread" : "75",
        "ioengine" : "libaio",
        "direct" : "1",
        "bs" : "8k",
        "size" : "1G",
        "iodepth" : "16",
        "numjobs" : "8",
        "runtime" : "60"
      },
      "read" : {
        "io_bytes" : 66869600256,
        "io_kbytes" : 65302344,
        "bw_bytes" : 1114474763,
        "bw" : 1088354,
        "iops" : 136044.282595,
        "runtime" : 60001,
        "total_ios" : 8162793,
        "short_ios" : 0,
        "drop_ios" : 0,
        "slat_ns" : {
          "min" : 1449,
          "max" : 656067,
          "mean" : 3884.252038,
          "stddev" : 5357.263285,
          "N" : 8162793
        },
        "clat_ns" : {
          "min" : 57869,
          "max" : 5229300,
          "mean" : 716789.972599,
          "stddev" : 254847.543553,
          "N" : 8162793,
          "percentile" : {
            "1.000000" : 250880,
            "5.000000" : 354304,
            "10.000000" : 411648,
            "20.000000" : 485376,
            "30.000000" : 552960,
            "40.000000" : 610304,
            "50.000000" : 684032,
            "60.000000" : 774144,
            "70.000000" : 856064,
            "80.000000" : 937984,
            "90.000000" : 1056768,
            "95.000000" : 1155072,
            "99.000000" : 1368064,
            "99.500000" : 1449984,
            "99.900000" : 1630208,
            "99.950000" : 1712128,
            "99.990000" : 1875968
          }
        },
        "lat_ns" : {
          "min" : 81648,
          "max" : 5231685,
          "mean" : 720674.224637,
          "stddev" : 255419.507568,
          "N" : 8162793
        },
        "bw_min" : 735911,
        "bw_max" : 1664352,
        "bw_agg" : 100.000000,
        "bw_mean" : 1090592.899160,
        "bw_dev" : 31739.620571,
        "bw_samples" : 952,
        "iops_min" : 91988,
        "iops_max" : 208044,
        "iops_mean" : 136324.000000,
        "iops_stddev" : 3967.459616,
        "iops_samples" : 952
      },
      "write" : {
        "io_bytes" : 22310789120,
        "io_kbytes" : 21787880,
        "bw_bytes" : 371840287,
        "bw" : 363125,
        "iops" : 45390.660156,
        "runtime" : 60001,
        "total_ios" : 2723485,
        "short_ios" : 0,
        "drop_ios" : 0,
        "slat_ns" : {
          "min" : 1718,
          "max" : 571186,
          "mean" : 4441.616564,
          "stddev" : 5539.213696,
          "N" : 2723485
        },
        "clat_ns" : {
          "min" : 30595,
          "max" : 15743161,
          "mean" : 651948.463506,
          "stddev" : 299834.359758,
          "N" : 2723485,
          "percentile" : {
            "1.000000" : 140288,
            "5.000000" : 244736,
            "10.000000" : 305152,
            "20.000000" : 382976,
            "30.000000" : 444416,
            "40.000000" : 509952,
            "50.000000" : 610304,
            "60.000000" : 724992,
            "70.000000" : 823296,
            "80.000000" : 921600,
            "90.000000" : 1044480,
            "95.000000" : 1155072,
            "99.000000" : 1368064,
            "99.500000" : 1466368,
            "99.900000" : 1974272,
            "99.950000" : 2506752,
            "99.990000" : 3555328
          }
        },
        "lat_ns" : {
          "min" : 33068,
          "max" : 15777920,
          "mean" : 656390.080070,
          "stddev" : 300718.810545,
          "N" : 2723485
        },
        "bw_min" : 244236,
        "bw_max" : 561504,
        "bw_agg" : 100.000000,
        "bw_mean" : 363861.033613,
        "bw_dev" : 10603.879331,
        "bw_samples" : 952,
        "iops_min" : 30529,
        "iops_max" : 70188,
        "iops_mean" : 45482.495798,
        "iops_stddev" : 1325.494275,
        "iops_samples" : 952
      },
      "trim" : {
        "io_bytes" : 0,
        "io_kbytes" : 0,
        "bw_bytes" : 0,
        "bw" : 0,
        "iops" : 0.000000,
        "runtime" : 0,
        "total_ios" : 0,
        "short_ios" : 0,
        "drop_ios" : 0,
        "slat_ns" : {
          "min" : 0,
          "max" : 0,
          "mean" : 0.000000,
          "stddev" : 0.000000,
          "N" : 0
        },
        "clat_ns" : {
          "min" : 0,
          "max" : 0,
          "mean" : 0.000000,
          "stddev" : 0.000000,
          "N" : 0
        },
        "lat_ns" : {
          "min" : 0,
          "max" : 0,
          "mean" : 0.000000,
          "stddev" : 0.000000,
          "N" : 0
        },
        "bw_min" : 0,
        "bw_max" : 0,
        "bw_agg" : 0.000000,
        "bw_mean" : 0.000000,
        "bw_dev" : 0.000000,
        "bw_samples" : 0,
        "iops_min" : 0,
        "iops_max" : 0,
        "iops_mean" : 0.000000,
        "iops_stddev" : 0.000000,
        "iops_samples" : 0
      },
      "sync" : {
        "total_ios" : 0,
        "lat_ns" : {
          "min" : 0,
          "max" : 0,
          "mean" : 0.000000,
          "stddev" : 0.000000,
          "N" : 0
        }
      },
      "job_runtime" : 480000,
      "usr_cpu" : 5.072917,
      "sys_cpu" : 12.521875,
      "ctx" : 2067234,
      "majf" : 0,
      "minf" : 90,
      "iodepth_level" : {
        "1" : 0.100000,
        "2" : 0.100000,
        "4" : 0.100000,
        "8" : 0.100000,
        "16" : 99.998898,
        "32" : 0.000000,
        ">=64" : 0.000000
      },
      "iodepth_submit" : {
        "0" : 0.000000,
        "4" : 100.000000,
        "8" : 0.000000,
        "16" : 0.000000,
        "32" : 0.000000,
        "64" : 0.000000,
        ">=64" : 0.000000
      },
      "iodepth_complete" : {
        "0" : 0.000000,
        "4" : 99.999927,
        "8" : 0.000000,
        "16" : 0.100000,
        "32" : 0.000000,
        "64" : 0.000000,
        ">=64" : 0.000000
      },
      "latency_ns" : {
        "2" : 0.000000,
        "4" : 0.000000,
        "10" : 0.000000,
        "20" : 0.000000,
        "50" : 0.000000,
        "100" : 0.000000,
        "250" : 0.000000,
        "500" : 0.000000,
        "750" : 0.000000,
        "1000" : 0.000000
      },
      "latency_us" : {
        "2" : 0.000000,
        "4" : 0.000000,
        "10" : 0.000000,
        "20" : 0.000000,
        "50" : 0.010000,
        "100" : 0.095772,
        "250" : 1.973631,
        "500" : 24.124986,
        "750" : 32.513537,
        "1000" : 27.275567
      },
      "latency_ms" : {
        "2" : 13.988142,
        "4" : 0.026299,
        "10" : 0.010000,
        "20" : 0.010000,
        "50" : 0.000000,
        "100" : 0.000000,
        "250" : 0.000000,
        "500" : 0.000000,
        "750" : 0.000000,
        "1000" : 0.000000,
        "2000" : 0.000000,
        ">=2000" : 0.000000
      },
      "latency_depth" : 16,
      "latency_target" : 0,
      "latency_percentile" : 100.000000,
      "latency_window" : 0
    }
  ],
  "disk_util" : [
    {
      "name" : "vdb",
      "read_ios" : 8140073,
      "write_ios" : 2715811,
      "read_merges" : 0,
      "write_merges" : 66,
      "read_ticks" : 5122011,
      "write_ticks" : 1464131,
      "in_queue" : 6586142,
      "util" : 53.990477
    }
  ]
}
