{
  "fio version" : "fio-3.33",
  "timestamp" : 1741615819,
  "timestamp_ms" : 1741615819694,
  "time" : "Mon Mar 10 19:40:19 2025",
  "global options" : {
    "directory" : "/disk1/fio_test"
  },
  "jobs" : [
    {
      "jobname" : "pg_data_write",
      "groupid" : 0,
      "error" : 0,
      "eta" : 0,
      "elapsed" : 61,
      "job options" : {
        "name" : "pg_data_write",
        "rw" : "randwrite",
        "ioengine" : "libaio",
        "direct" : "1",
        "bs" : "8k",
        "size" : "1G",
        "iodepth" : "16",
        "numjobs" : "4",
        "runtime" : "60"
      },
      "read" : {
        "io_bytes" : 0,
        "io_kbytes" : 0,
        "bw_bytes" : 0,
        "bw" : 0,
        "iops" : 0.000000,
        "runtime" : 0,
        "total_ios" : 0,
        "short_ios" : 0,
        "drop_ios" : 0,
        "slat_ns" : {
          "min" : 0,
          "max" : 0,
          "mean" : 0.000000,
          "stddev" : 0.000000,
          "N" : 0
        },
        "clat_ns" : {
          "min" : 0,
          "max" : 0,
          "mean" : 0.000000,
          "stddev" : 0.000000,
          "N" : 0
        },
        "lat_ns" : {
          "min" : 0,
          "max" : 0,
          "mean" : 0.000000,
          "stddev" : 0.000000,
          "N" : 0
        },
        "bw_min" : 0,
        "bw_max" : 0,
        "bw_agg" : 0.000000,
        "bw_mean" : 0.000000,
        "bw_dev" : 0.000000,
        "bw_samples" : 0,
        "iops_min" : 0,
        "iops_max" : 0,
        "iops_mean" : 0.000000,
        "iops_stddev" : 0.000000,
        "iops_samples" : 0
      },
      "write" : {
        "io_bytes" : 89236480000,
        "io_kbytes" : 87145000,
        "bw_bytes" : 1487249879,
        "bw" : 1452392,
        "iops" : 181549.057516,
        "runtime" : 60001,
        "total_ios" : 10893125,
        "short_ios" : 0,
        "drop_ios" : 0,
        "slat_ns" : {
          "min" : 1030,
          "max" : 813798,
          "mean" : 3554.140148,
          "stddev" : 4424.674016,
          "N" : 10893125
        },
        "clat_ns" : {
          "min" : 19320,
          "max" : 2778295,
          "mean" : 348346.048222,
          "stddev" : 158958.676124,
          "N" : 10893125,
          "percentile" : {
            "1.000000" : 86528,
            "5.000000" : 127488,
            "10.000000" : 154624,
            "20.000000" : 197632,
            "30.000000" : 232448,
            "40.000000" : 284672,
            "50.000000" : 342016,
            "60.000000" : 382976,
            "70.000000" : 423936,
            "80.000000" : 485376,
            "90.000000" : 569344,
            "95.000000" : 618496,
            "99.000000" : 765952,
            "99.500000" : 806912,
            "99.900000" : 897024,
            "99.950000" : 970752,
            "99.990000" : 1204224
          }
        },
        "lat_ns" : {
          "min" : 21937,
          "max" : 2781188,
          "mean" : 351900.188370,
          "stddev" : 159610.757993,
          "N" : 10893125
        },
        "bw_min" : 894496,
        "bw_max" : 2721152,
        "bw_agg" : 99.769452,
        "bw_mean" : 1449044.974790,
        "bw_dev" : 109277.812790,
        "bw_samples" : 476,
        "iops_min" : 111812,
        "iops_max" : 340144,
        "iops_mean" : 181130.621849,
        "iops_stddev" : 13659.733160,
        "iops_samples" : 476
      },
      "trim" : {
        "io_bytes" : 0,
        "io_kbytes" : 0,
        "bw_bytes" : 0,
        "bw" : 0,
        "iops" : 0.000000,
        "runtime" : 0,
        "total_ios" : 0,
        "short_ios" : 0,
        "drop_ios" : 0,
        "slat_ns" : {
          "min" : 0,
          "max" : 0,
          "mean" : 0.000000,
          "stddev" : 0.000000,
          "N" : 0
        },
        "clat_ns" : {
          "min" : 0,
          "max" : 0,
          "mean" : 0.000000,
          "stddev" : 0.000000,
          "N" : 0
        },
        "lat_ns" : {
          "min" : 0,
          "max" : 0,
          "mean" : 0.000000,
          "stddev" : 0.000000,
          "N" : 0
        },
        "bw_min" : 0,
        "bw_max" : 0,
        "bw_agg" : 0.000000,
        "bw_mean" : 0.000000,
        "bw_dev" : 0.000000,
        "bw_samples" : 0,
        "iops_min" : 0,
        "iops_max" : 0,
        "iops_mean" : 0.000000,
        "iops_stddev" : 0.000000,
        "iops_samples" : 0
      },
      "sync" : {
        "total_ios" : 0,
        "lat_ns" : {
          "min" : 0,
          "max" : 0,
          "mean" : 0.000000,
          "stddev" : 0.000000,
          "N" : 0
        }
      },
      "job_runtime" : 240000,
      "usr_cpu" : 5.755417,
      "sys_cpu" : 17.178333,
      "ctx" : 977843,
      "majf" : 0,
      "minf" : 39,
      "iodepth_level" : {
        "1" : 0.100000,
        "2" : 0.100000,
        "4" : 0.100000,
        "8" : 0.100000,
        "16" : 99.999449,
        "32" : 0.000000,
        ">=64" : 0.000000
      },
      "iodepth_submit" : {
        "0" : 0.000000,
        "4" : 100.000000,
        "8" : 0.000000,
        "16" : 0.000000,
        "32" : 0.000000,
        "64" : 0.000000,
        ">=64" : 0.000000
      },
      "iodepth_complete" : {
        "0" : 0.000000,
        "4" : 99.999963,
        "8" : 0.000000,
        "16" : 0.100000,
        "32" : 0.000000,
        "64" : 0.000000,
        ">=64" : 0.000000
      },
      "latency_ns" : {
        "2" : 0.000000,
        "4" : 0.000000,
        "10" : 0.000000,
        "20" : 0.000000,
        "50" : 0.000000,
        "100" : 0.000000,
        "250" : 0.000000,
        "500" : 0.000000,
        "750" : 0.000000,
        "1000" : 0.000000
      },
      "latency_us" : {
        "2" : 0.000000,
        "4" : 0.000000,
        "10" : 0.000000,
        "20" : 0.010000,
        "50" : 0.080298,
        "100" : 1.771567,
        "250" : 32.537972,
        "500" : 47.076904,
        "750" : 17.351623,
        "1000" : 1.144428
      },
      "latency_ms" : {
        "2" : 0.036234,
        "4" : 0.010000,
        "10" : 0.000000,
        "20" : 0.000000,
        "50" : 0.000000,
        "100" : 0.000000,
        "250" : 0.000000,
        "500" : 0.000000,
        "750" : 0.000000,
        "1000" : 0.000000,
        "2000" : 0.000000,
        ">=2000" : 0.000000
      },
      "latency_depth" : 16,
      "latency_target" : 0,
      "latency_percentile" : 100.000000,
      "latency_window" : 0
    }
  ],
  "disk_util" : [
    {
      "name" : "vdb",
      "read_ios" : 0,
      "write_ios" : 10862875,
      "read_merges" : 0,
      "write_merges" : 1282,
      "read_ticks" : 0,
      "write_ticks" : 3077315,
      "in_queue" : 3077315,
      "util" : 59.608262
    }
  ]
}
