{
  "fio version" : "fio-3.33",
  "timestamp" : 1741616064,
  "timestamp_ms" : 1741616064722,
  "time" : "Mon Mar 10 19:44:24 2025",
  "global options" : {
    "directory" : "/disk2/fio_test"
  },
  "jobs" : [
    {
      "jobname" : "pg_wal_write",
      "groupid" : 0,
      "error" : 0,
      "eta" : 0,
      "elapsed" : 30,
      "job options" : {
        "name" : "pg_wal_write",
        "rw" : "write",
        "ioengine" : "libaio",
        "direct" : "1",
        "bs" : "8k",
        "size" : "1G",
        "iodepth" : "1",
        "numjobs" : "1",
        "fsync" : "1"
      },
      "read" : {
        "io_bytes" : 0,
        "io_kbytes" : 0,
        "bw_bytes" : 0,
        "bw" : 0,
        "iops" : 0.000000,
        "runtime" : 0,
        "total_ios" : 0,
        "short_ios" : 0,
        "drop_ios" : 0,
        "slat_ns" : {
          "min" : 0,
          "max" : 0,
          "mean" : 0.000000,
          "stddev" : 0.000000,
          "N" : 0
        },
        "clat_ns" : {
          "min" : 0,
          "max" : 0,
          "mean" : 0.000000,
          "stddev" : 0.000000,
          "N" : 0
        },
        "lat_ns" : {
          "min" : 0,
          "max" : 0,
          "mean" : 0.000000,
          "stddev" : 0.000000,
          "N" : 0
        },
        "bw_min" : 0,
        "bw_max" : 0,
        "bw_agg" : 0.000000,
        "bw_mean" : 0.000000,
        "bw_dev" : 0.000000,
        "bw_samples" : 0,
        "iops_min" : 0,
        "iops_max" : 0,
        "iops_mean" : 0.000000,
        "iops_stddev" : 0.000000,
        "iops_samples" : 0
      },
      "write" : {
        "io_bytes" : 1073741824,
        "io_kbytes" : 1048576,
        "bw_bytes" : 36516862,
        "bw" : 35660,
        "iops" : 4457.624813,
        "runtime" : 29404,
        "total_ios" : 131072,
        "short_ios" : 0,
        "drop_ios" : 0,
        "slat_ns" : {
          "min" : 5319,
          "max" : 79783,
          "mean" : 6784.492096,
          "stddev" : 4131.189111,
          "N" : 131072
        },
        "clat_ns" : {
          "min" : 59125,
          "max" : 1602794,
          "mean" : 98607.003120,
          "stddev" : 34316.623824,
          "N" : 131072,
          "percentile" : {
            "1.000000" : 88576,
            "5.000000" : 89600,
            "10.000000" : 89600,
            "20.000000" : 89600,
            "30.000000" : 90624,
            "40.000000" : 90624,
            "50.000000" : 90624,
            "60.000000" : 92672,
            "70.000000" : 92672,
            "80.000000" : 97792,
            "90.000000" : 103936,
            "95.000000" : 114176,
            "99.000000" : 272384,
            "99.500000" : 317440,
            "99.900000" : 489472,
            "99.950000" : 577536,
            "99.990000" : 774144
          }
        },
        "lat_ns" : {
          "min" : 65356,
          "max" : 1643394,
          "mean" : 105391.495216,
          "stddev" : 37199.897890,
          "N" : 131072
        },
        "bw_min" : 24608,
        "bw_max" : 39056,
        "bw_agg" : 100.000000,
        "bw_mean" : 35679.448276,
        "bw_dev" : 3190.520648,
        "bw_samples" : 58,
        "iops_min" : 3076,
        "iops_max" : 4882,
        "iops_mean" : 4459.931034,
        "iops_stddev" : 398.815081,
        "iops_samples" : 58
      },
      "trim" : {
        "io_bytes" : 0,
        "io_kbytes" : 0,
        "bw_bytes" : 0,
        "bw" : 0,
        "iops" : 0.000000,
        "runtime" : 0,
        "total_ios" : 0,
        "short_ios" : 0,
        "drop_ios" : 0,
        "slat_ns" : {
          "min" : 0,
          "max" : 0,
          "mean" : 0.000000,
          "stddev" : 0.000000,
          "N" : 0
        },
        "clat_ns" : {
          "min" : 0,
          "max" : 0,
          "mean" : 0.000000,
          "stddev" : 0.000000,
          "N" : 0
        },
        "lat_ns" : {
          "min" : 0,
          "max" : 0,
          "mean" : 0.000000,
          "stddev" : 0.000000,
          "N" : 0
        },
        "bw_min" : 0,
        "bw_max" : 0,
        "bw_agg" : 0.000000,
        "bw_mean" : 0.000000,
        "bw_dev" : 0.000000,
        "bw_samples" : 0,
        "iops_min" : 0,
        "iops_max" : 0,
        "iops_mean" : 0.000000,
        "iops_stddev" : 0.000000,
        "iops_samples" : 0
      },
      "sync" : {
        "total_ios" : 131071,
        "lat_ns" : {
          "min" : 152688,
          "max" : 2996642,
          "mean" : 217190.372004,
          "stddev" : 117896.880215,
          "N" : 131071,
          "percentile" : {
            "1.000000" : 179200,
            "5.000000" : 181248,
            "10.000000" : 181248,
            "20.000000" : 181248,
            "30.000000" : 183296,
            "40.000000" : 183296,
            "50.000000" : 183296,
            "60.000000" : 187392,
            "70.000000" : 189440,
            "80.000000" : 199680,
            "90.000000" : 230400,
            "95.000000" : 464896,
            "99.000000" : 643072,
            "99.500000" : 856064,
            "99.900000" : 1531904,
            "99.950000" : 1974272,
            "99.990000" : 2572288
          }
        }
      },
      "job_runtime" : 29403,
      "usr_cpu" : 1.499847,
      "sys_cpu" : 8.883447,
      "ctx" : 284196,
      "majf" : 0,
      "minf" : 13,
      "iodepth_level" : {
        "1" : 199.999237,
        "2" : 0.000000,
        "4" : 0.000000,
        "8" : 0.000000,
        "16" : 0.000000,
        "32" : 0.000000,
        ">=64" : 0.000000
      },
      "iodepth_submit" : {
        "0" : 0.000000,
        "4" : 100.000000,
        "8" : 0.000000,
        "16" : 0.000000,
        "32" : 0.000000,
        "64" : 0.000000,
        ">=64" : 0.000000
      },
      "iodepth_complete" : {
        "0" : 0.000000,
        "4" : 100.000000,
        "8" : 0.000000,
        "16" : 0.000000,
        "32" : 0.000000,
        "64" : 0.000000,
        ">=64" : 0.000000
      },
      "latency_ns" : {
        "2" : 0.000000,
        "4" : 0.000000,
        "10" : 0.000000,
        "20" : 0.000000,
        "50" : 0.000000,
        "100" : 0.000000,
        "250" : 0.000000,
        "500" : 0.000000,
        "750" : 0.000000,
        "1000" : 0.000000
      },
      "latency_us" : {
        "2" : 0.000000,
        "4" : 0.000000,
        "10" : 0.000000,
        "20" : 0.000000,
        "50" : 0.000000,
        "100" : 85.905457,
        "250" : 12.821198,
        "500" : 1.187897,
        "750" : 0.060272,
        "1000" : 0.023651
      },
      "latency_ms" : {
        "2" : 0.010000,
        "4" : 0.000000,
        "10" : 0.000000,
        "20" : 0.000000,
        "50" : 0.000000,
        "100" : 0.000000,
        "250" : 0.000000,
        "500" : 0.000000,
        "750" : 0.000000,
        "1000" : 0.000000,
        "2000" : 0.000000,
        ">=2000" : 0.000000
      },
      "latency_depth" : 1,
      "latency_target" : 0,
      "latency_percentile" : 100.000000,
      "latency_window" : 0
    }
  ],
  "disk_util" : [
    {
      "name" : "vdc",
      "read_ios" : 0,
      "write_ios" : 276678,
      "read_merges" : 0,
      "write_merges" : 8,
      "read_ticks" : 0,
      "write_ticks" : 26417,
      "in_queue" : 27930,
      "util" : 87.218658
    }
  ]
}
