{
  "fio version" : "fio-3.33",
  "timestamp" : 1741615965,
  "timestamp_ms" : 1741615965106,
  "time" : "Mon Mar 10 19:42:45 2025",
  "global options" : {
    "directory" : "/disk1/fio_test"
  },
  "jobs" : [
    {
      "jobname" : "pg_table_scan",
      "groupid" : 0,
      "error" : 0,
      "eta" : 0,
      "elapsed" : 3,
      "job options" : {
        "name" : "pg_table_scan",
        "rw" : "read",
        "ioengine" : "libaio",
        "direct" : "1",
        "bs" : "128k",
        "size" : "2G",
        "iodepth" : "8",
        "numjobs" : "2"
      },
      "read" : {
        "io_bytes" : 4294967296,
        "io_kbytes" : 4194304,
        "bw_bytes" : 2075866261,
        "bw" : 2027213,
        "iops" : 15837.602707,
        "runtime" : 2069,
        "total_ios" : 32768,
        "short_ios" : 0,
        "drop_ios" : 0,
        "slat_ns" : {
          "min" : 4594,
          "max" : 111314,
          "mean" : 11353.805756,
          "stddev" : 10355.824036,
          "N" : 32768
        },
        "clat_ns" : {
          "min" : 268795,
          "max" : 2390296,
          "mean" : 996650.059082,
          "stddev" : 324186.457741,
          "N" : 32768,
          "percentile" : {
            "1.000000" : 505856,
            "5.000000" : 618496,
            "10.000000" : 667648,
            "20.000000" : 741376,
            "30.000000" : 798720,
            "40.000000" : 839680,
            "50.000000" : 888832,
            "60.000000" : 962560,
            "70.000000" : 1089536,
            "80.000000" : 1302528,
            "90.000000" : 1499136,
            "95.000000" : 1646592,
            "99.000000" : 1875968,
            "99.500000" : 1957888,
            "99.900000" : 2211840,
            "99.950000" : 2310144,
            "99.990000" : 2375680
          }
        },
        "lat_ns" : {
          "min" : 299538,
          "max" : 2397092,
          "mean" : 1008003.864838,
          "stddev" : 323975.305403,
          "N" : 32768
        },
        "bw_min" : 1752064,
        "bw_max" : 2317824,
        "bw_agg" : 100.000000,
        "bw_mean" : 2033152.000000,
        "bw_dev" : 115742.721585,
        "bw_samples" : 8,
        "iops_min" : 13688,
        "iops_max" : 18108,
        "iops_mean" : 15884.000000,
        "iops_stddev" : 904.240012,
        "iops_samples" : 8
      },
      "write" : {
        "io_bytes" : 0,
        "io_kbytes" : 0,
        "bw_bytes" : 0,
        "bw" : 0,
        "iops" : 0.000000,
        "runtime" : 0,
        "total_ios" : 0,
        "short_ios" : 0,
        "drop_ios" : 0,
        "slat_ns" : {
          "min" : 0,
          "max" : 0,
          "mean" : 0.000000,
          "stddev" : 0.000000,
          "N" : 0
        },
        "clat_ns" : {
          "min" : 0,
          "max" : 0,
          "mean" : 0.000000,
          "stddev" : 0.000000,
          "N" : 0
        },
        "lat_ns" : {
          "min" : 0,
          "max" : 0,
          "mean" : 0.000000,
          "stddev" : 0.000000,
          "N" : 0
        },
        "bw_min" : 0,
        "bw_max" : 0,
        "bw_agg" : 0.000000,
        "bw_mean" : 0.000000,
        "bw_dev" : 0.000000,
        "bw_samples" : 0,
        "iops_min" : 0,
        "iops_max" : 0,
        "iops_mean" : 0.000000,
        "iops_stddev" : 0.000000,
        "iops_samples" : 0
      },
      "trim" : {
        "io_bytes" : 0,
        "io_kbytes" : 0,
        "bw_bytes" : 0,
        "bw" : 0,
        "iops" : 0.000000,
        "runtime" : 0,
        "total_ios" : 0,
        "short_ios" : 0,
        "drop_ios" : 0,
        "slat_ns" : {
          "min" : 0,
          "max" : 0,
          "mean" : 0.000000,
          "stddev" : 0.000000,
          "N" : 0
        },
        "clat_ns" : {
          "min" : 0,
          "max" : 0,
          "mean" : 0.000000,
          "stddev" : 0.000000,
          "N" : 0
        },
        "lat_ns" : {
          "min" : 0,
          "max" : 0,
          "mean" : 0.000000,
          "stddev" : 0.000000,
          "N" : 0
        },
        "bw_min" : 0,
        "bw_max" : 0,
        "bw_agg" : 0.000000,
        "bw_mean" : 0.000000,
        "bw_dev" : 0.000000,
        "bw_samples" : 0,
        "iops_min" : 0,
        "iops_max" : 0,
        "iops_mean" : 0.000000,
        "iops_stddev" : 0.000000,
        "iops_samples" : 0
      },
      "sync" : {
        "total_ios" : 0,
        "lat_ns" : {
          "min" : 0,
          "max" : 0,
          "mean" : 0.000000,
          "stddev" : 0.000000,
          "N" : 0
        }
      },
      "job_runtime" : 4133,
      "usr_cpu" : 2.395354,
      "sys_cpu" : 13.501089,
      "ctx" : 5151,
      "majf" : 0,
      "minf" : 534,
      "iodepth_level" : {
        "1" : 0.100000,
        "2" : 0.100000,
        "4" : 0.100000,
        "8" : 99.957275,
        "16" : 0.000000,
        "32" : 0.000000,
        ">=64" : 0.000000
      },
      "iodepth_submit" : {
        "0" : 0.000000,
        "4" : 100.000000,
        "8" : 0.000000,
        "16" : 0.000000,
        "32" : 0.000000,
        "64" : 0.000000,
        ">=64" : 0.000000
      },
      "iodepth_complete" : {
        "0" : 0.000000,
        "4" : 99.993894,
        "8" : 0.100000,
        "16" : 0.000000,
        "32" : 0.000000,
        "64" : 0.000000,
        ">=64" : 0.000000
      },
      "latency_ns" : {
        "2" : 0.000000,
        "4" : 0.000000,
        "10" : 0.000000,
        "20" : 0.000000,
        "50" : 0.000000,
        "100" : 0.000000,
        "250" : 0.000000,
        "500" : 0.000000,
        "750" : 0.000000,
        "1000" : 0.000000
      },
      "latency_us" : {
        "2" : 0.000000,
        "4" : 0.000000,
        "10" : 0.000000,
        "20" : 0.000000,
        "50" : 0.000000,
        "100" : 0.000000,
        "250" : 0.000000,
        "500" : 0.912476,
        "750" : 19.812012,
        "1000" : 43.435669
      },
      "latency_ms" : {
        "2" : 35.568237,
        "4" : 0.271606,
        "10" : 0.000000,
        "20" : 0.000000,
        "50" : 0.000000,
        "100" : 0.000000,
        "250" : 0.000000,
        "500" : 0.000000,
        "750" : 0.000000,
        "1000" : 0.000000,
        "2000" : 0.000000,
        ">=2000" : 0.000000
      },
      "latency_depth" : 8,
      "latency_target" : 0,
      "latency_percentile" : 100.000000,
      "latency_window" : 0
    }
  ],
  "disk_util" : [
    {
      "name" : "vdb",
      "read_ios" : 30418,
      "write_ios" : 0,
      "read_merges" : 0,
      "write_merges" : 0,
      "read_ticks" : 27612,
      "write_ticks" : 0,
      "in_queue" : 27611,
      "util" : 70.800000
    }
  ]
}
