{
  "fio version" : "fio-3.33",
  "timestamp" : 1741615894,
  "timestamp_ms" : 1741615894090,
  "time" : "Mon Mar 10 19:41:34 2025",
  "global options" : {
    "directory" : "/disk1/fio_test"
  },
  "jobs" : [
    {
      "jobname" : "pg_bulk_load",
      "groupid" : 0,
      "error" : 0,
      "eta" : 0,
      "elapsed" : 3,
      "job options" : {
        "name" : "pg_bulk_load",
        "rw" : "write",
        "ioengine" : "libaio",
        "direct" : "1",
        "bs" : "256k",
        "size" : "2G",
        "iodepth" : "8",
        "numjobs" : "2"
      },
      "read" : {
        "io_bytes" : 0,
        "io_kbytes" : 0,
        "bw_bytes" : 0,
        "bw" : 0,
        "iops" : 0.000000,
        "runtime" : 0,
        "total_ios" : 0,
        "short_ios" : 0,
        "drop_ios" : 0,
        "slat_ns" : {
          "min" : 0,
          "max" : 0,
          "mean" : 0.000000,
          "stddev" : 0.000000,
          "N" : 0
        },
        "clat_ns" : {
          "min" : 0,
          "max" : 0,
          "mean" : 0.000000,
          "stddev" : 0.000000,
          "N" : 0
        },
        "lat_ns" : {
          "min" : 0,
          "max" : 0,
          "mean" : 0.000000,
          "stddev" : 0.000000,
          "N" : 0
        },
        "bw_min" : 0,
        "bw_max" : 0,
        "bw_agg" : 0.000000,
        "bw_mean" : 0.000000,
        "bw_dev" : 0.000000,
        "bw_samples" : 0,
        "iops_min" : 0,
        "iops_max" : 0,
        "iops_mean" : 0.000000,
        "iops_stddev" : 0.000000,
        "iops_samples" : 0
      },
      "write" : {
        "io_bytes" : 4294967296,
        "io_kbytes" : 4194304,
        "bw_bytes" : 2051082758,
        "bw" : 2003010,
        "iops" : 7824.259790,
        "runtime" : 2094,
        "total_ios" : 16384,
        "short_ios" : 0,
        "drop_ios" : 0,
        "slat_ns" : {
          "min" : 13280,
          "max" : 142699,
          "mean" : 26167.735901,
          "stddev" : 14207.853592,
          "N" : 16384
        },
        "clat_ns" : {
          "min" : 217232,
          "max" : 3706354,
          "mean" : 2012755.898376,
          "stddev" : 297988.635860,
          "N" : 16384,
          "percentile" : {
            "1.000000" : 1138688,
            "5.000000" : 1548288,
            "10.000000" : 1695744,
            "20.000000" : 1810432,
            "30.000000" : 1875968,
            "40.000000" : 1941504,
            "50.000000" : 2007040,
            "60.000000" : 2072576,
            "70.000000" : 2146304,
            "80.000000" : 2211840,
            "90.000000" : 2342912,
            "95.000000" : 2473984,
            "99.000000" : 2834432,
            "99.500000" : 2932736,
            "99.900000" : 3325952,
            "99.950000" : 3457024,
            "99.990000" : 3719168
          }
        },
        "lat_ns" : {
          "min" : 261099,
          "max" : 3724205,
          "mean" : 2038923.634277,
          "stddev" : 296055.682963,
          "N" : 16384
        },
        "bw_min" : 1958912,
        "bw_max" : 2061312,
        "bw_agg" : 100.000000,
        "bw_mean" : 2011264.000000,
        "bw_dev" : 21856.163982,
        "bw_samples" : 8,
        "iops_min" : 7652,
        "iops_max" : 8052,
        "iops_mean" : 7856.500000,
        "iops_stddev" : 85.375641,
        "iops_samples" : 8
      },
      "trim" : {
        "io_bytes" : 0,
        "io_kbytes" : 0,
        "bw_bytes" : 0,
        "bw" : 0,
        "iops" : 0.000000,
        "runtime" : 0,
        "total_ios" : 0,
        "short_ios" : 0,
        "drop_ios" : 0,
        "slat_ns" : {
          "min" : 0,
          "max" : 0,
          "mean" : 0.000000,
          "stddev" : 0.000000,
          "N" : 0
        },
        "clat_ns" : {
          "min" : 0,
          "max" : 0,
          "mean" : 0.000000,
          "stddev" : 0.000000,
          "N" : 0
        },
        "lat_ns" : {
          "min" : 0,
          "max" : 0,
          "mean" : 0.000000,
          "stddev" : 0.000000,
          "N" : 0
        },
        "bw_min" : 0,
        "bw_max" : 0,
        "bw_agg" : 0.000000,
        "bw_mean" : 0.000000,
        "bw_dev" : 0.000000,
        "bw_samples" : 0,
        "iops_min" : 0,
        "iops_max" : 0,
        "iops_mean" : 0.000000,
        "iops_stddev" : 0.000000,
        "iops_samples" : 0
      },
      "sync" : {
        "total_ios" : 0,
        "lat_ns" : {
          "min" : 0,
          "max" : 0,
          "mean" : 0.000000,
          "stddev" : 0.000000,
          "N" : 0
        }
      },
      "job_runtime" : 4179,
      "usr_cpu" : 6.556592,
      "sys_cpu" : 5.719072,
      "ctx" : 5869,
      "majf" : 0,
      "minf" : 25,
      "iodepth_level" : {
        "1" : 0.100000,
        "2" : 0.100000,
        "4" : 0.100000,
        "8" : 99.914551,
        "16" : 0.000000,
        "32" : 0.000000,
        ">=64" : 0.000000
      },
      "iodepth_submit" : {
        "0" : 0.000000,
        "4" : 100.000000,
        "8" : 0.000000,
        "16" : 0.000000,
        "32" : 0.000000,
        "64" : 0.000000,
        ">=64" : 0.000000
      },
      "iodepth_complete" : {
        "0" : 0.000000,
        "4" : 99.987784,
        "8" : 0.100000,
        "16" : 0.000000,
        "32" : 0.000000,
        "64" : 0.000000,
        ">=64" : 0.000000
      },
      "latency_ns" : {
        "2" : 0.000000,
        "4" : 0.000000,
        "10" : 0.000000,
        "20" : 0.000000,
        "50" : 0.000000,
        "100" : 0.000000,
        "250" : 0.000000,
        "500" : 0.000000,
        "750" : 0.000000,
        "1000" : 0.000000
      },
      "latency_us" : {
        "2" : 0.000000,
        "4" : 0.000000,
        "10" : 0.000000,
        "20" : 0.000000,
        "50" : 0.000000,
        "100" : 0.000000,
        "250" : 0.018311,
        "500" : 0.018311,
        "750" : 0.128174,
        "1000" : 0.335693
      },
      "latency_ms" : {
        "2" : 47.393799,
        "4" : 52.105713,
        "10" : 0.000000,
        "20" : 0.000000,
        "50" : 0.000000,
        "100" : 0.000000,
        "250" : 0.000000,
        "500" : 0.000000,
        "750" : 0.000000,
        "1000" : 0.000000,
        "2000" : 0.000000,
        ">=2000" : 0.000000
      },
      "latency_depth" : 8,
      "latency_target" : 0,
      "latency_percentile" : 100.000000,
      "latency_window" : 0
    }
  ],
  "disk_util" : [
    {
      "name" : "vdb",
      "read_ios" : 0,
      "write_ios" : 14829,
      "read_merges" : 0,
      "write_merges" : 33,
      "read_ticks" : 0,
      "write_ticks" : 28568,
      "in_queue" : 28568,
      "util" : 72.891566
    }
  ]
}
