{
  "fio version" : "fio-3.33",
  "timestamp" : 1741616443,
  "timestamp_ms" : 1741616443658,
  "time" : "Mon Mar 10 19:50:43 2025",
  "global options" : {
    "directory" : "/disk2/fio_test"
  },
  "jobs" : [
    {
      "jobname" : "pg_transaction_commit",
      "groupid" : 0,
      "error" : 0,
      "eta" : 0,
      "elapsed" : 34,
      "job options" : {
        "name" : "pg_transaction_commit",
        "rw" : "randwrite",
        "ioengine" : "libaio",
        "direct" : "1",
        "bs" : "4k",
        "size" : "256M",
        "iodepth" : "1",
        "numjobs" : "16",
        "sync" : "1"
      },
      "read" : {
        "io_bytes" : 0,
        "io_kbytes" : 0,
        "bw_bytes" : 0,
        "bw" : 0,
        "iops" : 0.000000,
        "runtime" : 0,
        "total_ios" : 0,
        "short_ios" : 0,
        "drop_ios" : 0,
        "slat_ns" : {
          "min" : 0,
          "max" : 0,
          "mean" : 0.000000,
          "stddev" : 0.000000,
          "N" : 0
        },
        "clat_ns" : {
          "min" : 0,
          "max" : 0,
          "mean" : 0.000000,
          "stddev" : 0.000000,
          "N" : 0
        },
        "lat_ns" : {
          "min" : 0,
          "max" : 0,
          "mean" : 0.000000,
          "stddev" : 0.000000,
          "N" : 0
        },
        "bw_min" : 0,
        "bw_max" : 0,
        "bw_agg" : 0.000000,
        "bw_mean" : 0.000000,
        "bw_dev" : 0.000000,
        "bw_samples" : 0,
        "iops_min" : 0,
        "iops_max" : 0,
        "iops_mean" : 0.000000,
        "iops_stddev" : 0.000000,
        "iops_samples" : 0
      },
      "write" : {
        "io_bytes" : 4294967296,
        "io_kbytes" : 4194304,
        "bw_bytes" : 130150524,
        "bw" : 127100,
        "iops" : 31775.030303,
        "runtime" : 33000,
        "total_ios" : 1048576,
        "short_ios" : 0,
        "drop_ios" : 0,
        "slat_ns" : {
          "min" : 5103,
          "max" : 721246,
          "mean" : 15088.532161,
          "stddev" : 11271.871960,
          "N" : 1048576
        },
        "clat_ns" : {
          "min" : 2912,
          "max" : 23330690,
          "mean" : 428141.582774,
          "stddev" : 606273.267806,
          "N" : 1048576,
          "percentile" : {
            "1.000000" : 112128,
            "5.000000" : 138240,
            "10.000000" : 154624,
            "20.000000" : 177152,
            "30.000000" : 195584,
            "40.000000" : 216064,
            "50.000000" : 240640,
            "60.000000" : 276480,
            "70.000000" : 337920,
            "80.000000" : 448512,
            "90.000000" : 749568,
            "95.000000" : 1515520,
            "99.000000" : 3096576,
            "99.500000" : 3588096,
            "99.900000" : 5996544,
            "99.950000" : 7634944,
            "99.990000" : 12386304
          }
        },
        "lat_ns" : {
          "min" : 82454,
          "max" : 23366175,
          "mean" : 443230.114935,
          "stddev" : 611845.780567,
          "N" : 1048576
        },
        "bw_min" : 60832,
        "bw_max" : 290448,
        "bw_agg" : 100.000000,
        "bw_mean" : 146441.874463,
        "bw_dev" : 3700.763727,
        "bw_samples" : 924,
        "iops_min" : 15208,
        "iops_max" : 72612,
        "iops_mean" : 36610.468616,
        "iops_stddev" : 925.190932,
        "iops_samples" : 924
      },
      "trim" : {
        "io_bytes" : 0,
        "io_kbytes" : 0,
        "bw_bytes" : 0,
        "bw" : 0,
        "iops" : 0.000000,
        "runtime" : 0,
        "total_ios" : 0,
        "short_ios" : 0,
        "drop_ios" : 0,
        "slat_ns" : {
          "min" : 0,
          "max" : 0,
          "mean" : 0.000000,
          "stddev" : 0.000000,
          "N" : 0
        },
        "clat_ns" : {
          "min" : 0,
          "max" : 0,
          "mean" : 0.000000,
          "stddev" : 0.000000,
          "N" : 0
        },
        "lat_ns" : {
          "min" : 0,
          "max" : 0,
          "mean" : 0.000000,
          "stddev" : 0.000000,
          "N" : 0
        },
        "bw_min" : 0,
        "bw_max" : 0,
        "bw_agg" : 0.000000,
        "bw_mean" : 0.000000,
        "bw_dev" : 0.000000,
        "bw_samples" : 0,
        "iops_min" : 0,
        "iops_max" : 0,
        "iops_mean" : 0.000000,
        "iops_stddev" : 0.000000,
        "iops_samples" : 0
      },
      "sync" : {
        "total_ios" : 0,
        "lat_ns" : {
          "min" : 0,
          "max" : 0,
          "mean" : 0.000000,
          "stddev" : 0.000000,
          "N" : 0
        }
      },
      "job_runtime" : 466388,
      "usr_cpu" : 0.829781,
      "sys_cpu" : 4.043629,
      "ctx" : 1048812,
      "majf" : 0,
      "minf" : 169,
      "iodepth_level" : {
        "1" : 100.000000,
        "2" : 0.000000,
        "4" : 0.000000,
        "8" : 0.000000,
        "16" : 0.000000,
        "32" : 0.000000,
        ">=64" : 0.000000
      },
      "iodepth_submit" : {
        "0" : 0.000000,
        "4" : 100.000000,
        "8" : 0.000000,
        "16" : 0.000000,
        "32" : 0.000000,
        "64" : 0.000000,
        ">=64" : 0.000000
      },
      "iodepth_complete" : {
        "0" : 0.000000,
        "4" : 100.000000,
        "8" : 0.000000,
        "16" : 0.000000,
        "32" : 0.000000,
        "64" : 0.000000,
        ">=64" : 0.000000
      },
      "latency_ns" : {
        "2" : 0.000000,
        "4" : 0.000000,
        "10" : 0.000000,
        "20" : 0.000000,
        "50" : 0.000000,
        "100" : 0.000000,
        "250" : 0.000000,
        "500" : 0.000000,
        "750" : 0.000000,
        "1000" : 0.000000
      },
      "latency_us" : {
        "2" : 0.000000,
        "4" : 0.010000,
        "10" : 0.010000,
        "20" : 0.000000,
        "50" : 0.000000,
        "100" : 0.269413,
        "250" : 52.967453,
        "500" : 29.179287,
        "750" : 7.667923,
        "1000" : 2.342033
      },
      "latency_ms" : {
        "2" : 4.181862,
        "4" : 3.074646,
        "10" : 0.296688,
        "20" : 0.019550,
        "50" : 0.010000,
        "100" : 0.000000,
        "250" : 0.000000,
        "500" : 0.000000,
        "750" : 0.000000,
        "1000" : 0.000000,
        "2000" : 0.000000,
        ">=2000" : 0.000000
      },
      "latency_depth" : 1,
      "latency_target" : 0,
      "latency_percentile" : 100.000000,
      "latency_window" : 0
    }
  ],
  "disk_util" : [
    {
      "name" : "vdc",
      "read_ios" : 0,
      "write_ios" : 2322453,
      "read_merges" : 0,
      "write_merges" : 91,
      "read_ticks" : 0,
      "write_ticks" : 344337,
      "in_queue" : 394457,
      "util" : 79.198908
    }
  ]
}
