{
  "fio version" : "fio-3.33",
  "timestamp" : 1741616381,
  "timestamp_ms" : 1741616381759,
  "time" : "Mon Mar 10 19:49:41 2025",
  "global options" : {
    "directory" : "/disk2/fio_test"
  },
  "jobs" : [
    {
      "jobname" : "pg_checkpoint",
      "groupid" : 0,
      "error" : 0,
      "eta" : 0,
      "elapsed" : 14,
      "job options" : {
        "name" : "pg_checkpoint",
        "rw" : "write",
        "ioengine" : "libaio",
        "direct" : "1",
        "bs" : "128k",
        "size" : "1G",
        "iodepth" : "16",
        "numjobs" : "4",
        "rate_process" : "poisson",
        "rate" : "80m"
      },
      "read" : {
        "io_bytes" : 0,
        "io_kbytes" : 0,
        "bw_bytes" : 0,
        "bw" : 0,
        "iops" : 0.000000,
        "runtime" : 0,
        "total_ios" : 0,
        "short_ios" : 0,
        "drop_ios" : 0,
        "slat_ns" : {
          "min" : 0,
          "max" : 0,
          "mean" : 0.000000,
          "stddev" : 0.000000,
          "N" : 0
        },
        "clat_ns" : {
          "min" : 0,
          "max" : 0,
          "mean" : 0.000000,
          "stddev" : 0.000000,
          "N" : 0
        },
        "lat_ns" : {
          "min" : 0,
          "max" : 0,
          "mean" : 0.000000,
          "stddev" : 0.000000,
          "N" : 0
        },
        "bw_min" : 0,
        "bw_max" : 0,
        "bw_agg" : 0.000000,
        "bw_mean" : 0.000000,
        "bw_dev" : 0.000000,
        "bw_samples" : 0,
        "iops_min" : 0,
        "iops_max" : 0,
        "iops_mean" : 0.000000,
        "iops_stddev" : 0.000000,
        "iops_samples" : 0
      },
      "write" : {
        "io_bytes" : 4294967296,
        "io_kbytes" : 4194304,
        "bw_bytes" : 334446916,
        "bw" : 326608,
        "iops" : 2551.627472,
        "runtime" : 12842,
        "total_ios" : 32768,
        "short_ios" : 0,
        "drop_ios" : 0,
        "slat_ns" : {
          "min" : 8240,
          "max" : 666123,
          "mean" : 33470.826782,
          "stddev" : 17543.976476,
          "N" : 32768
        },
        "clat_ns" : {
          "min" : 196189,
          "max" : 8084940,
          "mean" : 917359.731079,
          "stddev" : 737066.360360,
          "N" : 32768,
          "percentile" : {
            "1.000000" : 248832,
            "5.000000" : 362496,
            "10.000000" : 407552,
            "20.000000" : 493568,
            "30.000000" : 569344,
            "40.000000" : 643072,
            "50.000000" : 724992,
            "60.000000" : 806912,
            "70.000000" : 888832,
            "80.000000" : 1056768,
            "90.000000" : 1712128,
            "95.000000" : 2244608,
            "99.000000" : 4177920,
            "99.500000" : 5341184,
            "99.900000" : 6979584,
            "99.950000" : 7307264,
            "99.990000" : 7634944
          }
        },
        "lat_ns" : {
          "min" : 208632,
          "max" : 8124727,
          "mean" : 950830.557861,
          "stddev" : 734154.225657,
          "N" : 32768
        },
        "bw_min" : 288000,
        "bw_max" : 363520,
        "bw_agg" : 100.000000,
        "bw_mean" : 329768.960000,
        "bw_dev" : 4686.222006,
        "bw_samples" : 100,
        "iops_min" : 2250,
        "iops_max" : 2840,
        "iops_mean" : 2576.320000,
        "iops_stddev" : 36.611109,
        "iops_samples" : 100
      },
      "trim" : {
        "io_bytes" : 0,
        "io_kbytes" : 0,
        "bw_bytes" : 0,
        "bw" : 0,
        "iops" : 0.000000,
        "runtime" : 0,
        "total_ios" : 0,
        "short_ios" : 0,
        "drop_ios" : 0,
        "slat_ns" : {
          "min" : 0,
          "max" : 0,
          "mean" : 0.000000,
          "stddev" : 0.000000,
          "N" : 0
        },
        "clat_ns" : {
          "min" : 0,
          "max" : 0,
          "mean" : 0.000000,
          "stddev" : 0.000000,
          "N" : 0
        },
        "lat_ns" : {
          "min" : 0,
          "max" : 0,
          "mean" : 0.000000,
          "stddev" : 0.000000,
          "N" : 0
        },
        "bw_min" : 0,
        "bw_max" : 0,
        "bw_agg" : 0.000000,
        "bw_mean" : 0.000000,
        "bw_dev" : 0.000000,
        "bw_samples" : 0,
        "iops_min" : 0,
        "iops_max" : 0,
        "iops_mean" : 0.000000,
        "iops_stddev" : 0.000000,
        "iops_samples" : 0
      },
      "sync" : {
        "total_ios" : 0,
        "lat_ns" : {
          "min" : 0,
          "max" : 0,
          "mean" : 0.000000,
          "stddev" : 0.000000,
          "N" : 0
        }
      },
      "job_runtime" : 50941,
      "usr_cpu" : 1.221020,
      "sys_cpu" : 2.730610,
      "ctx" : 40941,
      "majf" : 0,
      "minf" : 67,
      "iodepth_level" : {
        "1" : 63.684082,
        "2" : 33.059692,
        "4" : 3.198242,
        "8" : 0.100000,
        "16" : 0.000000,
        "32" : 0.000000,
        ">=64" : 0.000000
      },
      "iodepth_submit" : {
        "0" : 0.000000,
        "4" : 100.000000,
        "8" : 0.000000,
        "16" : 0.000000,
        "32" : 0.000000,
        "64" : 0.000000,
        ">=64" : 0.000000
      },
      "iodepth_complete" : {
        "0" : 0.000000,
        "4" : 100.000000,
        "8" : 0.000000,
        "16" : 0.000000,
        "32" : 0.000000,
        "64" : 0.000000,
        ">=64" : 0.000000
      },
      "latency_ns" : {
        "2" : 0.000000,
        "4" : 0.000000,
        "10" : 0.000000,
        "20" : 0.000000,
        "50" : 0.000000,
        "100" : 0.000000,
        "250" : 0.000000,
        "500" : 0.000000,
        "750" : 0.000000,
        "1000" : 0.000000
      },
      "latency_us" : {
        "2" : 0.000000,
        "4" : 0.000000,
        "10" : 0.000000,
        "20" : 0.000000,
        "50" : 0.000000,
        "100" : 0.000000,
        "250" : 1.065063,
        "500" : 20.178223,
        "750" : 32.180786,
        "1000" : 23.944092
      },
      "latency_ms" : {
        "2" : 15.505981,
        "4" : 6.002808,
        "10" : 1.123047,
        "20" : 0.000000,
        "50" : 0.000000,
        "100" : 0.000000,
        "250" : 0.000000,
        "500" : 0.000000,
        "750" : 0.000000,
        "1000" : 0.000000,
        "2000" : 0.000000,
        ">=2000" : 0.000000
      },
      "latency_depth" : 16,
      "latency_target" : 0,
      "latency_percentile" : 100.000000,
      "latency_window" : 0
    }
  ],
  "disk_util" : [
    {
      "name" : "vdc",
      "read_ios" : 0,
      "write_ios" : 32482,
      "read_merges" : 0,
      "write_merges" : 0,
      "read_ticks" : 0,
      "write_ticks" : 28504,
      "in_queue" : 28504,
      "util" : 41.779315
    }
  ]
}
