{
  "fio version" : "fio-3.33",
  "timestamp" : 1741616355,
  "timestamp_ms" : 1741616355070,
  "time" : "Mon Mar 10 19:49:15 2025",
  "global options" : {
    "directory" : "/disk2/fio_test"
  },
  "jobs" : [
    {
      "jobname" : "pg_vacuum",
      "groupid" : 0,
      "error" : 0,
      "eta" : 0,
      "elapsed" : 61,
      "job options" : {
        "name" : "pg_vacuum",
        "rw" : "randrw",
        "rwmixread" : "80",
        "ioengine" : "libaio",
        "direct" : "1",
        "bs" : "32k",
        "size" : "1G",
        "iodepth" : "8",
        "numjobs" : "2",
        "runtime" : "60"
      },
      "read" : {
        "io_bytes" : 25220710400,
        "io_kbytes" : 24629600,
        "bw_bytes" : 420331162,
        "bw" : 410479,
        "iops" : 12827.489084,
        "runtime" : 60002,
        "total_ios" : 769675,
        "short_ios" : 0,
        "drop_ios" : 0,
        "slat_ns" : {
          "min" : 2653,
          "max" : 757790,
          "mean" : 11655.747814,
          "stddev" : 12159.931707,
          "N" : 769675
        },
        "clat_ns" : {
          "min" : 154244,
          "max" : 5138588,
          "mean" : 1144011.801404,
          "stddev" : 680877.727703,
          "N" : 769675,
          "percentile" : {
            "1.000000" : 301056,
            "5.000000" : 382976,
            "10.000000" : 440320,
            "20.000000" : 544768,
            "30.000000" : 675840,
            "40.000000" : 790528,
            "50.000000" : 929792,
            "60.000000" : 1155072,
            "70.000000" : 1417216,
            "80.000000" : 1712128,
            "90.000000" : 2146304,
            "95.000000" : 2506752,
            "99.000000" : 3162112,
            "99.500000" : 3358720,
            "99.900000" : 3719168,
            "99.950000" : 3850240,
            "99.990000" : 4145152
          }
        },
        "lat_ns" : {
          "min" : 158395,
          "max" : 5169706,
          "mean" : 1155667.549219,
          "stddev" : 682278.631156,
          "N" : 769675
        },
        "bw_min" : 384000,
        "bw_max" : 435008,
        "bw_agg" : 100.000000,
        "bw_mean" : 411111.798319,
        "bw_dev" : 5542.069864,
        "bw_samples" : 238,
        "iops_min" : 12000,
        "iops_max" : 13594,
        "iops_mean" : 12847.243697,
        "iops_stddev" : 173.189683,
        "iops_samples" : 238
      },
      "write" : {
        "io_bytes" : 6345031680,
        "io_kbytes" : 6196320,
        "bw_bytes" : 105747003,
        "bw" : 103268,
        "iops" : 3227.142429,
        "runtime" : 60002,
        "total_ios" : 193635,
        "short_ios" : 0,
        "drop_ios" : 0,
        "slat_ns" : {
          "min" : 3277,
          "max" : 91659,
          "mean" : 14152.632887,
          "stddev" : 12072.712181,
          "N" : 193635
        },
        "clat_ns" : {
          "min" : 70923,
          "max" : 14815999,
          "mean" : 338965.021236,
          "stddev" : 282489.440243,
          "N" : 193635,
          "percentile" : {
            "1.000000" : 104960,
            "5.000000" : 127488,
            "10.000000" : 142336,
            "20.000000" : 168960,
            "30.000000" : 209920,
            "40.000000" : 301056,
            "50.000000" : 337920,
            "60.000000" : 366592,
            "70.000000" : 395264,
            "80.000000" : 448512,
            "90.000000" : 518144,
            "95.000000" : 569344,
            "99.000000" : 856064,
            "99.500000" : 1011712,
            "99.900000" : 4227072,
            "99.950000" : 5931008,
            "99.990000" : 10289152
          }
        },
        "lat_ns" : {
          "min" : 76206,
          "max" : 14823791,
          "mean" : 353117.654122,
          "stddev" : 283771.376559,
          "N" : 193635
        },
        "bw_min" : 92416,
        "bw_max" : 114816,
        "bw_agg" : 100.000000,
        "bw_mean" : 103411.092437,
        "bw_dev" : 2075.123583,
        "bw_samples" : 238,
        "iops_min" : 2888,
        "iops_max" : 3588,
        "iops_mean" : 3231.596639,
        "iops_stddev" : 64.847612,
        "iops_samples" : 238
      },
      "trim" : {
        "io_bytes" : 0,
        "io_kbytes" : 0,
        "bw_bytes" : 0,
        "bw" : 0,
        "iops" : 0.000000,
        "runtime" : 0,
        "total_ios" : 0,
        "short_ios" : 0,
        "drop_ios" : 0,
        "slat_ns" : {
          "min" : 0,
          "max" : 0,
          "mean" : 0.000000,
          "stddev" : 0.000000,
          "N" : 0
        },
        "clat_ns" : {
          "min" : 0,
          "max" : 0,
          "mean" : 0.000000,
          "stddev" : 0.000000,
          "N" : 0
        },
        "lat_ns" : {
          "min" : 0,
          "max" : 0,
          "mean" : 0.000000,
          "stddev" : 0.000000,
          "N" : 0
        },
        "bw_min" : 0,
        "bw_max" : 0,
        "bw_agg" : 0.000000,
        "bw_mean" : 0.000000,
        "bw_dev" : 0.000000,
        "bw_samples" : 0,
        "iops_min" : 0,
        "iops_max" : 0,
        "iops_mean" : 0.000000,
        "iops_stddev" : 0.000000,
        "iops_samples" : 0
      },
      "sync" : {
        "total_ios" : 0,
        "lat_ns" : {
          "min" : 0,
          "max" : 0,
          "mean" : 0.000000,
          "stddev" : 0.000000,
          "N" : 0
        }
      },
      "job_runtime" : 120001,
      "usr_cpu" : 4.349964,
      "sys_cpu" : 14.091549,
      "ctx" : 429508,
      "majf" : 0,
      "minf" : 24,
      "iodepth_level" : {
        "1" : 0.100000,
        "2" : 0.100000,
        "4" : 0.100000,
        "8" : 99.998547,
        "16" : 0.000000,
        "32" : 0.000000,
        ">=64" : 0.000000
      },
      "iodepth_submit" : {
        "0" : 0.000000,
        "4" : 100.000000,
        "8" : 0.000000,
        "16" : 0.000000,
        "32" : 0.000000,
        "64" : 0.000000,
        ">=64" : 0.000000
      },
      "iodepth_complete" : {
        "0" : 0.000000,
        "4" : 99.999792,
        "8" : 0.100000,
        "16" : 0.000000,
        "32" : 0.000000,
        "64" : 0.000000,
        ">=64" : 0.000000
      },
      "latency_ns" : {
        "2" : 0.000000,
        "4" : 0.000000,
        "10" : 0.000000,
        "20" : 0.000000,
        "50" : 0.000000,
        "100" : 0.000000,
        "250" : 0.000000,
        "500" : 0.000000,
        "750" : 0.000000,
        "1000" : 0.000000
      },
      "latency_us" : {
        "2" : 0.000000,
        "4" : 0.000000,
        "10" : 0.000000,
        "20" : 0.000000,
        "50" : 0.000000,
        "100" : 0.117096,
        "250" : 7.030343,
        "500" : 22.937684,
        "750" : 19.037382,
        "1000" : 13.653860
      },
      "latency_ms" : {
        "2" : 27.066988,
        "4" : 10.118653,
        "10" : 0.035814,
        "20" : 0.010000,
        "50" : 0.000000,
        "100" : 0.000000,
        "250" : 0.000000,
        "500" : 0.000000,
        "750" : 0.000000,
        "1000" : 0.000000,
        "2000" : 0.000000,
        ">=2000" : 0.000000
      },
      "latency_depth" : 8,
      "latency_target" : 0,
      "latency_percentile" : 100.000000,
      "latency_window" : 0
    }
  ],
  "disk_util" : [
    {
      "name" : "vdc",
      "read_ios" : 768909,
      "write_ios" : 193489,
      "read_merges" : 0,
      "write_merges" : 15,
      "read_ticks" : 836255,
      "write_ticks" : 50313,
      "in_queue" : 886568,
      "util" : 85.040263
    }
  ]
}
