{
  "fio version" : "fio-3.33",
  "timestamp" : 1741616410,
  "timestamp_ms" : 1741616410166,
  "time" : "Mon Mar 10 19:50:10 2025",
  "global options" : {
    "directory" : "/disk2/fio_test"
  },
  "jobs" : [
    {
      "jobname" : "pg_parallel_query",
      "groupid" : 0,
      "error" : 0,
      "eta" : 0,
      "elapsed" : 6,
      "job options" : {
        "name" : "pg_parallel_query",
        "rw" : "read",
        "ioengine" : "libaio",
        "direct" : "1",
        "bs" : "64k",
        "size" : "1G",
        "iodepth" : "8",
        "numjobs" : "8"
      },
      "read" : {
        "io_bytes" : 8589934592,
        "io_kbytes" : 8388608,
        "bw_bytes" : 1785849187,
        "bw" : 1743993,
        "iops" : 27249.896050,
        "runtime" : 4810,
        "total_ios" : 131072,
        "short_ios" : 0,
        "drop_ios" : 0,
        "slat_ns" : {
          "min" : 3048,
          "max" : 95670,
          "mean" : 9780.166267,
          "stddev" : 10863.443141,
          "N" : 131072
        },
        "clat_ns" : {
          "min" : 308973,
          "max" : 4364162,
          "mean" : 2331584.065742,
          "stddev" : 194533.150574,
          "N" : 131072,
          "percentile" : {
            "1.000000" : 1810432,
            "5.000000" : 2023424,
            "10.000000" : 2113536,
            "20.000000" : 2179072,
            "30.000000" : 2244608,
            "40.000000" : 2310144,
            "50.000000" : 2342912,
            "60.000000" : 2375680,
            "70.000000" : 2408448,
            "80.000000" : 2473984,
            "90.000000" : 2572288,
            "95.000000" : 2637824,
            "99.000000" : 2768896,
            "99.500000" : 2834432,
            "99.900000" : 2965504,
            "99.950000" : 3063808,
            "99.990000" : 3260416
          }
        },
        "lat_ns" : {
          "min" : 315836,
          "max" : 4370107,
          "mean" : 2341364.232010,
          "stddev" : 193597.963260,
          "N" : 131072
        },
        "bw_min" : 1732096,
        "bw_max" : 1760384,
        "bw_agg" : 100.000000,
        "bw_mean" : 1746574.222222,
        "bw_dev" : 1111.180838,
        "bw_samples" : 72,
        "iops_min" : 27064,
        "iops_max" : 27506,
        "iops_mean" : 27290.222222,
        "iops_stddev" : 17.362201,
        "iops_samples" : 72
      },
      "write" : {
        "io_bytes" : 0,
        "io_kbytes" : 0,
        "bw_bytes" : 0,
        "bw" : 0,
        "iops" : 0.000000,
        "runtime" : 0,
        "total_ios" : 0,
        "short_ios" : 0,
        "drop_ios" : 0,
        "slat_ns" : {
          "min" : 0,
          "max" : 0,
          "mean" : 0.000000,
          "stddev" : 0.000000,
          "N" : 0
        },
        "clat_ns" : {
          "min" : 0,
          "max" : 0,
          "mean" : 0.000000,
          "stddev" : 0.000000,
          "N" : 0
        },
        "lat_ns" : {
          "min" : 0,
          "max" : 0,
          "mean" : 0.000000,
          "stddev" : 0.000000,
          "N" : 0
        },
        "bw_min" : 0,
        "bw_max" : 0,
        "bw_agg" : 0.000000,
        "bw_mean" : 0.000000,
        "bw_dev" : 0.000000,
        "bw_samples" : 0,
        "iops_min" : 0,
        "iops_max" : 0,
        "iops_mean" : 0.000000,
        "iops_stddev" : 0.000000,
        "iops_samples" : 0
      },
      "trim" : {
        "io_bytes" : 0,
        "io_kbytes" : 0,
        "bw_bytes" : 0,
        "bw" : 0,
        "iops" : 0.000000,
        "runtime" : 0,
        "total_ios" : 0,
        "short_ios" : 0,
        "drop_ios" : 0,
        "slat_ns" : {
          "min" : 0,
          "max" : 0,
          "mean" : 0.000000,
          "stddev" : 0.000000,
          "N" : 0
        },
        "clat_ns" : {
          "min" : 0,
          "max" : 0,
          "mean" : 0.000000,
          "stddev" : 0.000000,
          "N" : 0
        },
        "lat_ns" : {
          "min" : 0,
          "max" : 0,
          "mean" : 0.000000,
          "stddev" : 0.000000,
          "N" : 0
        },
        "bw_min" : 0,
        "bw_max" : 0,
        "bw_agg" : 0.000000,
        "bw_mean" : 0.000000,
        "bw_dev" : 0.000000,
        "bw_samples" : 0,
        "iops_min" : 0,
        "iops_max" : 0,
        "iops_mean" : 0.000000,
        "iops_stddev" : 0.000000,
        "iops_samples" : 0
      },
      "sync" : {
        "total_ios" : 0,
        "lat_ns" : {
          "min" : 0,
          "max" : 0,
          "mean" : 0.000000,
          "stddev" : 0.000000,
          "N" : 0
        }
      },
      "job_runtime" : 38381,
      "usr_cpu" : 1.456450,
      "sys_cpu" : 5.036346,
      "ctx" : 22103,
      "majf" : 0,
      "minf" : 1125,
      "iodepth_level" : {
        "1" : 0.100000,
        "2" : 0.100000,
        "4" : 0.100000,
        "8" : 99.957275,
        "16" : 0.000000,
        "32" : 0.000000,
        ">=64" : 0.000000
      },
      "iodepth_submit" : {
        "0" : 0.000000,
        "4" : 100.000000,
        "8" : 0.000000,
        "16" : 0.000000,
        "32" : 0.000000,
        "64" : 0.000000,
        ">=64" : 0.000000
      },
      "iodepth_complete" : {
        "0" : 0.000000,
        "4" : 99.993894,
        "8" : 0.100000,
        "16" : 0.000000,
        "32" : 0.000000,
        "64" : 0.000000,
        ">=64" : 0.000000
      },
      "latency_ns" : {
        "2" : 0.000000,
        "4" : 0.000000,
        "10" : 0.000000,
        "20" : 0.000000,
        "50" : 0.000000,
        "100" : 0.000000,
        "250" : 0.000000,
        "500" : 0.000000,
        "750" : 0.000000,
        "1000" : 0.000000
      },
      "latency_us" : {
        "2" : 0.000000,
        "4" : 0.000000,
        "10" : 0.000000,
        "20" : 0.000000,
        "50" : 0.000000,
        "100" : 0.000000,
        "250" : 0.000000,
        "500" : 0.010000,
        "750" : 0.047302,
        "1000" : 0.038910
      },
      "latency_ms" : {
        "2" : 4.035187,
        "4" : 95.872498,
        "10" : 0.010000,
        "20" : 0.000000,
        "50" : 0.000000,
        "100" : 0.000000,
        "250" : 0.000000,
        "500" : 0.000000,
        "750" : 0.000000,
        "1000" : 0.000000,
        "2000" : 0.000000,
        ">=2000" : 0.000000
      },
      "latency_depth" : 8,
      "latency_target" : 0,
      "latency_percentile" : 100.000000,
      "latency_window" : 0
    }
  ],
  "disk_util" : [
    {
      "name" : "vdc",
      "read_ios" : 130645,
      "write_ios" : 0,
      "read_merges" : 0,
      "write_merges" : 0,
      "read_ticks" : 295346,
      "write_ticks" : 0,
      "in_queue" : 295346,
      "util" : 68.055556
    }
  ]
}
