{
  "fio version" : "fio-3.33",
  "timestamp" : 1741616034,
  "timestamp_ms" : 1741616034811,
  "time" : "Mon Mar 10 19:43:54 2025",
  "global options" : {
    "directory" : "/disk1/fio_test"
  },
  "jobs" : [
    {
      "jobname" : "pg_transaction_commit",
      "groupid" : 0,
      "error" : 0,
      "eta" : 0,
      "elapsed" : 42,
      "job options" : {
        "name" : "pg_transaction_commit",
        "rw" : "randwrite",
        "ioengine" : "libaio",
        "direct" : "1",
        "bs" : "4k",
        "size" : "256M",
        "iodepth" : "1",
        "numjobs" : "16",
        "sync" : "1"
      },
      "read" : {
        "io_bytes" : 0,
        "io_kbytes" : 0,
        "bw_bytes" : 0,
        "bw" : 0,
        "iops" : 0.000000,
        "runtime" : 0,
        "total_ios" : 0,
        "short_ios" : 0,
        "drop_ios" : 0,
        "slat_ns" : {
          "min" : 0,
          "max" : 0,
          "mean" : 0.000000,
          "stddev" : 0.000000,
          "N" : 0
        },
        "clat_ns" : {
          "min" : 0,
          "max" : 0,
          "mean" : 0.000000,
          "stddev" : 0.000000,
          "N" : 0
        },
        "lat_ns" : {
          "min" : 0,
          "max" : 0,
          "mean" : 0.000000,
          "stddev" : 0.000000,
          "N" : 0
        },
        "bw_min" : 0,
        "bw_max" : 0,
        "bw_agg" : 0.000000,
        "bw_mean" : 0.000000,
        "bw_dev" : 0.000000,
        "bw_samples" : 0,
        "iops_min" : 0,
        "iops_max" : 0,
        "iops_mean" : 0.000000,
        "iops_stddev" : 0.000000,
        "iops_samples" : 0
      },
      "write" : {
        "io_bytes" : 4294967296,
        "io_kbytes" : 4194304,
        "bw_bytes" : 104044750,
        "bw" : 101606,
        "iops" : 25401.550388,
        "runtime" : 41280,
        "total_ios" : 1048576,
        "short_ios" : 0,
        "drop_ios" : 0,
        "slat_ns" : {
          "min" : 5313,
          "max" : 7261190,
          "mean" : 18118.766897,
          "stddev" : 15057.952900,
          "N" : 1048576
        },
        "clat_ns" : {
          "min" : 7100,
          "max" : 31324667,
          "mean" : 507465.163143,
          "stddev" : 807545.890737,
          "N" : 1048576,
          "percentile" : {
            "1.000000" : 101888,
            "5.000000" : 124416,
            "10.000000" : 140288,
            "20.000000" : 164864,
            "30.000000" : 187392,
            "40.000000" : 214016,
            "50.000000" : 252928,
            "60.000000" : 321536,
            "70.000000" : 411648,
            "80.000000" : 561152,
            "90.000000" : 946176,
            "95.000000" : 1892352,
            "99.000000" : 4177920,
            "99.500000" : 5406720,
            "99.900000" : 8159232,
            "99.950000" : 9633792,
            "99.990000" : 12779520
          }
        },
        "lat_ns" : {
          "min" : 70929,
          "max" : 31415537,
          "mean" : 525583.930040,
          "stddev" : 813537.506753,
          "N" : 1048576
        },
        "bw_min" : 54200,
        "bw_max" : 277545,
        "bw_agg" : 100.000000,
        "bw_mean" : 124906.523348,
        "bw_dev" : 3300.762338,
        "bw_samples" : 1094,
        "iops_min" : 13550,
        "iops_max" : 69384,
        "iops_mean" : 31225.847730,
        "iops_stddev" : 825.141571,
        "iops_samples" : 1094
      },
      "trim" : {
        "io_bytes" : 0,
        "io_kbytes" : 0,
        "bw_bytes" : 0,
        "bw" : 0,
        "iops" : 0.000000,
        "runtime" : 0,
        "total_ios" : 0,
        "short_ios" : 0,
        "drop_ios" : 0,
        "slat_ns" : {
          "min" : 0,
          "max" : 0,
          "mean" : 0.000000,
          "stddev" : 0.000000,
          "N" : 0
        },
        "clat_ns" : {
          "min" : 0,
          "max" : 0,
          "mean" : 0.000000,
          "stddev" : 0.000000,
          "N" : 0
        },
        "lat_ns" : {
          "min" : 0,
          "max" : 0,
          "mean" : 0.000000,
          "stddev" : 0.000000,
          "N" : 0
        },
        "bw_min" : 0,
        "bw_max" : 0,
        "bw_agg" : 0.000000,
        "bw_mean" : 0.000000,
        "bw_dev" : 0.000000,
        "bw_samples" : 0,
        "iops_min" : 0,
        "iops_max" : 0,
        "iops_mean" : 0.000000,
        "iops_stddev" : 0.000000,
        "iops_samples" : 0
      },
      "sync" : {
        "total_ios" : 0,
        "lat_ns" : {
          "min" : 0,
          "max" : 0,
          "mean" : 0.000000,
          "stddev" : 0.000000,
          "N" : 0
        }
      },
      "job_runtime" : 553287,
      "usr_cpu" : 0.844589,
      "sys_cpu" : 4.166915,
      "ctx" : 1048734,
      "majf" : 0,
      "minf" : 181,
      "iodepth_level" : {
        "1" : 100.000000,
        "2" : 0.000000,
        "4" : 0.000000,
        "8" : 0.000000,
        "16" : 0.000000,
        "32" : 0.000000,
        ">=64" : 0.000000
      },
      "iodepth_submit" : {
        "0" : 0.000000,
        "4" : 100.000000,
        "8" : 0.000000,
        "16" : 0.000000,
        "32" : 0.000000,
        "64" : 0.000000,
        ">=64" : 0.000000
      },
      "iodepth_complete" : {
        "0" : 0.000000,
        "4" : 100.000000,
        "8" : 0.000000,
        "16" : 0.000000,
        "32" : 0.000000,
        "64" : 0.000000,
        ">=64" : 0.000000
      },
      "latency_ns" : {
        "2" : 0.000000,
        "4" : 0.000000,
        "10" : 0.000000,
        "20" : 0.000000,
        "50" : 0.000000,
        "100" : 0.000000,
        "250" : 0.000000,
        "500" : 0.000000,
        "750" : 0.000000,
        "1000" : 0.000000
      },
      "latency_us" : {
        "2" : 0.000000,
        "4" : 0.000000,
        "10" : 0.010000,
        "20" : 0.000000,
        "50" : 0.000000,
        "100" : 0.864601,
        "250" : 48.379612,
        "500" : 28.050041,
        "750" : 10.028934,
        "1000" : 3.115463
      },
      "latency_ms" : {
        "2" : 4.918861,
        "4" : 3.514004,
        "10" : 1.087856,
        "20" : 0.039959,
        "50" : 0.010000,
        "100" : 0.000000,
        "250" : 0.000000,
        "500" : 0.000000,
        "750" : 0.000000,
        "1000" : 0.000000,
        "2000" : 0.000000,
        ">=2000" : 0.000000
      },
      "latency_depth" : 1,
      "latency_target" : 0,
      "latency_percentile" : 100.000000,
      "latency_window" : 0
    }
  ],
  "disk_util" : [
    {
      "name" : "vdb",
      "read_ios" : 0,
      "write_ios" : 2355729,
      "read_merges" : 0,
      "write_merges" : 51,
      "read_ticks" : 0,
      "write_ticks" : 377840,
      "in_queue" : 437069,
      "util" : 69.331392
    }
  ]
}
