{
  "fio version" : "fio-3.33",
  "timestamp" : 1741616197,
  "timestamp_ms" : 1741616197048,
  "time" : "Mon Mar 10 19:46:37 2025",
  "global options" : {
    "directory" : "/disk2/fio_test"
  },
  "jobs" : [
    {
      "jobname" : "pg_data_write",
      "groupid" : 0,
      "error" : 0,
      "eta" : 0,
      "elapsed" : 61,
      "job options" : {
        "name" : "pg_data_write",
        "rw" : "randwrite",
        "ioengine" : "libaio",
        "direct" : "1",
        "bs" : "8k",
        "size" : "1G",
        "iodepth" : "16",
        "numjobs" : "4",
        "runtime" : "60"
      },
      "read" : {
        "io_bytes" : 0,
        "io_kbytes" : 0,
        "bw_bytes" : 0,
        "bw" : 0,
        "iops" : 0.000000,
        "runtime" : 0,
        "total_ios" : 0,
        "short_ios" : 0,
        "drop_ios" : 0,
        "slat_ns" : {
          "min" : 0,
          "max" : 0,
          "mean" : 0.000000,
          "stddev" : 0.000000,
          "N" : 0
        },
        "clat_ns" : {
          "min" : 0,
          "max" : 0,
          "mean" : 0.000000,
          "stddev" : 0.000000,
          "N" : 0
        },
        "lat_ns" : {
          "min" : 0,
          "max" : 0,
          "mean" : 0.000000,
          "stddev" : 0.000000,
          "N" : 0
        },
        "bw_min" : 0,
        "bw_max" : 0,
        "bw_agg" : 0.000000,
        "bw_mean" : 0.000000,
        "bw_dev" : 0.000000,
        "bw_samples" : 0,
        "iops_min" : 0,
        "iops_max" : 0,
        "iops_mean" : 0.000000,
        "iops_stddev" : 0.000000,
        "iops_samples" : 0
      },
      "write" : {
        "io_bytes" : 30371086336,
        "io_kbytes" : 29659264,
        "bw_bytes" : 506167900,
        "bw" : 494304,
        "iops" : 61788.073731,
        "runtime" : 60002,
        "total_ios" : 3707408,
        "short_ios" : 0,
        "drop_ios" : 0,
        "slat_ns" : {
          "min" : 1868,
          "max" : 593650,
          "mean" : 6391.553753,
          "stddev" : 9003.663818,
          "N" : 3707408
        },
        "clat_ns" : {
          "min" : 44343,
          "max" : 13230000,
          "mean" : 1028221.065971,
          "stddev" : 811097.369784,
          "N" : 3707408,
          "percentile" : {
            "1.000000" : 160768,
            "5.000000" : 272384,
            "10.000000" : 362496,
            "20.000000" : 444416,
            "30.000000" : 522240,
            "40.000000" : 610304,
            "50.000000" : 765952,
            "60.000000" : 987136,
            "70.000000" : 1286144,
            "80.000000" : 1630208,
            "90.000000" : 1990656,
            "95.000000" : 2244608,
            "99.000000" : 3096576,
            "99.500000" : 6127616,
            "99.900000" : 8093696,
            "99.950000" : 8585216,
            "99.990000" : 10420224
          }
        },
        "lat_ns" : {
          "min" : 50653,
          "max" : 13232398,
          "mean" : 1034612.619724,
          "stddev" : 811258.094521,
          "N" : 3707408
        },
        "bw_min" : 441120,
        "bw_max" : 559456,
        "bw_agg" : 100.000000,
        "bw_mean" : 494929.184874,
        "bw_dev" : 6371.745141,
        "bw_samples" : 476,
        "iops_min" : 55140,
        "iops_max" : 69932,
        "iops_mean" : 61866.126050,
        "iops_stddev" : 796.460676,
        "iops_samples" : 476
      },
      "trim" : {
        "io_bytes" : 0,
        "io_kbytes" : 0,
        "bw_bytes" : 0,
        "bw" : 0,
        "iops" : 0.000000,
        "runtime" : 0,
        "total_ios" : 0,
        "short_ios" : 0,
        "drop_ios" : 0,
        "slat_ns" : {
          "min" : 0,
          "max" : 0,
          "mean" : 0.000000,
          "stddev" : 0.000000,
          "N" : 0
        },
        "clat_ns" : {
          "min" : 0,
          "max" : 0,
          "mean" : 0.000000,
          "stddev" : 0.000000,
          "N" : 0
        },
        "lat_ns" : {
          "min" : 0,
          "max" : 0,
          "mean" : 0.000000,
          "stddev" : 0.000000,
          "N" : 0
        },
        "bw_min" : 0,
        "bw_max" : 0,
        "bw_agg" : 0.000000,
        "bw_mean" : 0.000000,
        "bw_dev" : 0.000000,
        "bw_samples" : 0,
        "iops_min" : 0,
        "iops_max" : 0,
        "iops_mean" : 0.000000,
        "iops_stddev" : 0.000000,
        "iops_samples" : 0
      },
      "sync" : {
        "total_ios" : 0,
        "lat_ns" : {
          "min" : 0,
          "max" : 0,
          "mean" : 0.000000,
          "stddev" : 0.000000,
          "N" : 0
        }
      },
      "job_runtime" : 240001,
      "usr_cpu" : 3.589985,
      "sys_cpu" : 10.550789,
      "ctx" : 551992,
      "majf" : 0,
      "minf" : 40,
      "iodepth_level" : {
        "1" : 0.100000,
        "2" : 0.100000,
        "4" : 0.100000,
        "8" : 0.100000,
        "16" : 99.998382,
        "32" : 0.000000,
        ">=64" : 0.000000
      },
      "iodepth_submit" : {
        "0" : 0.000000,
        "4" : 100.000000,
        "8" : 0.000000,
        "16" : 0.000000,
        "32" : 0.000000,
        "64" : 0.000000,
        ">=64" : 0.000000
      },
      "iodepth_complete" : {
        "0" : 0.000000,
        "4" : 99.999892,
        "8" : 0.000000,
        "16" : 0.100000,
        "32" : 0.000000,
        "64" : 0.000000,
        ">=64" : 0.000000
      },
      "latency_ns" : {
        "2" : 0.000000,
        "4" : 0.000000,
        "10" : 0.000000,
        "20" : 0.000000,
        "50" : 0.000000,
        "100" : 0.000000,
        "250" : 0.000000,
        "500" : 0.000000,
        "750" : 0.000000,
        "1000" : 0.000000
      },
      "latency_us" : {
        "2" : 0.000000,
        "4" : 0.000000,
        "10" : 0.000000,
        "20" : 0.000000,
        "50" : 0.010000,
        "100" : 0.074311,
        "250" : 3.963605,
        "500" : 23.226335,
        "750" : 22.058160,
        "1000" : 11.310274
      },
      "latency_ms" : {
        "2" : 29.693306,
        "4" : 8.960600,
        "10" : 0.700516,
        "20" : 0.012758,
        "50" : 0.000000,
        "100" : 0.000000,
        "250" : 0.000000,
        "500" : 0.000000,
        "750" : 0.000000,
        "1000" : 0.000000,
        "2000" : 0.000000,
        ">=2000" : 0.000000
      },
      "latency_depth" : 16,
      "latency_target" : 0,
      "latency_percentile" : 100.000000,
      "latency_window" : 0
    }
  ],
  "disk_util" : [
    {
      "name" : "vdc",
      "read_ios" : 0,
      "write_ios" : 3700390,
      "read_merges" : 0,
      "write_merges" : 2512,
      "read_ticks" : 0,
      "write_ticks" : 3466231,
      "in_queue" : 3466231,
      "util" : 73.976169
    }
  ]
}
