{
  "fio version" : "fio-3.33",
  "timestamp" : 1741615655,
  "timestamp_ms" : 1741615655387,
  "time" : "Mon Mar 10 19:37:35 2025",
  "global options" : {
    "directory" : "/disk2/fio_test"
  },
  "jobs" : [
    {
      "jobname" : "hdfs_replication",
      "groupid" : 0,
      "error" : 28,
      "eta" : 0,
      "elapsed" : 25,
      "job options" : {
        "name" : "hdfs_replication",
        "rw" : "write",
        "ioengine" : "libaio",
        "direct" : "1",
        "bs" : "128M",
        "size" : "4G",
        "iodepth" : "3",
        "numjobs" : "3",
        "rate" : "100m"
      },
      "read" : {
        "io_bytes" : 0,
        "io_kbytes" : 0,
        "bw_bytes" : 0,
        "bw" : 0,
        "iops" : 0.000000,
        "runtime" : 0,
        "total_ios" : 0,
        "short_ios" : 0,
        "drop_ios" : 0,
        "slat_ns" : {
          "min" : 0,
          "max" : 0,
          "mean" : 0.000000,
          "stddev" : 0.000000,
          "N" : 0
        },
        "clat_ns" : {
          "min" : 0,
          "max" : 0,
          "mean" : 0.000000,
          "stddev" : 0.000000,
          "N" : 0
        },
        "lat_ns" : {
          "min" : 0,
          "max" : 0,
          "mean" : 0.000000,
          "stddev" : 0.000000,
          "N" : 0
        },
        "bw_min" : 0,
        "bw_max" : 0,
        "bw_agg" : 0.000000,
        "bw_mean" : 0.000000,
        "bw_dev" : 0.000000,
        "bw_samples" : 0,
        "iops_min" : 0,
        "iops_max" : 0,
        "iops_mean" : 0.000000,
        "iops_stddev" : 0.000000,
        "iops_samples" : 0
      },
      "write" : {
        "io_bytes" : 2415919104,
        "io_kbytes" : 2359296,
        "bw_bytes" : 99297949,
        "bw" : 96970,
        "iops" : 0.986436,
        "runtime" : 24330,
        "total_ios" : 24,
        "short_ios" : 0,
        "drop_ios" : 0,
        "slat_ns" : {
          "min" : 8067872,
          "max" : 135489776,
          "mean" : 15414178.541667,
          "stddev" : 25648626.478297,
          "N" : 24
        },
        "clat_ns" : {
          "min" : 236365124,
          "max" : 248320547,
          "mean" : 245249057.055556,
          "stddev" : 3146634.718650,
          "N" : 18,
          "percentile" : {
            "1.000000" : 235929600,
            "5.000000" : 235929600,
            "10.000000" : 238026752,
            "20.000000" : 244318208,
            "30.000000" : 246415360,
            "40.000000" : 246415360,
            "50.000000" : 246415360,
            "60.000000" : 246415360,
            "70.000000" : 246415360,
            "80.000000" : 246415360,
            "90.000000" : 248512512,
            "95.000000" : 248512512,
            "99.000000" : 248512512,
            "99.500000" : 248512512,
            "99.900000" : 248512512,
            "99.950000" : 248512512,
            "99.990000" : 248512512
          }
        },
        "lat_ns" : {
          "min" : 246053229,
          "max" : 262265634,
          "mean" : 255495529.444444,
          "stddev" : 4080477.689055,
          "N" : 18
        },
        "bw_min" : 262144,
        "bw_max" : 262669,
        "bw_agg" : 100.000000,
        "bw_mean" : 262377.333333,
        "bw_dev" : 268.437746,
        "bw_samples" : 18,
        "iops_min" : 2,
        "iops_max" : 2,
        "iops_mean" : 2.000000,
        "iops_stddev" : 0.000000,
        "iops_samples" : 18
      },
      "trim" : {
        "io_bytes" : 0,
        "io_kbytes" : 0,
        "bw_bytes" : 0,
        "bw" : 0,
        "iops" : 0.000000,
        "runtime" : 0,
        "total_ios" : 0,
        "short_ios" : 0,
        "drop_ios" : 0,
        "slat_ns" : {
          "min" : 0,
          "max" : 0,
          "mean" : 0.000000,
          "stddev" : 0.000000,
          "N" : 0
        },
        "clat_ns" : {
          "min" : 0,
          "max" : 0,
          "mean" : 0.000000,
          "stddev" : 0.000000,
          "N" : 0
        },
        "lat_ns" : {
          "min" : 0,
          "max" : 0,
          "mean" : 0.000000,
          "stddev" : 0.000000,
          "N" : 0
        },
        "bw_min" : 0,
        "bw_max" : 0,
        "bw_agg" : 0.000000,
        "bw_mean" : 0.000000,
        "bw_dev" : 0.000000,
        "bw_samples" : 0,
        "iops_min" : 0,
        "iops_max" : 0,
        "iops_mean" : 0.000000,
        "iops_stddev" : 0.000000,
        "iops_samples" : 0
      },
      "sync" : {
        "total_ios" : 0,
        "lat_ns" : {
          "min" : 0,
          "max" : 0,
          "mean" : 0.000000,
          "stddev" : 0.000000,
          "N" : 0
        }
      },
      "job_runtime" : 26912,
      "usr_cpu" : 0.735731,
      "sys_cpu" : 0.159780,
      "ctx" : 43,
      "majf" : 0,
      "minf" : 56,
      "iodepth_level" : {
        "1" : 100.000000,
        "2" : 0.000000,
        "4" : 0.000000,
        "8" : 0.000000,
        "16" : 0.000000,
        "32" : 0.000000,
        ">=64" : 0.000000
      },
      "iodepth_submit" : {
        "0" : 0.000000,
        "4" : 100.000000,
        "8" : 0.000000,
        "16" : 0.000000,
        "32" : 0.000000,
        "64" : 0.000000,
        ">=64" : 0.000000
      },
      "iodepth_complete" : {
        "0" : 0.000000,
        "4" : 100.000000,
        "8" : 0.000000,
        "16" : 0.000000,
        "32" : 0.000000,
        "64" : 0.000000,
        ">=64" : 0.000000
      },
      "latency_ns" : {
        "2" : 0.000000,
        "4" : 0.000000,
        "10" : 0.000000,
        "20" : 0.000000,
        "50" : 0.000000,
        "100" : 0.000000,
        "250" : 0.000000,
        "500" : 0.000000,
        "750" : 0.000000,
        "1000" : 0.000000
      },
      "latency_us" : {
        "2" : 0.000000,
        "4" : 0.000000,
        "10" : 0.000000,
        "20" : 0.000000,
        "50" : 0.000000,
        "100" : 0.000000,
        "250" : 0.000000,
        "500" : 0.000000,
        "750" : 0.000000,
        "1000" : 0.000000
      },
      "latency_ms" : {
        "2" : 0.000000,
        "4" : 0.000000,
        "10" : 0.000000,
        "20" : 0.000000,
        "50" : 0.000000,
        "100" : 0.000000,
        "250" : 75.000000,
        "500" : 0.000000,
        "750" : 0.000000,
        "1000" : 0.000000,
        "2000" : 0.000000,
        ">=2000" : 0.000000
      },
      "latency_depth" : 3,
      "latency_target" : 0,
      "latency_percentile" : 100.000000,
      "latency_window" : 0
    }
  ],
  "disk_util" : [
    {
      "name" : "vdc",
      "read_ios" : 0,
      "write_ios" : 2270,
      "read_merges" : 0,
      "write_merges" : 274,
      "read_ticks" : 0,
      "write_ticks" : 332838,
      "in_queue" : 332838,
      "util" : 18.409635
    }
  ]
}
