{
  "fio version" : "fio-3.33",
  "timestamp" : 1741615332,
  "timestamp_ms" : 1741615332036,
  "time" : "Mon Mar 10 19:32:12 2025",
  "global options" : {
    "directory" : "/disk2/fio_test"
  },
  "jobs" : [
    {
      "jobname" : "hdfs_large_write",
      "groupid" : 0,
      "error" : 0,
      "eta" : 0,
      "elapsed" : 32,
      "job options" : {
        "name" : "hdfs_large_write",
        "rw" : "write",
        "ioengine" : "libaio",
        "direct" : "1",
        "bs" : "128M",
        "size" : "4G",
        "iodepth" : "4",
        "numjobs" : "4"
      },
      "read" : {
        "io_bytes" : 0,
        "io_kbytes" : 0,
        "bw_bytes" : 0,
        "bw" : 0,
        "iops" : 0.000000,
        "runtime" : 0,
        "total_ios" : 0,
        "short_ios" : 0,
        "drop_ios" : 0,
        "slat_ns" : {
          "min" : 0,
          "max" : 0,
          "mean" : 0.000000,
          "stddev" : 0.000000,
          "N" : 0
        },
        "clat_ns" : {
          "min" : 0,
          "max" : 0,
          "mean" : 0.000000,
          "stddev" : 0.000000,
          "N" : 0
        },
        "lat_ns" : {
          "min" : 0,
          "max" : 0,
          "mean" : 0.000000,
          "stddev" : 0.000000,
          "N" : 0
        },
        "bw_min" : 0,
        "bw_max" : 0,
        "bw_agg" : 0.000000,
        "bw_mean" : 0.000000,
        "bw_dev" : 0.000000,
        "bw_samples" : 0,
        "iops_min" : 0,
        "iops_max" : 0,
        "iops_mean" : 0.000000,
        "iops_stddev" : 0.000000,
        "iops_samples" : 0
      },
      "write" : {
        "io_bytes" : 17179869184,
        "io_kbytes" : 16777216,
        "bw_bytes" : 552283061,
        "bw" : 539338,
        "iops" : 4.114829,
        "runtime" : 31107,
        "total_ios" : 128,
        "short_ios" : 0,
        "drop_ios" : 0,
        "slat_ns" : {
          "min" : 5087388,
          "max" : 3786267437,
          "mean" : 824608903.890625,
          "stddev" : 974877394.125427,
          "N" : 128
        },
        "clat_ns" : {
          "min" : 389254991,
          "max" : 6881975682,
          "mean" : 2866293611.796875,
          "stddev" : 1091574926.273877,
          "N" : 128,
          "percentile" : {
            "1.000000" : 1149239296,
            "5.000000" : 1535115264,
            "10.000000" : 1736441856,
            "20.000000" : 1786773504,
            "30.000000" : 2197815296,
            "40.000000" : 2399141888,
            "50.000000" : 2734686208,
            "60.000000" : 3003121664,
            "70.000000" : 3472883712,
            "80.000000" : 3640655872,
            "90.000000" : 4009754624,
            "95.000000" : 4798283776,
            "99.000000" : 6140461056,
            "99.500000" : 6878658560,
            "99.900000" : 6878658560,
            "99.950000" : 6878658560,
            "99.990000" : 6878658560
          }
        },
        "lat_ns" : {
          "min" : 1155985521,
          "max" : 6890229991,
          "mean" : 3690902515.687500,
          "stddev" : 1308553492.454724,
          "N" : 128
        },
        "bw_min" : 1048576,
        "bw_max" : 3145728,
        "bw_agg" : 100.000000,
        "bw_mean" : 1490443.035589,
        "bw_dev" : 159433.353762,
        "bw_samples" : 81,
        "iops_min" : 8,
        "iops_max" : 24,
        "iops_mean" : 11.371178,
        "iops_stddev" : 1.216380,
        "iops_samples" : 81
      },
      "trim" : {
        "io_bytes" : 0,
        "io_kbytes" : 0,
        "bw_bytes" : 0,
        "bw" : 0,
        "iops" : 0.000000,
        "runtime" : 0,
        "total_ios" : 0,
        "short_ios" : 0,
        "drop_ios" : 0,
        "slat_ns" : {
          "min" : 0,
          "max" : 0,
          "mean" : 0.000000,
          "stddev" : 0.000000,
          "N" : 0
        },
        "clat_ns" : {
          "min" : 0,
          "max" : 0,
          "mean" : 0.000000,
          "stddev" : 0.000000,
          "N" : 0
        },
        "lat_ns" : {
          "min" : 0,
          "max" : 0,
          "mean" : 0.000000,
          "stddev" : 0.000000,
          "N" : 0
        },
        "bw_min" : 0,
        "bw_max" : 0,
        "bw_agg" : 0.000000,
        "bw_mean" : 0.000000,
        "bw_dev" : 0.000000,
        "bw_samples" : 0,
        "iops_min" : 0,
        "iops_max" : 0,
        "iops_mean" : 0.000000,
        "iops_stddev" : 0.000000,
        "iops_samples" : 0
      },
      "sync" : {
        "total_ios" : 0,
        "lat_ns" : {
          "min" : 0,
          "max" : 0,
          "mean" : 0.000000,
          "stddev" : 0.000000,
          "N" : 0
        }
      },
      "job_runtime" : 121136,
      "usr_cpu" : 0.771034,
      "sys_cpu" : 0.181614,
      "ctx" : 116,
      "majf" : 0,
      "minf" : 46,
      "iodepth_level" : {
        "1" : 3.125000,
        "2" : 6.250000,
        "4" : 90.625000,
        "8" : 0.000000,
        "16" : 0.000000,
        "32" : 0.000000,
        ">=64" : 0.000000
      },
      "iodepth_submit" : {
        "0" : 0.000000,
        "4" : 100.000000,
        "8" : 0.000000,
        "16" : 0.000000,
        "32" : 0.000000,
        "64" : 0.000000,
        ">=64" : 0.000000
      },
      "iodepth_complete" : {
        "0" : 0.000000,
        "4" : 100.000000,
        "8" : 0.000000,
        "16" : 0.000000,
        "32" : 0.000000,
        "64" : 0.000000,
        ">=64" : 0.000000
      },
      "latency_ns" : {
        "2" : 0.000000,
        "4" : 0.000000,
        "10" : 0.000000,
        "20" : 0.000000,
        "50" : 0.000000,
        "100" : 0.000000,
        "250" : 0.000000,
        "500" : 0.000000,
        "750" : 0.000000,
        "1000" : 0.000000
      },
      "latency_us" : {
        "2" : 0.000000,
        "4" : 0.000000,
        "10" : 0.000000,
        "20" : 0.000000,
        "50" : 0.000000,
        "100" : 0.000000,
        "250" : 0.000000,
        "500" : 0.000000,
        "750" : 0.000000,
        "1000" : 0.000000
      },
      "latency_ms" : {
        "2" : 0.000000,
        "4" : 0.000000,
        "10" : 0.000000,
        "20" : 0.000000,
        "50" : 0.000000,
        "100" : 0.000000,
        "250" : 0.000000,
        "500" : 0.781250,
        "750" : 0.000000,
        "1000" : 0.000000,
        "2000" : 25.781250,
        ">=2000" : 73.437500
      },
      "latency_depth" : 4,
      "latency_target" : 0,
      "latency_percentile" : 100.000000,
      "latency_window" : 0
    }
  ],
  "disk_util" : [
    {
      "name" : "vdc",
      "read_ios" : 0,
      "write_ios" : 13484,
      "read_merges" : 0,
      "write_merges" : 141,
      "read_ticks" : 0,
      "write_ticks" : 29874584,
      "in_queue" : 29874584,
      "util" : 95.664620
    }
  ]
}
