{
  "fio version" : "fio-3.33",
  "timestamp" : 1741615413,
  "timestamp_ms" : 1741615413976,
  "time" : "Mon Mar 10 19:33:33 2025",
  "global options" : {
    "directory" : "/disk2/fio_test"
  },
  "jobs" : [
    {
      "jobname" : "hdfs_small_write",
      "groupid" : 0,
      "error" : 0,
      "eta" : 0,
      "elapsed" : 33,
      "job options" : {
        "name" : "hdfs_small_write",
        "rw" : "write",
        "ioengine" : "libaio",
        "direct" : "1",
        "bs" : "64k",
        "size" : "2G",
        "nrfiles" : "1000",
        "file_service_type" : "random",
        "iodepth" : "16",
        "numjobs" : "8",
        "sync" : "1"
      },
      "read" : {
        "io_bytes" : 0,
        "io_kbytes" : 0,
        "bw_bytes" : 0,
        "bw" : 0,
        "iops" : 0.000000,
        "runtime" : 0,
        "total_ios" : 0,
        "short_ios" : 0,
        "drop_ios" : 0,
        "slat_ns" : {
          "min" : 0,
          "max" : 0,
          "mean" : 0.000000,
          "stddev" : 0.000000,
          "N" : 0
        },
        "clat_ns" : {
          "min" : 0,
          "max" : 0,
          "mean" : 0.000000,
          "stddev" : 0.000000,
          "N" : 0
        },
        "lat_ns" : {
          "min" : 0,
          "max" : 0,
          "mean" : 0.000000,
          "stddev" : 0.000000,
          "N" : 0
        },
        "bw_min" : 0,
        "bw_max" : 0,
        "bw_agg" : 0.000000,
        "bw_mean" : 0.000000,
        "bw_dev" : 0.000000,
        "bw_samples" : 0,
        "iops_min" : 0,
        "iops_max" : 0,
        "iops_mean" : 0.000000,
        "iops_stddev" : 0.000000,
        "iops_samples" : 0
      },
      "write" : {
        "io_bytes" : 16777216000,
        "io_kbytes" : 16384000,
        "bw_bytes" : 519338059,
        "bw" : 507166,
        "iops" : 7924.469896,
        "runtime" : 32305,
        "total_ios" : 256000,
        "short_ios" : 0,
        "drop_ios" : 0,
        "slat_ns" : {
          "min" : 6970,
          "max" : 6188368,
          "mean" : 33133.774125,
          "stddev" : 25108.601973,
          "N" : 256000
        },
        "clat_ns" : {
          "min" : 485347,
          "max" : 65712402,
          "mean" : 16088551.943906,
          "stddev" : 3890795.220742,
          "N" : 256000,
          "percentile" : {
            "1.000000" : 8978432,
            "5.000000" : 10551296,
            "10.000000" : 11206656,
            "20.000000" : 12648448,
            "30.000000" : 13828096,
            "40.000000" : 14876672,
            "50.000000" : 16187392,
            "60.000000" : 16908288,
            "70.000000" : 17956864,
            "80.000000" : 19005440,
            "90.000000" : 20578304,
            "95.000000" : 22413312,
            "99.000000" : 27656192,
            "99.500000" : 29753344,
            "99.900000" : 35389440,
            "99.950000" : 38010880,
            "99.990000" : 44302336
          }
        },
        "lat_ns" : {
          "min" : 512935,
          "max" : 65726053,
          "mean" : 16121685.718031,
          "stddev" : 3890624.406019,
          "N" : 256000
        },
        "bw_min" : 465408,
        "bw_max" : 523648,
        "bw_agg" : 100.000000,
        "bw_mean" : 507718.000000,
        "bw_dev" : 1128.632097,
        "bw_samples" : 512,
        "iops_min" : 7272,
        "iops_max" : 8182,
        "iops_mean" : 7933.093750,
        "iops_stddev" : 17.634877,
        "iops_samples" : 512
      },
      "trim" : {
        "io_bytes" : 0,
        "io_kbytes" : 0,
        "bw_bytes" : 0,
        "bw" : 0,
        "iops" : 0.000000,
        "runtime" : 0,
        "total_ios" : 0,
        "short_ios" : 0,
        "drop_ios" : 0,
        "slat_ns" : {
          "min" : 0,
          "max" : 0,
          "mean" : 0.000000,
          "stddev" : 0.000000,
          "N" : 0
        },
        "clat_ns" : {
          "min" : 0,
          "max" : 0,
          "mean" : 0.000000,
          "stddev" : 0.000000,
          "N" : 0
        },
        "lat_ns" : {
          "min" : 0,
          "max" : 0,
          "mean" : 0.000000,
          "stddev" : 0.000000,
          "N" : 0
        },
        "bw_min" : 0,
        "bw_max" : 0,
        "bw_agg" : 0.000000,
        "bw_mean" : 0.000000,
        "bw_dev" : 0.000000,
        "bw_samples" : 0,
        "iops_min" : 0,
        "iops_max" : 0,
        "iops_mean" : 0.000000,
        "iops_stddev" : 0.000000,
        "iops_samples" : 0
      },
      "sync" : {
        "total_ios" : 0,
        "lat_ns" : {
          "min" : 0,
          "max" : 0,
          "mean" : 0.000000,
          "stddev" : 0.000000,
          "N" : 0
        }
      },
      "job_runtime" : 258068,
      "usr_cpu" : 1.405056,
      "sys_cpu" : 3.803261,
      "ctx" : 212031,
      "majf" : 0,
      "minf" : 562,
      "iodepth_level" : {
        "1" : 0.100000,
        "2" : 0.100000,
        "4" : 0.100000,
        "8" : 0.100000,
        "16" : 99.953125,
        "32" : 0.000000,
        ">=64" : 0.000000
      },
      "iodepth_submit" : {
        "0" : 0.000000,
        "4" : 100.000000,
        "8" : 0.000000,
        "16" : 0.000000,
        "32" : 0.000000,
        "64" : 0.000000,
        ">=64" : 0.000000
      },
      "iodepth_complete" : {
        "0" : 0.000000,
        "4" : 99.996874,
        "8" : 0.000000,
        "16" : 0.100000,
        "32" : 0.000000,
        "64" : 0.000000,
        ">=64" : 0.000000
      },
      "latency_ns" : {
        "2" : 0.000000,
        "4" : 0.000000,
        "10" : 0.000000,
        "20" : 0.000000,
        "50" : 0.000000,
        "100" : 0.000000,
        "250" : 0.000000,
        "500" : 0.000000,
        "750" : 0.000000,
        "1000" : 0.000000
      },
      "latency_us" : {
        "2" : 0.000000,
        "4" : 0.000000,
        "10" : 0.000000,
        "20" : 0.000000,
        "50" : 0.000000,
        "100" : 0.000000,
        "250" : 0.000000,
        "500" : 0.010000,
        "750" : 0.010000,
        "1000" : 0.010000
      },
      "latency_ms" : {
        "2" : 0.010000,
        "4" : 0.022266,
        "10" : 3.094141,
        "20" : 85.038672,
        "50" : 11.826172,
        "100" : 0.010000,
        "250" : 0.000000,
        "500" : 0.000000,
        "750" : 0.000000,
        "1000" : 0.000000,
        "2000" : 0.000000,
        ">=2000" : 0.000000
      },
      "latency_depth" : 16,
      "latency_target" : 0,
      "latency_percentile" : 100.000000,
      "latency_window" : 0
    }
  ],
  "disk_util" : [
    {
      "name" : "vdc",
      "read_ios" : 0,
      "write_ios" : 760037,
      "read_merges" : 0,
      "write_merges" : 209,
      "read_ticks" : 0,
      "write_ticks" : 3924938,
      "in_queue" : 3995081,
      "util" : 74.103413
    }
  ]
}
