{
  "fio version" : "fio-3.33",
  "timestamp" : 1741615494,
  "timestamp_ms" : 1741615494468,
  "time" : "Mon Mar 10 19:34:54 2025",
  "global options" : {
    "directory" : "/disk2/fio_test"
  },
  "jobs" : [
    {
      "jobname" : "hdfs_small_read",
      "groupid" : 0,
      "error" : 0,
      "eta" : 0,
      "elapsed" : 16,
      "job options" : {
        "name" : "hdfs_small_read",
        "rw" : "read",
        "ioengine" : "libaio",
        "direct" : "1",
        "bs" : "64k",
        "size" : "2G",
        "nrfiles" : "1000",
        "file_service_type" : "random",
        "iodepth" : "16",
        "numjobs" : "8"
      },
      "read" : {
        "io_bytes" : 16777216000,
        "io_kbytes" : 16384000,
        "bw_bytes" : 1114172931,
        "bw" : 1088059,
        "iops" : 17000.929738,
        "runtime" : 15058,
        "total_ios" : 256000,
        "short_ios" : 0,
        "drop_ios" : 0,
        "slat_ns" : {
          "min" : 2990,
          "max" : 749942,
          "mean" : 18526.996777,
          "stddev" : 13243.053998,
          "N" : 256000
        },
        "clat_ns" : {
          "min" : 504066,
          "max" : 13695245,
          "mean" : 7497534.416348,
          "stddev" : 456271.392533,
          "N" : 256000,
          "percentile" : {
            "1.000000" : 6651904,
            "5.000000" : 6914048,
            "10.000000" : 6979584,
            "20.000000" : 7176192,
            "30.000000" : 7307264,
            "40.000000" : 7372800,
            "50.000000" : 7503872,
            "60.000000" : 7569408,
            "70.000000" : 7700480,
            "80.000000" : 7831552,
            "90.000000" : 8028160,
            "95.000000" : 8224768,
            "99.000000" : 8585216,
            "99.500000" : 8847360,
            "99.900000" : 9502720,
            "99.950000" : 9764864,
            "99.990000" : 10420224
          }
        },
        "lat_ns" : {
          "min" : 512592,
          "max" : 13703016,
          "mean" : 7516061.413125,
          "stddev" : 457093.527487,
          "N" : 256000
        },
        "bw_min" : 1054138,
        "bw_max" : 1114880,
        "bw_agg" : 100.000000,
        "bw_mean" : 1088978.033333,
        "bw_dev" : 1805.824685,
        "bw_samples" : 240,
        "iops_min" : 16470,
        "iops_max" : 17420,
        "iops_mean" : 17014.333333,
        "iops_stddev" : 28.202604,
        "iops_samples" : 240
      },
      "write" : {
        "io_bytes" : 0,
        "io_kbytes" : 0,
        "bw_bytes" : 0,
        "bw" : 0,
        "iops" : 0.000000,
        "runtime" : 0,
        "total_ios" : 0,
        "short_ios" : 0,
        "drop_ios" : 0,
        "slat_ns" : {
          "min" : 0,
          "max" : 0,
          "mean" : 0.000000,
          "stddev" : 0.000000,
          "N" : 0
        },
        "clat_ns" : {
          "min" : 0,
          "max" : 0,
          "mean" : 0.000000,
          "stddev" : 0.000000,
          "N" : 0
        },
        "lat_ns" : {
          "min" : 0,
          "max" : 0,
          "mean" : 0.000000,
          "stddev" : 0.000000,
          "N" : 0
        },
        "bw_min" : 0,
        "bw_max" : 0,
        "bw_agg" : 0.000000,
        "bw_mean" : 0.000000,
        "bw_dev" : 0.000000,
        "bw_samples" : 0,
        "iops_min" : 0,
        "iops_max" : 0,
        "iops_mean" : 0.000000,
        "iops_stddev" : 0.000000,
        "iops_samples" : 0
      },
      "trim" : {
        "io_bytes" : 0,
        "io_kbytes" : 0,
        "bw_bytes" : 0,
        "bw" : 0,
        "iops" : 0.000000,
        "runtime" : 0,
        "total_ios" : 0,
        "short_ios" : 0,
        "drop_ios" : 0,
        "slat_ns" : {
          "min" : 0,
          "max" : 0,
          "mean" : 0.000000,
          "stddev" : 0.000000,
          "N" : 0
        },
        "clat_ns" : {
          "min" : 0,
          "max" : 0,
          "mean" : 0.000000,
          "stddev" : 0.000000,
          "N" : 0
        },
        "lat_ns" : {
          "min" : 0,
          "max" : 0,
          "mean" : 0.000000,
          "stddev" : 0.000000,
          "N" : 0
        },
        "bw_min" : 0,
        "bw_max" : 0,
        "bw_agg" : 0.000000,
        "bw_mean" : 0.000000,
        "bw_dev" : 0.000000,
        "bw_samples" : 0,
        "iops_min" : 0,
        "iops_max" : 0,
        "iops_mean" : 0.000000,
        "iops_stddev" : 0.000000,
        "iops_samples" : 0
      },
      "sync" : {
        "total_ios" : 0,
        "lat_ns" : {
          "min" : 0,
          "max" : 0,
          "mean" : 0.000000,
          "stddev" : 0.000000,
          "N" : 0
        }
      },
      "job_runtime" : 120330,
      "usr_cpu" : 2.542176,
      "sys_cpu" : 6.106540,
      "ctx" : 195013,
      "majf" : 0,
      "minf" : 2576,
      "iodepth_level" : {
        "1" : 0.100000,
        "2" : 0.100000,
        "4" : 0.100000,
        "8" : 0.100000,
        "16" : 99.953125,
        "32" : 0.000000,
        ">=64" : 0.000000
      },
      "iodepth_submit" : {
        "0" : 0.000000,
        "4" : 100.000000,
        "8" : 0.000000,
        "16" : 0.000000,
        "32" : 0.000000,
        "64" : 0.000000,
        ">=64" : 0.000000
      },
      "iodepth_complete" : {
        "0" : 0.000000,
        "4" : 99.996874,
        "8" : 0.000000,
        "16" : 0.100000,
        "32" : 0.000000,
        "64" : 0.000000,
        ">=64" : 0.000000
      },
      "latency_ns" : {
        "2" : 0.000000,
        "4" : 0.000000,
        "10" : 0.000000,
        "20" : 0.000000,
        "50" : 0.000000,
        "100" : 0.000000,
        "250" : 0.000000,
        "500" : 0.000000,
        "750" : 0.000000,
        "1000" : 0.000000
      },
      "latency_us" : {
        "2" : 0.000000,
        "4" : 0.000000,
        "10" : 0.000000,
        "20" : 0.000000,
        "50" : 0.000000,
        "100" : 0.000000,
        "250" : 0.000000,
        "500" : 0.000000,
        "750" : 0.010000,
        "1000" : 0.010000
      },
      "latency_ms" : {
        "2" : 0.018750,
        "4" : 0.129688,
        "10" : 99.817969,
        "20" : 0.027344,
        "50" : 0.000000,
        "100" : 0.000000,
        "250" : 0.000000,
        "500" : 0.000000,
        "750" : 0.000000,
        "1000" : 0.000000,
        "2000" : 0.000000,
        ">=2000" : 0.000000
      },
      "latency_depth" : 16,
      "latency_target" : 0,
      "latency_percentile" : 100.000000,
      "latency_window" : 0
    }
  ],
  "disk_util" : [
    {
      "name" : "vdc",
      "read_ios" : 254975,
      "write_ios" : 0,
      "read_merges" : 0,
      "write_merges" : 0,
      "read_ticks" : 1908578,
      "write_ticks" : 0,
      "in_queue" : 1908577,
      "util" : 72.840405
    }
  ]
}
