{
  "fio version" : "fio-3.33",
  "timestamp" : 1741615630,
  "timestamp_ms" : 1741615630223,
  "time" : "Mon Mar 10 19:37:10 2025",
  "global options" : {
    "directory" : "/disk2/fio_test"
  },
  "jobs" : [
    {
      "jobname" : "mapreduce_shuffle",
      "groupid" : 0,
      "error" : 0,
      "eta" : 0,
      "elapsed" : 61,
      "job options" : {
        "name" : "mapreduce_shuffle",
        "rw" : "randrw",
        "rwmixread" : "50",
        "ioengine" : "libaio",
        "direct" : "1",
        "bs" : "1M",
        "size" : "4G",
        "iodepth" : "16",
        "numjobs" : "8",
        "runtime" : "60"
      },
      "read" : {
        "io_bytes" : 23470276608,
        "io_kbytes" : 22920192,
        "bw_bytes" : 390202274,
        "bw" : 381056,
        "iops" : 372.125887,
        "runtime" : 60149,
        "total_ios" : 22383,
        "short_ios" : 0,
        "drop_ios" : 0,
        "slat_ns" : {
          "min" : 25902,
          "max" : 131490,
          "mean" : 60798.609123,
          "stddev" : 9044.377782,
          "N" : 22383
        },
        "clat_ns" : {
          "min" : 2349204,
          "max" : 396822550,
          "mean" : 158226403.765045,
          "stddev" : 35574498.147842,
          "N" : 22383,
          "percentile" : {
            "1.000000" : 53739520,
            "5.000000" : 93847552,
            "10.000000" : 120061952,
            "20.000000" : 135266304,
            "30.000000" : 147849216,
            "40.000000" : 156237824,
            "50.000000" : 162529280,
            "60.000000" : 166723584,
            "70.000000" : 170917888,
            "80.000000" : 175112192,
            "90.000000" : 187695104,
            "95.000000" : 221249536,
            "99.000000" : 263192576,
            "99.500000" : 270532608,
            "99.900000" : 291504128,
            "99.950000" : 371195904,
            "99.990000" : 392167424
          }
        },
        "lat_ns" : {
          "min" : 2379221,
          "max" : 396877917,
          "mean" : 158287202.374168,
          "stddev" : 35574678.534614,
          "N" : 22383
        },
        "bw_min" : 231542,
        "bw_max" : 528773,
        "bw_agg" : 100.000000,
        "bw_mean" : 381068.350000,
        "bw_dev" : 7620.037088,
        "bw_samples" : 960,
        "iops_min" : 226,
        "iops_max" : 516,
        "iops_mean" : 371.883333,
        "iops_stddev" : 7.438643,
        "iops_samples" : 960
      },
      "write" : {
        "io_bytes" : 23864541184,
        "io_kbytes" : 23305216,
        "bw_bytes" : 396757073,
        "bw" : 387458,
        "iops" : 378.377030,
        "runtime" : 60149,
        "total_ios" : 22759,
        "short_ios" : 0,
        "drop_ios" : 0,
        "slat_ns" : {
          "min" : 49848,
          "max" : 249902,
          "mean" : 115134.394437,
          "stddev" : 21696.248016,
          "N" : 22759
        },
        "clat_ns" : {
          "min" : 2726814,
          "max" : 399427048,
          "mean" : 182387192.360780,
          "stddev" : 36604679.574210,
          "N" : 22759,
          "percentile" : {
            "1.000000" : 78118912,
            "5.000000" : 119013376,
            "10.000000" : 141557760,
            "20.000000" : 160432128,
            "30.000000" : 168820736,
            "40.000000" : 177209344,
            "50.000000" : 183500800,
            "60.000000" : 189792256,
            "70.000000" : 196083712,
            "80.000000" : 204472320,
            "90.000000" : 219152384,
            "95.000000" : 244318208,
            "99.000000" : 287309824,
            "99.500000" : 299892736,
            "99.900000" : 320864256,
            "99.950000" : 329252864,
            "99.990000" : 383778816
          }
        },
        "lat_ns" : {
          "min" : 2812012,
          "max" : 399526085,
          "mean" : 182502326.755218,
          "stddev" : 36604889.647898,
          "N" : 22759
        },
        "bw_min" : 262144,
        "bw_max" : 512258,
        "bw_agg" : 100.000000,
        "bw_mean" : 387693.125000,
        "bw_dev" : 6309.877733,
        "bw_samples" : 960,
        "iops_min" : 256,
        "iops_max" : 500,
        "iops_mean" : 378.350000,
        "iops_stddev" : 6.155171,
        "iops_samples" : 960
      },
      "trim" : {
        "io_bytes" : 0,
        "io_kbytes" : 0,
        "bw_bytes" : 0,
        "bw" : 0,
        "iops" : 0.000000,
        "runtime" : 0,
        "total_ios" : 0,
        "short_ios" : 0,
        "drop_ios" : 0,
        "slat_ns" : {
          "min" : 0,
          "max" : 0,
          "mean" : 0.000000,
          "stddev" : 0.000000,
          "N" : 0
        },
        "clat_ns" : {
          "min" : 0,
          "max" : 0,
          "mean" : 0.000000,
          "stddev" : 0.000000,
          "N" : 0
        },
        "lat_ns" : {
          "min" : 0,
          "max" : 0,
          "mean" : 0.000000,
          "stddev" : 0.000000,
          "N" : 0
        },
        "bw_min" : 0,
        "bw_max" : 0,
        "bw_agg" : 0.000000,
        "bw_mean" : 0.000000,
        "bw_dev" : 0.000000,
        "bw_samples" : 0,
        "iops_min" : 0,
        "iops_max" : 0,
        "iops_mean" : 0.000000,
        "iops_stddev" : 0.000000,
        "iops_samples" : 0
      },
      "sync" : {
        "total_ios" : 0,
        "lat_ns" : {
          "min" : 0,
          "max" : 0,
          "mean" : 0.000000,
          "stddev" : 0.000000,
          "N" : 0
        }
      },
      "job_runtime" : 481118,
      "usr_cpu" : 0.393251,
      "sys_cpu" : 0.771744,
      "ctx" : 43524,
      "majf" : 0,
      "minf" : 99,
      "iodepth_level" : {
        "1" : 0.100000,
        "2" : 0.100000,
        "4" : 0.100000,
        "8" : 0.141775,
        "16" : 99.734172,
        "32" : 0.000000,
        ">=64" : 0.000000
      },
      "iodepth_submit" : {
        "0" : 0.000000,
        "4" : 100.000000,
        "8" : 0.000000,
        "16" : 0.000000,
        "32" : 0.000000,
        "64" : 0.000000,
        ">=64" : 0.000000
      },
      "iodepth_complete" : {
        "0" : 0.000000,
        "4" : 99.982234,
        "8" : 0.000000,
        "16" : 0.100000,
        "32" : 0.000000,
        "64" : 0.000000,
        ">=64" : 0.000000
      },
      "latency_ns" : {
        "2" : 0.000000,
        "4" : 0.000000,
        "10" : 0.000000,
        "20" : 0.000000,
        "50" : 0.000000,
        "100" : 0.000000,
        "250" : 0.000000,
        "500" : 0.000000,
        "750" : 0.000000,
        "1000" : 0.000000
      },
      "latency_us" : {
        "2" : 0.000000,
        "4" : 0.000000,
        "10" : 0.000000,
        "20" : 0.000000,
        "50" : 0.000000,
        "100" : 0.000000,
        "250" : 0.000000,
        "500" : 0.000000,
        "750" : 0.000000,
        "1000" : 0.000000
      },
      "latency_ms" : {
        "2" : 0.000000,
        "4" : 0.010000,
        "10" : 0.017722,
        "20" : 0.039874,
        "50" : 0.394311,
        "100" : 3.821275,
        "250" : 92.534668,
        "500" : 3.185504,
        "750" : 0.000000,
        "1000" : 0.000000,
        "2000" : 0.000000,
        ">=2000" : 0.000000
      },
      "latency_depth" : 16,
      "latency_target" : 0,
      "latency_percentile" : 100.000000,
      "latency_window" : 0
    }
  ],
  "disk_util" : [
    {
      "name" : "vdc",
      "read_ios" : 23240,
      "write_ios" : 23574,
      "read_merges" : 0,
      "write_merges" : 6,
      "read_ticks" : 3672710,
      "write_ticks" : 4294647,
      "in_queue" : 7967358,
      "util" : 92.540195
    }
  ]
}
