{
  "fio version" : "fio-3.33",
  "timestamp" : 1741615380,
  "timestamp_ms" : 1741615380985,
  "time" : "Mon Mar 10 19:33:00 2025",
  "global options" : {
    "directory" : "/disk2/fio_test"
  },
  "jobs" : [
    {
      "jobname" : "hdfs_large_read",
      "groupid" : 0,
      "error" : 0,
      "eta" : 0,
      "elapsed" : 11,
      "job options" : {
        "name" : "hdfs_large_read",
        "rw" : "read",
        "ioengine" : "libaio",
        "direct" : "1",
        "bs" : "128M",
        "size" : "4G",
        "iodepth" : "4",
        "numjobs" : "4"
      },
      "read" : {
        "io_bytes" : 17179869184,
        "io_kbytes" : 16777216,
        "bw_bytes" : 1750190422,
        "bw" : 1709170,
        "iops" : 13.039935,
        "runtime" : 9816,
        "total_ios" : 128,
        "short_ios" : 0,
        "drop_ios" : 0,
        "slat_ns" : {
          "min" : 2620814,
          "max" : 1123893110,
          "mean" : 260105601.218750,
          "stddev" : 267750833.240314,
          "N" : 128
        },
        "clat_ns" : {
          "min" : 234354707,
          "max" : 2273103870,
          "mean" : 800726989.539062,
          "stddev" : 387246535.807341,
          "N" : 128,
          "percentile" : {
            "1.000000" : 333447168,
            "5.000000" : 379584512,
            "10.000000" : 421527552,
            "20.000000" : 517996544,
            "30.000000" : 549453824,
            "40.000000" : 583008256,
            "50.000000" : 725614592,
            "60.000000" : 801112064,
            "70.000000" : 935329792,
            "80.000000" : 1098907648,
            "90.000000" : 1249902592,
            "95.000000" : 1300234240,
            "99.000000" : 2055208960,
            "99.500000" : 2264924160,
            "99.900000" : 2264924160,
            "99.950000" : 2264924160,
            "99.990000" : 2264924160
          }
        },
        "lat_ns" : {
          "min" : 385719416,
          "max" : 2413145466,
          "mean" : 1060832590.757812,
          "stddev" : 483240670.813142,
          "N" : 128
        },
        "bw_min" : 1048576,
        "bw_max" : 3675794,
        "bw_agg" : 100.000000,
        "bw_mean" : 2200285.486813,
        "bw_dev" : 219751.889853,
        "bw_samples" : 55,
        "iops_min" : 8,
        "iops_max" : 28,
        "iops_mean" : 16.778755,
        "iops_stddev" : 1.674690,
        "iops_samples" : 55
      },
      "write" : {
        "io_bytes" : 0,
        "io_kbytes" : 0,
        "bw_bytes" : 0,
        "bw" : 0,
        "iops" : 0.000000,
        "runtime" : 0,
        "total_ios" : 0,
        "short_ios" : 0,
        "drop_ios" : 0,
        "slat_ns" : {
          "min" : 0,
          "max" : 0,
          "mean" : 0.000000,
          "stddev" : 0.000000,
          "N" : 0
        },
        "clat_ns" : {
          "min" : 0,
          "max" : 0,
          "mean" : 0.000000,
          "stddev" : 0.000000,
          "N" : 0
        },
        "lat_ns" : {
          "min" : 0,
          "max" : 0,
          "mean" : 0.000000,
          "stddev" : 0.000000,
          "N" : 0
        },
        "bw_min" : 0,
        "bw_max" : 0,
        "bw_agg" : 0.000000,
        "bw_mean" : 0.000000,
        "bw_dev" : 0.000000,
        "bw_samples" : 0,
        "iops_min" : 0,
        "iops_max" : 0,
        "iops_mean" : 0.000000,
        "iops_stddev" : 0.000000,
        "iops_samples" : 0
      },
      "trim" : {
        "io_bytes" : 0,
        "io_kbytes" : 0,
        "bw_bytes" : 0,
        "bw" : 0,
        "iops" : 0.000000,
        "runtime" : 0,
        "total_ios" : 0,
        "short_ios" : 0,
        "drop_ios" : 0,
        "slat_ns" : {
          "min" : 0,
          "max" : 0,
          "mean" : 0.000000,
          "stddev" : 0.000000,
          "N" : 0
        },
        "clat_ns" : {
          "min" : 0,
          "max" : 0,
          "mean" : 0.000000,
          "stddev" : 0.000000,
          "N" : 0
        },
        "lat_ns" : {
          "min" : 0,
          "max" : 0,
          "mean" : 0.000000,
          "stddev" : 0.000000,
          "N" : 0
        },
        "bw_min" : 0,
        "bw_max" : 0,
        "bw_agg" : 0.000000,
        "bw_mean" : 0.000000,
        "bw_dev" : 0.000000,
        "bw_samples" : 0,
        "iops_min" : 0,
        "iops_max" : 0,
        "iops_mean" : 0.000000,
        "iops_stddev" : 0.000000,
        "iops_samples" : 0
      },
      "sync" : {
        "total_ios" : 0,
        "lat_ns" : {
          "min" : 0,
          "max" : 0,
          "mean" : 0.000000,
          "stddev" : 0.000000,
          "N" : 0
        }
      },
      "job_runtime" : 34900,
      "usr_cpu" : 0.000000,
      "sys_cpu" : 2.931232,
      "ctx" : 124,
      "majf" : 0,
      "minf" : 524329,
      "iodepth_level" : {
        "1" : 3.125000,
        "2" : 6.250000,
        "4" : 90.625000,
        "8" : 0.000000,
        "16" : 0.000000,
        "32" : 0.000000,
        ">=64" : 0.000000
      },
      "iodepth_submit" : {
        "0" : 0.000000,
        "4" : 100.000000,
        "8" : 0.000000,
        "16" : 0.000000,
        "32" : 0.000000,
        "64" : 0.000000,
        ">=64" : 0.000000
      },
      "iodepth_complete" : {
        "0" : 0.000000,
        "4" : 100.000000,
        "8" : 0.000000,
        "16" : 0.000000,
        "32" : 0.000000,
        "64" : 0.000000,
        ">=64" : 0.000000
      },
      "latency_ns" : {
        "2" : 0.000000,
        "4" : 0.000000,
        "10" : 0.000000,
        "20" : 0.000000,
        "50" : 0.000000,
        "100" : 0.000000,
        "250" : 0.000000,
        "500" : 0.000000,
        "750" : 0.000000,
        "1000" : 0.000000
      },
      "latency_us" : {
        "2" : 0.000000,
        "4" : 0.000000,
        "10" : 0.000000,
        "20" : 0.000000,
        "50" : 0.000000,
        "100" : 0.000000,
        "250" : 0.000000,
        "500" : 0.000000,
        "750" : 0.000000,
        "1000" : 0.000000
      },
      "latency_ms" : {
        "2" : 0.000000,
        "4" : 0.000000,
        "10" : 0.000000,
        "20" : 0.000000,
        "50" : 0.000000,
        "100" : 0.000000,
        "250" : 0.781250,
        "500" : 16.406250,
        "750" : 39.843750,
        "1000" : 21.093750,
        "2000" : 17.187500,
        ">=2000" : 4.687500
      },
      "latency_depth" : 4,
      "latency_target" : 0,
      "latency_percentile" : 100.000000,
      "latency_window" : 0
    }
  ],
  "disk_util" : [
    {
      "name" : "vdc",
      "read_ios" : 13485,
      "write_ios" : 1,
      "read_merges" : 1,
      "write_merges" : 0,
      "read_ticks" : 8596592,
      "write_ticks" : 583,
      "in_queue" : 8597176,
      "util" : 94.000609
    }
  ]
}
