{
  "fio version" : "fio-3.33",
  "timestamp" : 1741615046,
  "timestamp_ms" : 1741615046234,
  "time" : "Mon Mar 10 19:27:26 2025",
  "global options" : {
    "directory" : "/disk1/fio_test"
  },
  "jobs" : [
    {
      "jobname" : "hdfs_replication",
      "groupid" : 0,
      "error" : 0,
      "eta" : 0,
      "elapsed" : 41,
      "job options" : {
        "name" : "hdfs_replication",
        "rw" : "write",
        "ioengine" : "libaio",
        "direct" : "1",
        "bs" : "128M",
        "size" : "4G",
        "iodepth" : "3",
        "numjobs" : "3",
        "rate" : "100m"
      },
      "read" : {
        "io_bytes" : 0,
        "io_kbytes" : 0,
        "bw_bytes" : 0,
        "bw" : 0,
        "iops" : 0.000000,
        "runtime" : 0,
        "total_ios" : 0,
        "short_ios" : 0,
        "drop_ios" : 0,
        "slat_ns" : {
          "min" : 0,
          "max" : 0,
          "mean" : 0.000000,
          "stddev" : 0.000000,
          "N" : 0
        },
        "clat_ns" : {
          "min" : 0,
          "max" : 0,
          "mean" : 0.000000,
          "stddev" : 0.000000,
          "N" : 0
        },
        "lat_ns" : {
          "min" : 0,
          "max" : 0,
          "mean" : 0.000000,
          "stddev" : 0.000000,
          "N" : 0
        },
        "bw_min" : 0,
        "bw_max" : 0,
        "bw_agg" : 0.000000,
        "bw_mean" : 0.000000,
        "bw_dev" : 0.000000,
        "bw_samples" : 0,
        "iops_min" : 0,
        "iops_max" : 0,
        "iops_mean" : 0.000000,
        "iops_stddev" : 0.000000,
        "iops_samples" : 0
      },
      "write" : {
        "io_bytes" : 12884901888,
        "io_kbytes" : 12582912,
        "bw_bytes" : 321985703,
        "bw" : 314439,
        "iops" : 2.398980,
        "runtime" : 40017,
        "total_ios" : 96,
        "short_ios" : 0,
        "drop_ios" : 0,
        "slat_ns" : {
          "min" : 7565192,
          "max" : 14976287,
          "mean" : 10890357.718750,
          "stddev" : 2403527.025835,
          "N" : 96
        },
        "clat_ns" : {
          "min" : 57358898,
          "max" : 200940271,
          "mean" : 118599614.239583,
          "stddev" : 34063707.165603,
          "N" : 96,
          "percentile" : {
            "1.000000" : 57409536,
            "5.000000" : 63176704,
            "10.000000" : 65798144,
            "20.000000" : 76021760,
            "30.000000" : 107479040,
            "40.000000" : 119013376,
            "50.000000" : 123207680,
            "60.000000" : 129499136,
            "70.000000" : 137363456,
            "80.000000" : 145752064,
            "90.000000" : 156237824,
            "95.000000" : 175112192,
            "99.000000" : 200278016,
            "99.500000" : 200278016,
            "99.900000" : 200278016,
            "99.950000" : 200278016,
            "99.990000" : 200278016
          }
        },
        "lat_ns" : {
          "min" : 66445051,
          "max" : 210076066,
          "mean" : 129489971.958333,
          "stddev" : 34470330.654313,
          "N" : 96
        },
        "bw_min" : 786432,
        "bw_max" : 786432,
        "bw_agg" : 100.000000,
        "bw_mean" : 786432.000000,
        "bw_dev" : 0.000000,
        "bw_samples" : 93,
        "iops_min" : 6,
        "iops_max" : 6,
        "iops_mean" : 6.000000,
        "iops_stddev" : 0.000000,
        "iops_samples" : 93
      },
      "trim" : {
        "io_bytes" : 0,
        "io_kbytes" : 0,
        "bw_bytes" : 0,
        "bw" : 0,
        "iops" : 0.000000,
        "runtime" : 0,
        "total_ios" : 0,
        "short_ios" : 0,
        "drop_ios" : 0,
        "slat_ns" : {
          "min" : 0,
          "max" : 0,
          "mean" : 0.000000,
          "stddev" : 0.000000,
          "N" : 0
        },
        "clat_ns" : {
          "min" : 0,
          "max" : 0,
          "mean" : 0.000000,
          "stddev" : 0.000000,
          "N" : 0
        },
        "lat_ns" : {
          "min" : 0,
          "max" : 0,
          "mean" : 0.000000,
          "stddev" : 0.000000,
          "N" : 0
        },
        "bw_min" : 0,
        "bw_max" : 0,
        "bw_agg" : 0.000000,
        "bw_mean" : 0.000000,
        "bw_dev" : 0.000000,
        "bw_samples" : 0,
        "iops_min" : 0,
        "iops_max" : 0,
        "iops_mean" : 0.000000,
        "iops_stddev" : 0.000000,
        "iops_samples" : 0
      },
      "sync" : {
        "total_ios" : 0,
        "lat_ns" : {
          "min" : 0,
          "max" : 0,
          "mean" : 0.000000,
          "stddev" : 0.000000,
          "N" : 0
        }
      },
      "job_runtime" : 119903,
      "usr_cpu" : 0.728089,
      "sys_cpu" : 0.150955,
      "ctx" : 204,
      "majf" : 0,
      "minf" : 31,
      "iodepth_level" : {
        "1" : 100.000000,
        "2" : 0.000000,
        "4" : 0.000000,
        "8" : 0.000000,
        "16" : 0.000000,
        "32" : 0.000000,
        ">=64" : 0.000000
      },
      "iodepth_submit" : {
        "0" : 0.000000,
        "4" : 100.000000,
        "8" : 0.000000,
        "16" : 0.000000,
        "32" : 0.000000,
        "64" : 0.000000,
        ">=64" : 0.000000
      },
      "iodepth_complete" : {
        "0" : 0.000000,
        "4" : 100.000000,
        "8" : 0.000000,
        "16" : 0.000000,
        "32" : 0.000000,
        "64" : 0.000000,
        ">=64" : 0.000000
      },
      "latency_ns" : {
        "2" : 0.000000,
        "4" : 0.000000,
        "10" : 0.000000,
        "20" : 0.000000,
        "50" : 0.000000,
        "100" : 0.000000,
        "250" : 0.000000,
        "500" : 0.000000,
        "750" : 0.000000,
        "1000" : 0.000000
      },
      "latency_us" : {
        "2" : 0.000000,
        "4" : 0.000000,
        "10" : 0.000000,
        "20" : 0.000000,
        "50" : 0.000000,
        "100" : 0.000000,
        "250" : 0.000000,
        "500" : 0.000000,
        "750" : 0.000000,
        "1000" : 0.000000
      },
      "latency_ms" : {
        "2" : 0.000000,
        "4" : 0.000000,
        "10" : 0.000000,
        "20" : 0.000000,
        "50" : 0.000000,
        "100" : 26.041667,
        "250" : 73.958333,
        "500" : 0.000000,
        "750" : 0.000000,
        "1000" : 0.000000,
        "2000" : 0.000000,
        ">=2000" : 0.000000
      },
      "latency_depth" : 3,
      "latency_target" : 0,
      "latency_percentile" : 100.000000,
      "latency_window" : 0
    }
  ],
  "disk_util" : [
    {
      "name" : "vdb",
      "read_ios" : 0,
      "write_ios" : 9815,
      "read_merges" : 0,
      "write_merges" : 124,
      "read_ticks" : 0,
      "write_ticks" : 902933,
      "in_queue" : 902934,
      "util" : 13.299156
    }
  ]
}
