{
  "fio version" : "fio-3.33",
  "timestamp" : 1741614873,
  "timestamp_ms" : 1741614873904,
  "time" : "Mon Mar 10 19:24:33 2025",
  "global options" : {
    "directory" : "/disk1/fio_test"
  },
  "jobs" : [
    {
      "jobname" : "hdfs_small_write",
      "groupid" : 0,
      "error" : 0,
      "eta" : 0,
      "elapsed" : 10,
      "job options" : {
        "name" : "hdfs_small_write",
        "rw" : "write",
        "ioengine" : "libaio",
        "direct" : "1",
        "bs" : "64k",
        "size" : "2G",
        "nrfiles" : "1000",
        "file_service_type" : "random",
        "iodepth" : "16",
        "numjobs" : "8",
        "sync" : "1"
      },
      "read" : {
        "io_bytes" : 0,
        "io_kbytes" : 0,
        "bw_bytes" : 0,
        "bw" : 0,
        "iops" : 0.000000,
        "runtime" : 0,
        "total_ios" : 0,
        "short_ios" : 0,
        "drop_ios" : 0,
        "slat_ns" : {
          "min" : 0,
          "max" : 0,
          "mean" : 0.000000,
          "stddev" : 0.000000,
          "N" : 0
        },
        "clat_ns" : {
          "min" : 0,
          "max" : 0,
          "mean" : 0.000000,
          "stddev" : 0.000000,
          "N" : 0
        },
        "lat_ns" : {
          "min" : 0,
          "max" : 0,
          "mean" : 0.000000,
          "stddev" : 0.000000,
          "N" : 0
        },
        "bw_min" : 0,
        "bw_max" : 0,
        "bw_agg" : 0.000000,
        "bw_mean" : 0.000000,
        "bw_dev" : 0.000000,
        "bw_samples" : 0,
        "iops_min" : 0,
        "iops_max" : 0,
        "iops_mean" : 0.000000,
        "iops_stddev" : 0.000000,
        "iops_samples" : 0
      },
      "write" : {
        "io_bytes" : 16777216000,
        "io_kbytes" : 16384000,
        "bw_bytes" : 1862686355,
        "bw" : 1819029,
        "iops" : 28422.338181,
        "runtime" : 9007,
        "total_ios" : 256000,
        "short_ios" : 0,
        "drop_ios" : 0,
        "slat_ns" : {
          "min" : 6643,
          "max" : 1082117,
          "mean" : 19651.868633,
          "stddev" : 15842.328075,
          "N" : 256000
        },
        "clat_ns" : {
          "min" : 67713,
          "max" : 22344961,
          "mean" : 4468065.497125,
          "stddev" : 1682978.440427,
          "N" : 256000,
          "percentile" : {
            "1.000000" : 962560,
            "5.000000" : 1957888,
            "10.000000" : 2572288,
            "20.000000" : 3227648,
            "30.000000" : 3620864,
            "40.000000" : 3981312,
            "50.000000" : 4292608,
            "60.000000" : 4620288,
            "70.000000" : 5079040,
            "80.000000" : 5668864,
            "90.000000" : 6520832,
            "95.000000" : 7372800,
            "99.000000" : 9502720,
            "99.500000" : 10551296,
            "99.900000" : 13828096,
            "99.950000" : 14745600,
            "99.990000" : 17956864
          }
        },
        "lat_ns" : {
          "min" : 77880,
          "max" : 22383643,
          "mean" : 4487717.365758,
          "stddev" : 1683530.158575,
          "N" : 256000
        },
        "bw_min" : 1461888,
        "bw_max" : 1926656,
        "bw_agg" : 100.000000,
        "bw_mean" : 1822592.000000,
        "bw_dev" : 13516.311129,
        "bw_samples" : 136,
        "iops_min" : 22842,
        "iops_max" : 30104,
        "iops_mean" : 28478.000000,
        "iops_stddev" : 211.192361,
        "iops_samples" : 136
      },
      "trim" : {
        "io_bytes" : 0,
        "io_kbytes" : 0,
        "bw_bytes" : 0,
        "bw" : 0,
        "iops" : 0.000000,
        "runtime" : 0,
        "total_ios" : 0,
        "short_ios" : 0,
        "drop_ios" : 0,
        "slat_ns" : {
          "min" : 0,
          "max" : 0,
          "mean" : 0.000000,
          "stddev" : 0.000000,
          "N" : 0
        },
        "clat_ns" : {
          "min" : 0,
          "max" : 0,
          "mean" : 0.000000,
          "stddev" : 0.000000,
          "N" : 0
        },
        "lat_ns" : {
          "min" : 0,
          "max" : 0,
          "mean" : 0.000000,
          "stddev" : 0.000000,
          "N" : 0
        },
        "bw_min" : 0,
        "bw_max" : 0,
        "bw_agg" : 0.000000,
        "bw_mean" : 0.000000,
        "bw_dev" : 0.000000,
        "bw_samples" : 0,
        "iops_min" : 0,
        "iops_max" : 0,
        "iops_mean" : 0.000000,
        "iops_stddev" : 0.000000,
        "iops_samples" : 0
      },
      "sync" : {
        "total_ios" : 0,
        "lat_ns" : {
          "min" : 0,
          "max" : 0,
          "mean" : 0.000000,
          "stddev" : 0.000000,
          "N" : 0
        }
      },
      "job_runtime" : 71931,
      "usr_cpu" : 3.019560,
      "sys_cpu" : 6.958057,
      "ctx" : 123985,
      "majf" : 0,
      "minf" : 557,
      "iodepth_level" : {
        "1" : 0.100000,
        "2" : 0.100000,
        "4" : 0.100000,
        "8" : 0.100000,
        "16" : 99.953125,
        "32" : 0.000000,
        ">=64" : 0.000000
      },
      "iodepth_submit" : {
        "0" : 0.000000,
        "4" : 100.000000,
        "8" : 0.000000,
        "16" : 0.000000,
        "32" : 0.000000,
        "64" : 0.000000,
        ">=64" : 0.000000
      },
      "iodepth_complete" : {
        "0" : 0.000000,
        "4" : 99.996874,
        "8" : 0.000000,
        "16" : 0.100000,
        "32" : 0.000000,
        "64" : 0.000000,
        ">=64" : 0.000000
      },
      "latency_ns" : {
        "2" : 0.000000,
        "4" : 0.000000,
        "10" : 0.000000,
        "20" : 0.000000,
        "50" : 0.000000,
        "100" : 0.000000,
        "250" : 0.000000,
        "500" : 0.000000,
        "750" : 0.000000,
        "1000" : 0.000000
      },
      "latency_us" : {
        "2" : 0.000000,
        "4" : 0.000000,
        "10" : 0.000000,
        "20" : 0.000000,
        "50" : 0.000000,
        "100" : 0.010000,
        "250" : 0.035937,
        "500" : 0.164844,
        "750" : 0.357422,
        "1000" : 0.543750
      },
      "latency_ms" : {
        "2" : 4.122266,
        "4" : 35.744922,
        "10" : 58.315234,
        "20" : 0.710938,
        "50" : 0.010000,
        "100" : 0.000000,
        "250" : 0.000000,
        "500" : 0.000000,
        "750" : 0.000000,
        "1000" : 0.000000,
        "2000" : 0.000000,
        ">=2000" : 0.000000
      },
      "latency_depth" : 16,
      "latency_target" : 0,
      "latency_percentile" : 100.000000,
      "latency_window" : 0
    }
  ],
  "disk_util" : [
    {
      "name" : "vdb",
      "read_ios" : 0,
      "write_ios" : 760428,
      "read_merges" : 0,
      "write_merges" : 713,
      "read_ticks" : 0,
      "write_ticks" : 1023855,
      "in_queue" : 1092253,
      "util" : 61.355895
    }
  ]
}
