{
  "fio version" : "fio-3.33",
  "timestamp" : 1741615005,
  "timestamp_ms" : 1741615005434,
  "time" : "Mon Mar 10 19:26:45 2025",
  "global options" : {
    "directory" : "/disk1/fio_test"
  },
  "jobs" : [
    {
      "jobname" : "mapreduce_shuffle",
      "groupid" : 0,
      "error" : 0,
      "eta" : 0,
      "elapsed" : 61,
      "job options" : {
        "name" : "mapreduce_shuffle",
        "rw" : "randrw",
        "rwmixread" : "50",
        "ioengine" : "libaio",
        "direct" : "1",
        "bs" : "1M",
        "size" : "4G",
        "iodepth" : "16",
        "numjobs" : "8",
        "runtime" : "60"
      },
      "read" : {
        "io_bytes" : 81540415488,
        "io_kbytes" : 79629312,
        "bw_bytes" : 1357784918,
        "bw" : 1325961,
        "iops" : 1294.884604,
        "runtime" : 60054,
        "total_ios" : 77763,
        "short_ios" : 0,
        "drop_ios" : 0,
        "slat_ns" : {
          "min" : 16659,
          "max" : 160055,
          "mean" : 58232.727132,
          "stddev" : 10856.447927,
          "N" : 77763
        },
        "clat_ns" : {
          "min" : 1100545,
          "max" : 84445759,
          "mean" : 29503847.769955,
          "stddev" : 9284831.488472,
          "N" : 77763,
          "percentile" : {
            "1.000000" : 3817472,
            "5.000000" : 11862016,
            "10.000000" : 22151168,
            "20.000000" : 25296896,
            "30.000000" : 26345472,
            "40.000000" : 27394048,
            "50.000000" : 28442624,
            "60.000000" : 30015488,
            "70.000000" : 32112640,
            "80.000000" : 34865152,
            "90.000000" : 39059456,
            "95.000000" : 46399488,
            "99.000000" : 58982400,
            "99.500000" : 63176704,
            "99.900000" : 69730304,
            "99.950000" : 71827456,
            "99.990000" : 77070336
          }
        },
        "lat_ns" : {
          "min" : 1160147,
          "max" : 84477625,
          "mean" : 29562080.497087,
          "stddev" : 9285140.311794,
          "N" : 77763
        },
        "bw_min" : 983040,
        "bw_max" : 1705984,
        "bw_agg" : 100.000000,
        "bw_mean" : 1327605.436975,
        "bw_dev" : 18051.752029,
        "bw_samples" : 952,
        "iops_min" : 960,
        "iops_max" : 1666,
        "iops_mean" : 1296.470588,
        "iops_stddev" : 17.628565,
        "iops_samples" : 952
      },
      "write" : {
        "io_bytes" : 81446043648,
        "io_kbytes" : 79537152,
        "bw_bytes" : 1356213468,
        "bw" : 1324427,
        "iops" : 1293.385953,
        "runtime" : 60054,
        "total_ios" : 77673,
        "short_ios" : 0,
        "drop_ios" : 0,
        "slat_ns" : {
          "min" : 26856,
          "max" : 251087,
          "mean" : 105093.711225,
          "stddev" : 22972.351601,
          "N" : 77673
        },
        "clat_ns" : {
          "min" : 556948,
          "max" : 121103685,
          "mean" : 69240827.557761,
          "stddev" : 10638665.124633,
          "N" : 77673,
          "percentile" : {
            "1.000000" : 38010880,
            "5.000000" : 52166656,
            "10.000000" : 57933824,
            "20.000000" : 62128128,
            "30.000000" : 64749568,
            "40.000000" : 66846720,
            "50.000000" : 68681728,
            "60.000000" : 71827456,
            "70.000000" : 73924608,
            "80.000000" : 77070336,
            "90.000000" : 81264640,
            "95.000000" : 86507520,
            "99.000000" : 98041856,
            "99.500000" : 101187584,
            "99.900000" : 107479040,
            "99.950000" : 110624768,
            "99.990000" : 114819072
          }
        },
        "lat_ns" : {
          "min" : 618293,
          "max" : 121256734,
          "mean" : 69345921.268987,
          "stddev" : 10639077.086540,
          "N" : 77673
        },
        "bw_min" : 1128448,
        "bw_max" : 1527808,
        "bw_agg" : 100.000000,
        "bw_mean" : 1325987.176471,
        "bw_dev" : 10259.590408,
        "bw_samples" : 952,
        "iops_min" : 1102,
        "iops_max" : 1492,
        "iops_mean" : 1294.890756,
        "iops_stddev" : 10.019959,
        "iops_samples" : 952
      },
      "trim" : {
        "io_bytes" : 0,
        "io_kbytes" : 0,
        "bw_bytes" : 0,
        "bw" : 0,
        "iops" : 0.000000,
        "runtime" : 0,
        "total_ios" : 0,
        "short_ios" : 0,
        "drop_ios" : 0,
        "slat_ns" : {
          "min" : 0,
          "max" : 0,
          "mean" : 0.000000,
          "stddev" : 0.000000,
          "N" : 0
        },
        "clat_ns" : {
          "min" : 0,
          "max" : 0,
          "mean" : 0.000000,
          "stddev" : 0.000000,
          "N" : 0
        },
        "lat_ns" : {
          "min" : 0,
          "max" : 0,
          "mean" : 0.000000,
          "stddev" : 0.000000,
          "N" : 0
        },
        "bw_min" : 0,
        "bw_max" : 0,
        "bw_agg" : 0.000000,
        "bw_mean" : 0.000000,
        "bw_dev" : 0.000000,
        "bw_samples" : 0,
        "iops_min" : 0,
        "iops_max" : 0,
        "iops_mean" : 0.000000,
        "iops_stddev" : 0.000000,
        "iops_samples" : 0
      },
      "sync" : {
        "total_ios" : 0,
        "lat_ns" : {
          "min" : 0,
          "max" : 0,
          "mean" : 0.000000,
          "stddev" : 0.000000,
          "N" : 0
        }
      },
      "job_runtime" : 480403,
      "usr_cpu" : 1.447535,
      "sys_cpu" : 2.298487,
      "ctx" : 148693,
      "majf" : 0,
      "minf" : 96,
      "iodepth_level" : {
        "1" : 0.100000,
        "2" : 0.100000,
        "4" : 0.100000,
        "8" : 0.100000,
        "16" : 99.922798,
        "32" : 0.000000,
        ">=64" : 0.000000
      },
      "iodepth_submit" : {
        "0" : 0.000000,
        "4" : 100.000000,
        "8" : 0.000000,
        "16" : 0.000000,
        "32" : 0.000000,
        "64" : 0.000000,
        ">=64" : 0.000000
      },
      "iodepth_complete" : {
        "0" : 0.000000,
        "4" : 99.994849,
        "8" : 0.000000,
        "16" : 0.100000,
        "32" : 0.000000,
        "64" : 0.000000,
        ">=64" : 0.000000
      },
      "latency_ns" : {
        "2" : 0.000000,
        "4" : 0.000000,
        "10" : 0.000000,
        "20" : 0.000000,
        "50" : 0.000000,
        "100" : 0.000000,
        "250" : 0.000000,
        "500" : 0.000000,
        "750" : 0.000000,
        "1000" : 0.000000
      },
      "latency_us" : {
        "2" : 0.000000,
        "4" : 0.000000,
        "10" : 0.000000,
        "20" : 0.000000,
        "50" : 0.000000,
        "100" : 0.000000,
        "250" : 0.000000,
        "500" : 0.000000,
        "750" : 0.010000,
        "1000" : 0.000000
      },
      "latency_ms" : {
        "2" : 0.086852,
        "4" : 0.473507,
        "10" : 1.506729,
        "20" : 2.364317,
        "50" : 46.011220,
        "100" : 49.227335,
        "250" : 0.329396,
        "500" : 0.000000,
        "750" : 0.000000,
        "1000" : 0.000000,
        "2000" : 0.000000,
        ">=2000" : 0.000000
      },
      "latency_depth" : 16,
      "latency_target" : 0,
      "latency_percentile" : 100.000000,
      "latency_window" : 0
    }
  ],
  "disk_util" : [
    {
      "name" : "vdb",
      "read_ios" : 77496,
      "write_ios" : 77378,
      "read_merges" : 0,
      "write_merges" : 6,
      "read_ticks" : 2284461,
      "write_ticks" : 5351314,
      "in_queue" : 7635774,
      "util" : 73.485203
    }
  ]
}
