{
  "fio version" : "fio-3.33",
  "timestamp" : 1741615106,
  "timestamp_ms" : 1741615106272,
  "time" : "Mon Mar 10 19:28:26 2025",
  "global options" : {
    "directory" : "/disk1/fio_test"
  },
  "jobs" : [
    {
      "jobname" : "namenode_editlog",
      "groupid" : 0,
      "error" : 0,
      "eta" : 0,
      "elapsed" : 60,
      "job options" : {
        "name" : "namenode_editlog",
        "rw" : "write",
        "ioengine" : "libaio",
        "direct" : "1",
        "bs" : "4k",
        "size" : "1G",
        "iodepth" : "1",
        "numjobs" : "1",
        "fsync" : "1"
      },
      "read" : {
        "io_bytes" : 0,
        "io_kbytes" : 0,
        "bw_bytes" : 0,
        "bw" : 0,
        "iops" : 0.000000,
        "runtime" : 0,
        "total_ios" : 0,
        "short_ios" : 0,
        "drop_ios" : 0,
        "slat_ns" : {
          "min" : 0,
          "max" : 0,
          "mean" : 0.000000,
          "stddev" : 0.000000,
          "N" : 0
        },
        "clat_ns" : {
          "min" : 0,
          "max" : 0,
          "mean" : 0.000000,
          "stddev" : 0.000000,
          "N" : 0
        },
        "lat_ns" : {
          "min" : 0,
          "max" : 0,
          "mean" : 0.000000,
          "stddev" : 0.000000,
          "N" : 0
        },
        "bw_min" : 0,
        "bw_max" : 0,
        "bw_agg" : 0.000000,
        "bw_mean" : 0.000000,
        "bw_dev" : 0.000000,
        "bw_samples" : 0,
        "iops_min" : 0,
        "iops_max" : 0,
        "iops_mean" : 0.000000,
        "iops_stddev" : 0.000000,
        "iops_samples" : 0
      },
      "write" : {
        "io_bytes" : 1073741824,
        "io_kbytes" : 1048576,
        "bw_bytes" : 18024270,
        "bw" : 17601,
        "iops" : 4400.456590,
        "runtime" : 59572,
        "total_ios" : 262144,
        "short_ios" : 0,
        "drop_ios" : 0,
        "slat_ns" : {
          "min" : 5197,
          "max" : 198865,
          "mean" : 7369.228119,
          "stddev" : 5434.095439,
          "N" : 262144
        },
        "clat_ns" : {
          "min" : 41522,
          "max" : 1204254,
          "mean" : 91461.500656,
          "stddev" : 34803.749228,
          "N" : 262144,
          "percentile" : {
            "1.000000" : 57088,
            "5.000000" : 59648,
            "10.000000" : 62720,
            "20.000000" : 71168,
            "30.000000" : 84480,
            "40.000000" : 85504,
            "50.000000" : 88576,
            "60.000000" : 89600,
            "70.000000" : 96768,
            "80.000000" : 102912,
            "90.000000" : 107008,
            "95.000000" : 113152,
            "99.000000" : 276480,
            "99.500000" : 305152,
            "99.900000" : 464896,
            "99.950000" : 477184,
            "99.990000" : 505856
          }
        },
        "lat_ns" : {
          "min" : 48259,
          "max" : 1211091,
          "mean" : 98830.728775,
          "stddev" : 38829.777702,
          "N" : 262144
        },
        "bw_min" : 14824,
        "bw_max" : 19800,
        "bw_agg" : 100.000000,
        "bw_mean" : 17620.436975,
        "bw_dev" : 778.769615,
        "bw_samples" : 119,
        "iops_min" : 3706,
        "iops_max" : 4950,
        "iops_mean" : 4405.109244,
        "iops_stddev" : 194.692404,
        "iops_samples" : 119
      },
      "trim" : {
        "io_bytes" : 0,
        "io_kbytes" : 0,
        "bw_bytes" : 0,
        "bw" : 0,
        "iops" : 0.000000,
        "runtime" : 0,
        "total_ios" : 0,
        "short_ios" : 0,
        "drop_ios" : 0,
        "slat_ns" : {
          "min" : 0,
          "max" : 0,
          "mean" : 0.000000,
          "stddev" : 0.000000,
          "N" : 0
        },
        "clat_ns" : {
          "min" : 0,
          "max" : 0,
          "mean" : 0.000000,
          "stddev" : 0.000000,
          "N" : 0
        },
        "lat_ns" : {
          "min" : 0,
          "max" : 0,
          "mean" : 0.000000,
          "stddev" : 0.000000,
          "N" : 0
        },
        "bw_min" : 0,
        "bw_max" : 0,
        "bw_agg" : 0.000000,
        "bw_mean" : 0.000000,
        "bw_dev" : 0.000000,
        "bw_samples" : 0,
        "iops_min" : 0,
        "iops_max" : 0,
        "iops_mean" : 0.000000,
        "iops_stddev" : 0.000000,
        "iops_samples" : 0
      },
      "sync" : {
        "total_ios" : 262143,
        "lat_ns" : {
          "min" : 113301,
          "max" : 2551669,
          "mean" : 219421.528433,
          "stddev" : 121362.954938,
          "N" : 262143,
          "percentile" : {
            "1.000000" : 134144,
            "5.000000" : 150528,
            "10.000000" : 156672,
            "20.000000" : 171008,
            "30.000000" : 175104,
            "40.000000" : 181248,
            "50.000000" : 187392,
            "60.000000" : 195584,
            "70.000000" : 205824,
            "80.000000" : 214016,
            "90.000000" : 250880,
            "95.000000" : 477184,
            "99.000000" : 659456,
            "99.500000" : 856064,
            "99.900000" : 1335296,
            "99.950000" : 1777664,
            "99.990000" : 2088960
          }
        }
      },
      "job_runtime" : 59571,
      "usr_cpu" : 2.237666,
      "sys_cpu" : 8.866730,
      "ctx" : 568958,
      "majf" : 0,
      "minf" : 12,
      "iodepth_level" : {
        "1" : 199.999619,
        "2" : 0.000000,
        "4" : 0.000000,
        "8" : 0.000000,
        "16" : 0.000000,
        "32" : 0.000000,
        ">=64" : 0.000000
      },
      "iodepth_submit" : {
        "0" : 0.000000,
        "4" : 100.000000,
        "8" : 0.000000,
        "16" : 0.000000,
        "32" : 0.000000,
        "64" : 0.000000,
        ">=64" : 0.000000
      },
      "iodepth_complete" : {
        "0" : 0.000000,
        "4" : 100.000000,
        "8" : 0.000000,
        "16" : 0.000000,
        "32" : 0.000000,
        "64" : 0.000000,
        ">=64" : 0.000000
      },
      "latency_ns" : {
        "2" : 0.000000,
        "4" : 0.000000,
        "10" : 0.000000,
        "20" : 0.000000,
        "50" : 0.000000,
        "100" : 0.000000,
        "250" : 0.000000,
        "500" : 0.000000,
        "750" : 0.000000,
        "1000" : 0.000000
      },
      "latency_us" : {
        "2" : 0.000000,
        "4" : 0.000000,
        "10" : 0.000000,
        "20" : 0.000000,
        "50" : 0.010000,
        "100" : 73.266220,
        "250" : 24.881363,
        "500" : 1.830292,
        "750" : 0.014877,
        "1000" : 0.000000
      },
      "latency_ms" : {
        "2" : 0.010000,
        "4" : 0.000000,
        "10" : 0.000000,
        "20" : 0.000000,
        "50" : 0.000000,
        "100" : 0.000000,
        "250" : 0.000000,
        "500" : 0.000000,
        "750" : 0.000000,
        "1000" : 0.000000,
        "2000" : 0.000000,
        ">=2000" : 0.000000
      },
      "latency_depth" : 1,
      "latency_target" : 0,
      "latency_percentile" : 100.000000,
      "latency_window" : 0
    }
  ],
  "disk_util" : [
    {
      "name" : "vdb",
      "read_ios" : 0,
      "write_ios" : 552372,
      "read_merges" : 0,
      "write_merges" : 10,
      "read_ticks" : 0,
      "write_ticks" : 53143,
      "in_queue" : 56308,
      "util" : 85.260466
    }
  ]
}
