{
  "fio version" : "fio-3.33",
  "timestamp" : 1741614912,
  "timestamp_ms" : 1741614912088,
  "time" : "Mon Mar 10 19:25:12 2025",
  "global options" : {
    "directory" : "/disk1/fio_test"
  },
  "jobs" : [
    {
      "jobname" : "hdfs_small_read",
      "groupid" : 0,
      "error" : 0,
      "eta" : 0,
      "elapsed" : 6,
      "job options" : {
        "name" : "hdfs_small_read",
        "rw" : "read",
        "ioengine" : "libaio",
        "direct" : "1",
        "bs" : "64k",
        "size" : "2G",
        "nrfiles" : "1000",
        "file_service_type" : "random",
        "iodepth" : "16",
        "numjobs" : "8"
      },
      "read" : {
        "io_bytes" : 16777216000,
        "io_kbytes" : 16384000,
        "bw_bytes" : 3414861795,
        "bw" : 3334825,
        "iops" : 52106.655811,
        "runtime" : 4913,
        "total_ios" : 256000,
        "short_ios" : 0,
        "drop_ios" : 0,
        "slat_ns" : {
          "min" : 3122,
          "max" : 82581,
          "mean" : 10752.037262,
          "stddev" : 9922.226792,
          "N" : 256000
        },
        "clat_ns" : {
          "min" : 126518,
          "max" : 16132481,
          "mean" : 2289640.252559,
          "stddev" : 2017777.207929,
          "N" : 256000,
          "percentile" : {
            "1.000000" : 317440,
            "5.000000" : 497664,
            "10.000000" : 659456,
            "20.000000" : 921600,
            "30.000000" : 1155072,
            "40.000000" : 1384448,
            "50.000000" : 1630208,
            "60.000000" : 1925120,
            "70.000000" : 2375680,
            "80.000000" : 3129344,
            "90.000000" : 4947968,
            "95.000000" : 6914048,
            "99.000000" : 10158080,
            "99.500000" : 10944512,
            "99.900000" : 11993088,
            "99.950000" : 12255232,
            "99.990000" : 13041664
          }
        },
        "lat_ns" : {
          "min" : 133496,
          "max" : 16140913,
          "mean" : 2300392.289820,
          "stddev" : 2018171.720176,
          "N" : 256000
        },
        "bw_min" : 3137920,
        "bw_max" : 3843584,
        "bw_agg" : 100.000000,
        "bw_mean" : 3462236.444444,
        "bw_dev" : 26194.376406,
        "bw_samples" : 69,
        "iops_min" : 49030,
        "iops_max" : 60056,
        "iops_mean" : 54097.444444,
        "iops_stddev" : 409.287131,
        "iops_samples" : 69
      },
      "write" : {
        "io_bytes" : 0,
        "io_kbytes" : 0,
        "bw_bytes" : 0,
        "bw" : 0,
        "iops" : 0.000000,
        "runtime" : 0,
        "total_ios" : 0,
        "short_ios" : 0,
        "drop_ios" : 0,
        "slat_ns" : {
          "min" : 0,
          "max" : 0,
          "mean" : 0.000000,
          "stddev" : 0.000000,
          "N" : 0
        },
        "clat_ns" : {
          "min" : 0,
          "max" : 0,
          "mean" : 0.000000,
          "stddev" : 0.000000,
          "N" : 0
        },
        "lat_ns" : {
          "min" : 0,
          "max" : 0,
          "mean" : 0.000000,
          "stddev" : 0.000000,
          "N" : 0
        },
        "bw_min" : 0,
        "bw_max" : 0,
        "bw_agg" : 0.000000,
        "bw_mean" : 0.000000,
        "bw_dev" : 0.000000,
        "bw_samples" : 0,
        "iops_min" : 0,
        "iops_max" : 0,
        "iops_mean" : 0.000000,
        "iops_stddev" : 0.000000,
        "iops_samples" : 0
      },
      "trim" : {
        "io_bytes" : 0,
        "io_kbytes" : 0,
        "bw_bytes" : 0,
        "bw" : 0,
        "iops" : 0.000000,
        "runtime" : 0,
        "total_ios" : 0,
        "short_ios" : 0,
        "drop_ios" : 0,
        "slat_ns" : {
          "min" : 0,
          "max" : 0,
          "mean" : 0.000000,
          "stddev" : 0.000000,
          "N" : 0
        },
        "clat_ns" : {
          "min" : 0,
          "max" : 0,
          "mean" : 0.000000,
          "stddev" : 0.000000,
          "N" : 0
        },
        "lat_ns" : {
          "min" : 0,
          "max" : 0,
          "mean" : 0.000000,
          "stddev" : 0.000000,
          "N" : 0
        },
        "bw_min" : 0,
        "bw_max" : 0,
        "bw_agg" : 0.000000,
        "bw_mean" : 0.000000,
        "bw_dev" : 0.000000,
        "bw_samples" : 0,
        "iops_min" : 0,
        "iops_max" : 0,
        "iops_mean" : 0.000000,
        "iops_stddev" : 0.000000,
        "iops_samples" : 0
      },
      "sync" : {
        "total_ios" : 0,
        "lat_ns" : {
          "min" : 0,
          "max" : 0,
          "mean" : 0.000000,
          "stddev" : 0.000000,
          "N" : 0
        }
      },
      "job_runtime" : 36894,
      "usr_cpu" : 3.959993,
      "sys_cpu" : 12.302813,
      "ctx" : 171521,
      "majf" : 0,
      "minf" : 2580,
      "iodepth_level" : {
        "1" : 0.100000,
        "2" : 0.100000,
        "4" : 0.100000,
        "8" : 0.100000,
        "16" : 99.953125,
        "32" : 0.000000,
        ">=64" : 0.000000
      },
      "iodepth_submit" : {
        "0" : 0.000000,
        "4" : 100.000000,
        "8" : 0.000000,
        "16" : 0.000000,
        "32" : 0.000000,
        "64" : 0.000000,
        ">=64" : 0.000000
      },
      "iodepth_complete" : {
        "0" : 0.000000,
        "4" : 99.996874,
        "8" : 0.000000,
        "16" : 0.100000,
        "32" : 0.000000,
        "64" : 0.000000,
        ">=64" : 0.000000
      },
      "latency_ns" : {
        "2" : 0.000000,
        "4" : 0.000000,
        "10" : 0.000000,
        "20" : 0.000000,
        "50" : 0.000000,
        "100" : 0.000000,
        "250" : 0.000000,
        "500" : 0.000000,
        "750" : 0.000000,
        "1000" : 0.000000
      },
      "latency_us" : {
        "2" : 0.000000,
        "4" : 0.000000,
        "10" : 0.000000,
        "20" : 0.000000,
        "50" : 0.000000,
        "100" : 0.000000,
        "250" : 0.285547,
        "500" : 4.793359,
        "750" : 8.149219,
        "1000" : 9.959375
      },
      "latency_ms" : {
        "2" : 38.758203,
        "4" : 24.125391,
        "10" : 12.852734,
        "20" : 1.076172,
        "50" : 0.000000,
        "100" : 0.000000,
        "250" : 0.000000,
        "500" : 0.000000,
        "750" : 0.000000,
        "1000" : 0.000000,
        "2000" : 0.000000,
        ">=2000" : 0.000000
      },
      "latency_depth" : 16,
      "latency_target" : 0,
      "latency_percentile" : 100.000000,
      "latency_window" : 0
    }
  ],
  "disk_util" : [
    {
      "name" : "vdb",
      "read_ios" : 247503,
      "write_ios" : 0,
      "read_merges" : 0,
      "write_merges" : 0,
      "read_ticks" : 567260,
      "write_ticks" : 0,
      "in_queue" : 567260,
      "util" : 61.782509
    }
  ]
}
