{
  "fio version" : "fio-3.33",
  "timestamp" : 1741614843,
  "timestamp_ms" : 1741614843004,
  "time" : "Mon Mar 10 19:24:03 2025",
  "global options" : {
    "directory" : "/disk1/fio_test"
  },
  "jobs" : [
    {
      "jobname" : "hdfs_large_write",
      "groupid" : 0,
      "error" : 0,
      "eta" : 0,
      "elapsed" : 9,
      "job options" : {
        "name" : "hdfs_large_write",
        "rw" : "write",
        "ioengine" : "libaio",
        "direct" : "1",
        "bs" : "128M",
        "size" : "4G",
        "iodepth" : "4",
        "numjobs" : "4"
      },
      "read" : {
        "io_bytes" : 0,
        "io_kbytes" : 0,
        "bw_bytes" : 0,
        "bw" : 0,
        "iops" : 0.000000,
        "runtime" : 0,
        "total_ios" : 0,
        "short_ios" : 0,
        "drop_ios" : 0,
        "slat_ns" : {
          "min" : 0,
          "max" : 0,
          "mean" : 0.000000,
          "stddev" : 0.000000,
          "N" : 0
        },
        "clat_ns" : {
          "min" : 0,
          "max" : 0,
          "mean" : 0.000000,
          "stddev" : 0.000000,
          "N" : 0
        },
        "lat_ns" : {
          "min" : 0,
          "max" : 0,
          "mean" : 0.000000,
          "stddev" : 0.000000,
          "N" : 0
        },
        "bw_min" : 0,
        "bw_max" : 0,
        "bw_agg" : 0.000000,
        "bw_mean" : 0.000000,
        "bw_dev" : 0.000000,
        "bw_samples" : 0,
        "iops_min" : 0,
        "iops_max" : 0,
        "iops_mean" : 0.000000,
        "iops_stddev" : 0.000000,
        "iops_samples" : 0
      },
      "write" : {
        "io_bytes" : 17179869184,
        "io_kbytes" : 16777216,
        "bw_bytes" : 2071610898,
        "bw" : 2023057,
        "iops" : 15.434704,
        "runtime" : 8293,
        "total_ios" : 128,
        "short_ios" : 0,
        "drop_ios" : 0,
        "slat_ns" : {
          "min" : 6236427,
          "max" : 977626649,
          "mean" : 198166474.312500,
          "stddev" : 231676677.536704,
          "N" : 128
        },
        "clat_ns" : {
          "min" : 123281150,
          "max" : 1661924283,
          "mean" : 748387698.093750,
          "stddev" : 301791866.727168,
          "N" : 128,
          "percentile" : {
            "1.000000" : 204472320,
            "5.000000" : 304087040,
            "10.000000" : 375390208,
            "20.000000" : 484442112,
            "30.000000" : 557842432,
            "40.000000" : 633339904,
            "50.000000" : 717225984,
            "60.000000" : 784334848,
            "70.000000" : 901775360,
            "80.000000" : 1035993088,
            "90.000000" : 1182793728,
            "95.000000" : 1233125376,
            "99.000000" : 1551892480,
            "99.500000" : 1669332992,
            "99.900000" : 1669332992,
            "99.950000" : 1669332992,
            "99.990000" : 1669332992
          }
        },
        "lat_ns" : {
          "min" : 213735412,
          "max" : 2108899670,
          "mean" : 946554172.406250,
          "stddev" : 363283218.345563,
          "N" : 128
        },
        "bw_min" : 1041908,
        "bw_max" : 4192211,
        "bw_agg" : 100.000000,
        "bw_mean" : 2402160.262904,
        "bw_dev" : 261637.177512,
        "bw_samples" : 50,
        "iops_min" : 6,
        "iops_max" : 31,
        "iops_mean" : 17.728688,
        "iops_stddev" : 2.007758,
        "iops_samples" : 50
      },
      "trim" : {
        "io_bytes" : 0,
        "io_kbytes" : 0,
        "bw_bytes" : 0,
        "bw" : 0,
        "iops" : 0.000000,
        "runtime" : 0,
        "total_ios" : 0,
        "short_ios" : 0,
        "drop_ios" : 0,
        "slat_ns" : {
          "min" : 0,
          "max" : 0,
          "mean" : 0.000000,
          "stddev" : 0.000000,
          "N" : 0
        },
        "clat_ns" : {
          "min" : 0,
          "max" : 0,
          "mean" : 0.000000,
          "stddev" : 0.000000,
          "N" : 0
        },
        "lat_ns" : {
          "min" : 0,
          "max" : 0,
          "mean" : 0.000000,
          "stddev" : 0.000000,
          "N" : 0
        },
        "bw_min" : 0,
        "bw_max" : 0,
        "bw_agg" : 0.000000,
        "bw_mean" : 0.000000,
        "bw_dev" : 0.000000,
        "bw_samples" : 0,
        "iops_min" : 0,
        "iops_max" : 0,
        "iops_mean" : 0.000000,
        "iops_stddev" : 0.000000,
        "iops_samples" : 0
      },
      "sync" : {
        "total_ios" : 0,
        "lat_ns" : {
          "min" : 0,
          "max" : 0,
          "mean" : 0.000000,
          "stddev" : 0.000000,
          "N" : 0
        }
      },
      "job_runtime" : 31025,
      "usr_cpu" : 3.516519,
      "sys_cpu" : 0.692990,
      "ctx" : 121,
      "majf" : 0,
      "minf" : 55,
      "iodepth_level" : {
        "1" : 3.125000,
        "2" : 6.250000,
        "4" : 90.625000,
        "8" : 0.000000,
        "16" : 0.000000,
        "32" : 0.000000,
        ">=64" : 0.000000
      },
      "iodepth_submit" : {
        "0" : 0.000000,
        "4" : 100.000000,
        "8" : 0.000000,
        "16" : 0.000000,
        "32" : 0.000000,
        "64" : 0.000000,
        ">=64" : 0.000000
      },
      "iodepth_complete" : {
        "0" : 0.000000,
        "4" : 100.000000,
        "8" : 0.000000,
        "16" : 0.000000,
        "32" : 0.000000,
        "64" : 0.000000,
        ">=64" : 0.000000
      },
      "latency_ns" : {
        "2" : 0.000000,
        "4" : 0.000000,
        "10" : 0.000000,
        "20" : 0.000000,
        "50" : 0.000000,
        "100" : 0.000000,
        "250" : 0.000000,
        "500" : 0.000000,
        "750" : 0.000000,
        "1000" : 0.000000
      },
      "latency_us" : {
        "2" : 0.000000,
        "4" : 0.000000,
        "10" : 0.000000,
        "20" : 0.000000,
        "50" : 0.000000,
        "100" : 0.000000,
        "250" : 0.000000,
        "500" : 0.000000,
        "750" : 0.000000,
        "1000" : 0.000000
      },
      "latency_ms" : {
        "2" : 0.000000,
        "4" : 0.000000,
        "10" : 0.000000,
        "20" : 0.000000,
        "50" : 0.000000,
        "100" : 0.000000,
        "250" : 3.125000,
        "500" : 19.531250,
        "750" : 32.812500,
        "1000" : 21.875000,
        "2000" : 22.656250,
        ">=2000" : 0.000000
      },
      "latency_depth" : 4,
      "latency_target" : 0,
      "latency_percentile" : 100.000000,
      "latency_window" : 0
    }
  ],
  "disk_util" : [
    {
      "name" : "vdb",
      "read_ios" : 0,
      "write_ios" : 13462,
      "read_merges" : 0,
      "write_merges" : 125,
      "read_ticks" : 0,
      "write_ticks" : 7867960,
      "in_queue" : 7867960,
      "util" : 85.180516
    }
  ]
}
