{
  "fio version" : "fio-3.33",
  "timestamp" : 1741615275,
  "timestamp_ms" : 1741615275518,
  "time" : "Mon Mar 10 19:31:15 2025",
  "global options" : {
    "directory" : "/disk1/fio_test"
  },
  "jobs" : [
    {
      "jobname" : "hbase_random_read",
      "groupid" : 0,
      "error" : 0,
      "eta" : 0,
      "elapsed" : 61,
      "job options" : {
        "name" : "hbase_random_read",
        "rw" : "randread",
        "ioengine" : "libaio",
        "direct" : "1",
        "bs" : "64k",
        "size" : "2G",
        "iodepth" : "32",
        "numjobs" : "16",
        "runtime" : "60"
      },
      "read" : {
        "io_bytes" : 280920719360,
        "io_kbytes" : 274336640,
        "bw_bytes" : 4681153777,
        "bw" : 4571439,
        "iops" : 71428.738065,
        "runtime" : 60011,
        "total_ios" : 4286510,
        "short_ios" : 0,
        "drop_ios" : 0,
        "slat_ns" : {
          "min" : 3101,
          "max" : 771591,
          "mean" : 15489.508907,
          "stddev" : 13030.775505,
          "N" : 4286510
        },
        "clat_ns" : {
          "min" : 252449,
          "max" : 22451202,
          "mean" : 7149176.690684,
          "stddev" : 2264597.748931,
          "N" : 4286510,
          "percentile" : {
            "1.000000" : 3719168,
            "5.000000" : 4014080,
            "10.000000" : 4292608,
            "20.000000" : 4751360,
            "30.000000" : 5406720,
            "40.000000" : 6193152,
            "50.000000" : 7176192,
            "60.000000" : 7962624,
            "70.000000" : 8585216,
            "80.000000" : 9240576,
            "90.000000" : 10027008,
            "95.000000" : 10813440,
            "99.000000" : 12517376,
            "99.500000" : 13172736,
            "99.900000" : 14483456,
            "99.950000" : 15007744,
            "99.990000" : 16187392
          }
        },
        "lat_ns" : {
          "min" : 258026,
          "max" : 22484344,
          "mean" : 7164666.199591,
          "stddev" : 2264736.637030,
          "N" : 4286510
        },
        "bw_min" : 4443648,
        "bw_max" : 4690751,
        "bw_agg" : 100.000000,
        "bw_mean" : 4577997.806723,
        "bw_dev" : 3007.987810,
        "bw_samples" : 1904,
        "iops_min" : 69432,
        "iops_max" : 73292,
        "iops_mean" : 71531.159664,
        "iops_stddev" : 46.996356,
        "iops_samples" : 1904
      },
      "write" : {
        "io_bytes" : 0,
        "io_kbytes" : 0,
        "bw_bytes" : 0,
        "bw" : 0,
        "iops" : 0.000000,
        "runtime" : 0,
        "total_ios" : 0,
        "short_ios" : 0,
        "drop_ios" : 0,
        "slat_ns" : {
          "min" : 0,
          "max" : 0,
          "mean" : 0.000000,
          "stddev" : 0.000000,
          "N" : 0
        },
        "clat_ns" : {
          "min" : 0,
          "max" : 0,
          "mean" : 0.000000,
          "stddev" : 0.000000,
          "N" : 0
        },
        "lat_ns" : {
          "min" : 0,
          "max" : 0,
          "mean" : 0.000000,
          "stddev" : 0.000000,
          "N" : 0
        },
        "bw_min" : 0,
        "bw_max" : 0,
        "bw_agg" : 0.000000,
        "bw_mean" : 0.000000,
        "bw_dev" : 0.000000,
        "bw_samples" : 0,
        "iops_min" : 0,
        "iops_max" : 0,
        "iops_mean" : 0.000000,
        "iops_stddev" : 0.000000,
        "iops_samples" : 0
      },
      "trim" : {
        "io_bytes" : 0,
        "io_kbytes" : 0,
        "bw_bytes" : 0,
        "bw" : 0,
        "iops" : 0.000000,
        "runtime" : 0,
        "total_ios" : 0,
        "short_ios" : 0,
        "drop_ios" : 0,
        "slat_ns" : {
          "min" : 0,
          "max" : 0,
          "mean" : 0.000000,
          "stddev" : 0.000000,
          "N" : 0
        },
        "clat_ns" : {
          "min" : 0,
          "max" : 0,
          "mean" : 0.000000,
          "stddev" : 0.000000,
          "N" : 0
        },
        "lat_ns" : {
          "min" : 0,
          "max" : 0,
          "mean" : 0.000000,
          "stddev" : 0.000000,
          "N" : 0
        },
        "bw_min" : 0,
        "bw_max" : 0,
        "bw_agg" : 0.000000,
        "bw_mean" : 0.000000,
        "bw_dev" : 0.000000,
        "bw_samples" : 0,
        "iops_min" : 0,
        "iops_max" : 0,
        "iops_mean" : 0.000000,
        "iops_stddev" : 0.000000,
        "iops_samples" : 0
      },
      "sync" : {
        "total_ios" : 0,
        "lat_ns" : {
          "min" : 0,
          "max" : 0,
          "mean" : 0.000000,
          "stddev" : 0.000000,
          "N" : 0
        }
      },
      "job_runtime" : 960145,
      "usr_cpu" : 6.405178,
      "sys_cpu" : 9.194132,
      "ctx" : 2524040,
      "majf" : 0,
      "minf" : 8374,
      "iodepth_level" : {
        "1" : 0.100000,
        "2" : 0.100000,
        "4" : 0.100000,
        "8" : 0.100000,
        "16" : 0.100000,
        "32" : 99.988429,
        ">=64" : 0.000000
      },
      "iodepth_submit" : {
        "0" : 0.000000,
        "4" : 100.000000,
        "8" : 0.000000,
        "16" : 0.000000,
        "32" : 0.000000,
        "64" : 0.000000,
        ">=64" : 0.000000
      },
      "iodepth_complete" : {
        "0" : 0.000000,
        "4" : 99.999627,
        "8" : 0.000000,
        "16" : 0.000000,
        "32" : 0.100000,
        "64" : 0.000000,
        ">=64" : 0.000000
      },
      "latency_ns" : {
        "2" : 0.000000,
        "4" : 0.000000,
        "10" : 0.000000,
        "20" : 0.000000,
        "50" : 0.000000,
        "100" : 0.000000,
        "250" : 0.000000,
        "500" : 0.000000,
        "750" : 0.000000,
        "1000" : 0.000000
      },
      "latency_us" : {
        "2" : 0.000000,
        "4" : 0.000000,
        "10" : 0.000000,
        "20" : 0.000000,
        "50" : 0.000000,
        "100" : 0.000000,
        "250" : 0.000000,
        "500" : 0.010000,
        "750" : 0.010000,
        "1000" : 0.010000
      },
      "latency_ms" : {
        "2" : 0.024146,
        "4" : 4.446694,
        "10" : 84.948151,
        "20" : 10.577836,
        "50" : 0.010000,
        "100" : 0.000000,
        "250" : 0.000000,
        "500" : 0.000000,
        "750" : 0.000000,
        "1000" : 0.000000,
        "2000" : 0.000000,
        ">=2000" : 0.000000
      },
      "latency_depth" : 32,
      "latency_target" : 0,
      "latency_percentile" : 100.000000,
      "latency_window" : 0
    }
  ],
  "disk_util" : [
    {
      "name" : "vdb",
      "read_ios" : 4276991,
      "write_ios" : 1,
      "read_merges" : 0,
      "write_merges" : 1,
      "read_ticks" : 30443970,
      "write_ticks" : 3,
      "in_queue" : 30443973,
      "util" : 88.463786
    }
  ]
}
