{
  "fio version" : "fio-3.33",
  "timestamp" : 1741615176,
  "timestamp_ms" : 1741615176963,
  "time" : "Mon Mar 10 19:29:36 2025",
  "global options" : {
    "directory" : "/disk1/fio_test"
  },
  "jobs" : [
    {
      "jobname" : "yarn_temp_storage",
      "groupid" : 0,
      "error" : 0,
      "eta" : 0,
      "elapsed" : 61,
      "job options" : {
        "name" : "yarn_temp_storage",
        "rw" : "randrw",
        "rwmixread" : "30",
        "ioengine" : "libaio",
        "direct" : "1",
        "bs" : "256k",
        "size" : "2G",
        "iodepth" : "8",
        "numjobs" : "4",
        "runtime" : "60"
      },
      "read" : {
        "io_bytes" : 40771256320,
        "io_kbytes" : 39815680,
        "bw_bytes" : 679464316,
        "bw" : 663539,
        "iops" : 2591.950671,
        "runtime" : 60005,
        "total_ios" : 155530,
        "short_ios" : 0,
        "drop_ios" : 0,
        "slat_ns" : {
          "min" : 8880,
          "max" : 445053,
          "mean" : 29734.193995,
          "stddev" : 15192.235820,
          "N" : 155530
        },
        "clat_ns" : {
          "min" : 289852,
          "max" : 4605855,
          "mean" : 901900.907458,
          "stddev" : 225786.738548,
          "N" : 155530,
          "percentile" : {
            "1.000000" : 473088,
            "5.000000" : 585728,
            "10.000000" : 643072,
            "20.000000" : 724992,
            "30.000000" : 774144,
            "40.000000" : 823296,
            "50.000000" : 872448,
            "60.000000" : 929792,
            "70.000000" : 987136,
            "80.000000" : 1073152,
            "90.000000" : 1187840,
            "95.000000" : 1318912,
            "99.000000" : 1581056,
            "99.500000" : 1695744,
            "99.900000" : 1957888,
            "99.950000" : 2056192,
            "99.990000" : 2441216
          }
        },
        "lat_ns" : {
          "min" : 305937,
          "max" : 4623270,
          "mean" : 931635.101453,
          "stddev" : 226375.650812,
          "N" : 155530
        },
        "bw_min" : 558592,
        "bw_max" : 787456,
        "bw_agg" : 100.000000,
        "bw_mean" : 663595.025210,
        "bw_dev" : 11243.777703,
        "bw_samples" : 476,
        "iops_min" : 2182,
        "iops_max" : 3076,
        "iops_mean" : 2592.168067,
        "iops_stddev" : 43.921007,
        "iops_samples" : 476
      },
      "write" : {
        "io_bytes" : 95052627968,
        "io_kbytes" : 92824832,
        "bw_bytes" : 1584078459,
        "bw" : 1546951,
        "iops" : 6042.779768,
        "runtime" : 60005,
        "total_ios" : 362597,
        "short_ios" : 0,
        "drop_ios" : 0,
        "slat_ns" : {
          "min" : 12379,
          "max" : 379569,
          "mean" : 36310.559996,
          "stddev" : 15926.360099,
          "N" : 362597
        },
        "clat_ns" : {
          "min" : 685382,
          "max" : 14254200,
          "mean" : 4853425.510639,
          "stddev" : 642202.157129,
          "N" : 362597,
          "percentile" : {
            "1.000000" : 3391488,
            "5.000000" : 3915776,
            "10.000000" : 4112384,
            "20.000000" : 4358144,
            "30.000000" : 4489216,
            "40.000000" : 4685824,
            "50.000000" : 4816896,
            "60.000000" : 4947968,
            "70.000000" : 5144576,
            "80.000000" : 5341184,
            "90.000000" : 5668864,
            "95.000000" : 5931008,
            "99.000000" : 6651904,
            "99.500000" : 6914048,
            "99.900000" : 7569408,
            "99.950000" : 7831552,
            "99.990000" : 8290304
          }
        },
        "lat_ns" : {
          "min" : 700974,
          "max" : 14289516,
          "mean" : 4889736.070635,
          "stddev" : 642558.334628,
          "N" : 362597
        },
        "bw_min" : 1367040,
        "bw_max" : 1689600,
        "bw_agg" : 100.000000,
        "bw_mean" : 1548541.848739,
        "bw_dev" : 14458.166984,
        "bw_samples" : 476,
        "iops_min" : 5340,
        "iops_max" : 6600,
        "iops_mean" : 6048.991597,
        "iops_stddev" : 56.477215,
        "iops_samples" : 476
      },
      "trim" : {
        "io_bytes" : 0,
        "io_kbytes" : 0,
        "bw_bytes" : 0,
        "bw" : 0,
        "iops" : 0.000000,
        "runtime" : 0,
        "total_ios" : 0,
        "short_ios" : 0,
        "drop_ios" : 0,
        "slat_ns" : {
          "min" : 0,
          "max" : 0,
          "mean" : 0.000000,
          "stddev" : 0.000000,
          "N" : 0
        },
        "clat_ns" : {
          "min" : 0,
          "max" : 0,
          "mean" : 0.000000,
          "stddev" : 0.000000,
          "N" : 0
        },
        "lat_ns" : {
          "min" : 0,
          "max" : 0,
          "mean" : 0.000000,
          "stddev" : 0.000000,
          "N" : 0
        },
        "bw_min" : 0,
        "bw_max" : 0,
        "bw_agg" : 0.000000,
        "bw_mean" : 0.000000,
        "bw_dev" : 0.000000,
        "bw_samples" : 0,
        "iops_min" : 0,
        "iops_max" : 0,
        "iops_mean" : 0.000000,
        "iops_stddev" : 0.000000,
        "iops_samples" : 0
      },
      "sync" : {
        "total_ios" : 0,
        "lat_ns" : {
          "min" : 0,
          "max" : 0,
          "mean" : 0.000000,
          "stddev" : 0.000000,
          "N" : 0
        }
      },
      "job_runtime" : 240016,
      "usr_cpu" : 4.015982,
      "sys_cpu" : 7.341177,
      "ctx" : 368667,
      "majf" : 0,
      "minf" : 53,
      "iodepth_level" : {
        "1" : 0.100000,
        "2" : 0.100000,
        "4" : 0.100000,
        "8" : 99.994596,
        "16" : 0.000000,
        "32" : 0.000000,
        ">=64" : 0.000000
      },
      "iodepth_submit" : {
        "0" : 0.000000,
        "4" : 100.000000,
        "8" : 0.000000,
        "16" : 0.000000,
        "32" : 0.000000,
        "64" : 0.000000,
        ">=64" : 0.000000
      },
      "iodepth_complete" : {
        "0" : 0.000000,
        "4" : 99.999228,
        "8" : 0.100000,
        "16" : 0.000000,
        "32" : 0.000000,
        "64" : 0.000000,
        ">=64" : 0.000000
      },
      "latency_ns" : {
        "2" : 0.000000,
        "4" : 0.000000,
        "10" : 0.000000,
        "20" : 0.000000,
        "50" : 0.000000,
        "100" : 0.000000,
        "250" : 0.000000,
        "500" : 0.000000,
        "750" : 0.000000,
        "1000" : 0.000000
      },
      "latency_us" : {
        "2" : 0.000000,
        "4" : 0.000000,
        "10" : 0.000000,
        "20" : 0.000000,
        "50" : 0.000000,
        "100" : 0.000000,
        "250" : 0.000000,
        "500" : 0.456838,
        "750" : 7.033604,
        "1000" : 14.061996
      },
      "latency_ms" : {
        "2" : 8.449473,
        "4" : 4.855566,
        "10" : 65.141558,
        "20" : 0.010000,
        "50" : 0.000000,
        "100" : 0.000000,
        "250" : 0.000000,
        "500" : 0.000000,
        "750" : 0.000000,
        "1000" : 0.000000,
        "2000" : 0.000000,
        ">=2000" : 0.000000
      },
      "latency_depth" : 8,
      "latency_target" : 0,
      "latency_percentile" : 100.000000,
      "latency_window" : 0
    }
  ],
  "disk_util" : [
    {
      "name" : "vdb",
      "read_ios" : 155337,
      "write_ios" : 362165,
      "read_merges" : 0,
      "write_merges" : 0,
      "read_ticks" : 133837,
      "write_ticks" : 1728091,
      "in_queue" : 1861929,
      "util" : 67.010120
    }
  ]
}
