{
  "fio version" : "fio-3.33",
  "timestamp" : 1741614864,
  "timestamp_ms" : 1741614864178,
  "time" : "Mon Mar 10 19:24:24 2025",
  "global options" : {
    "directory" : "/disk1/fio_test"
  },
  "jobs" : [
    {
      "jobname" : "hdfs_large_read",
      "groupid" : 0,
      "error" : 0,
      "eta" : 0,
      "elapsed" : 4,
      "job options" : {
        "name" : "hdfs_large_read",
        "rw" : "read",
        "ioengine" : "libaio",
        "direct" : "1",
        "bs" : "128M",
        "size" : "4G",
        "iodepth" : "4",
        "numjobs" : "4"
      },
      "read" : {
        "io_bytes" : 17179869184,
        "io_kbytes" : 16777216,
        "bw_bytes" : 5154476202,
        "bw" : 5033668,
        "iops" : 38.403840,
        "runtime" : 3333,
        "total_ios" : 128,
        "short_ios" : 0,
        "drop_ios" : 0,
        "slat_ns" : {
          "min" : 2553081,
          "max" : 375266636,
          "mean" : 87271432.031250,
          "stddev" : 92450351.479646,
          "N" : 128
        },
        "clat_ns" : {
          "min" : 51135141,
          "max" : 759532255,
          "mean" : 269994976.429688,
          "stddev" : 130894798.587773,
          "N" : 128,
          "percentile" : {
            "1.000000" : 101187584,
            "5.000000" : 124256256,
            "10.000000" : 135266304,
            "20.000000" : 179306496,
            "30.000000" : 187695104,
            "40.000000" : 204472320,
            "50.000000" : 233832448,
            "60.000000" : 250609664,
            "70.000000" : 316669952,
            "80.000000" : 362807296,
            "90.000000" : 421527552,
            "95.000000" : 534773760,
            "99.000000" : 700448768,
            "99.500000" : 759169024,
            "99.900000" : 759169024,
            "99.950000" : 759169024,
            "99.990000" : 759169024
          }
        },
        "lat_ns" : {
          "min" : 126521549,
          "max" : 815923441,
          "mean" : 357266408.460938,
          "stddev" : 160922246.205084,
          "N" : 128
        },
        "bw_min" : 2359296,
        "bw_max" : 8138062,
        "bw_agg" : 100.000000,
        "bw_mean" : 5096264.733333,
        "bw_dev" : 500860.911741,
        "bw_samples" : 22,
        "iops_min" : 18,
        "iops_max" : 61,
        "iops_mean" : 38.700000,
        "iops_stddev" : 3.719746,
        "iops_samples" : 22
      },
      "write" : {
        "io_bytes" : 0,
        "io_kbytes" : 0,
        "bw_bytes" : 0,
        "bw" : 0,
        "iops" : 0.000000,
        "runtime" : 0,
        "total_ios" : 0,
        "short_ios" : 0,
        "drop_ios" : 0,
        "slat_ns" : {
          "min" : 0,
          "max" : 0,
          "mean" : 0.000000,
          "stddev" : 0.000000,
          "N" : 0
        },
        "clat_ns" : {
          "min" : 0,
          "max" : 0,
          "mean" : 0.000000,
          "stddev" : 0.000000,
          "N" : 0
        },
        "lat_ns" : {
          "min" : 0,
          "max" : 0,
          "mean" : 0.000000,
          "stddev" : 0.000000,
          "N" : 0
        },
        "bw_min" : 0,
        "bw_max" : 0,
        "bw_agg" : 0.000000,
        "bw_mean" : 0.000000,
        "bw_dev" : 0.000000,
        "bw_samples" : 0,
        "iops_min" : 0,
        "iops_max" : 0,
        "iops_mean" : 0.000000,
        "iops_stddev" : 0.000000,
        "iops_samples" : 0
      },
      "trim" : {
        "io_bytes" : 0,
        "io_kbytes" : 0,
        "bw_bytes" : 0,
        "bw" : 0,
        "iops" : 0.000000,
        "runtime" : 0,
        "total_ios" : 0,
        "short_ios" : 0,
        "drop_ios" : 0,
        "slat_ns" : {
          "min" : 0,
          "max" : 0,
          "mean" : 0.000000,
          "stddev" : 0.000000,
          "N" : 0
        },
        "clat_ns" : {
          "min" : 0,
          "max" : 0,
          "mean" : 0.000000,
          "stddev" : 0.000000,
          "N" : 0
        },
        "lat_ns" : {
          "min" : 0,
          "max" : 0,
          "mean" : 0.000000,
          "stddev" : 0.000000,
          "N" : 0
        },
        "bw_min" : 0,
        "bw_max" : 0,
        "bw_agg" : 0.000000,
        "bw_mean" : 0.000000,
        "bw_dev" : 0.000000,
        "bw_samples" : 0,
        "iops_min" : 0,
        "iops_max" : 0,
        "iops_mean" : 0.000000,
        "iops_stddev" : 0.000000,
        "iops_samples" : 0
      },
      "sync" : {
        "total_ios" : 0,
        "lat_ns" : {
          "min" : 0,
          "max" : 0,
          "mean" : 0.000000,
          "stddev" : 0.000000,
          "N" : 0
        }
      },
      "job_runtime" : 11842,
      "usr_cpu" : 0.033778,
      "sys_cpu" : 8.748522,
      "ctx" : 124,
      "majf" : 0,
      "minf" : 524336,
      "iodepth_level" : {
        "1" : 3.125000,
        "2" : 6.250000,
        "4" : 90.625000,
        "8" : 0.000000,
        "16" : 0.000000,
        "32" : 0.000000,
        ">=64" : 0.000000
      },
      "iodepth_submit" : {
        "0" : 0.000000,
        "4" : 100.000000,
        "8" : 0.000000,
        "16" : 0.000000,
        "32" : 0.000000,
        "64" : 0.000000,
        ">=64" : 0.000000
      },
      "iodepth_complete" : {
        "0" : 0.000000,
        "4" : 100.000000,
        "8" : 0.000000,
        "16" : 0.000000,
        "32" : 0.000000,
        "64" : 0.000000,
        ">=64" : 0.000000
      },
      "latency_ns" : {
        "2" : 0.000000,
        "4" : 0.000000,
        "10" : 0.000000,
        "20" : 0.000000,
        "50" : 0.000000,
        "100" : 0.000000,
        "250" : 0.000000,
        "500" : 0.000000,
        "750" : 0.000000,
        "1000" : 0.000000
      },
      "latency_us" : {
        "2" : 0.000000,
        "4" : 0.000000,
        "10" : 0.000000,
        "20" : 0.000000,
        "50" : 0.000000,
        "100" : 0.000000,
        "250" : 0.000000,
        "500" : 0.000000,
        "750" : 0.000000,
        "1000" : 0.000000
      },
      "latency_ms" : {
        "2" : 0.000000,
        "4" : 0.000000,
        "10" : 0.000000,
        "20" : 0.000000,
        "50" : 0.000000,
        "100" : 0.781250,
        "250" : 55.468750,
        "500" : 38.281250,
        "750" : 4.687500,
        "1000" : 0.781250,
        "2000" : 0.000000,
        ">=2000" : 0.000000
      },
      "latency_depth" : 4,
      "latency_target" : 0,
      "latency_percentile" : 100.000000,
      "latency_window" : 0
    }
  ],
  "disk_util" : [
    {
      "name" : "vdb",
      "read_ios" : 13440,
      "write_ios" : 0,
      "read_merges" : 8,
      "write_merges" : 0,
      "read_ticks" : 2883966,
      "write_ticks" : 0,
      "in_queue" : 2883967,
      "util" : 84.210526
    }
  ]
}
