{
  "fio version" : "fio-3.33",
  "timestamp" : 1741615299,
  "timestamp_ms" : 1741615299858,
  "time" : "Mon Mar 10 19:31:39 2025",
  "global options" : {
    "directory" : "/disk1/fio_test"
  },
  "jobs" : [
    {
      "jobname" : "hadoop_streaming",
      "groupid" : 0,
      "error" : 0,
      "eta" : 0,
      "elapsed" : 7,
      "job options" : {
        "name" : "hadoop_streaming",
        "rw" : "readwrite",
        "ioengine" : "libaio",
        "direct" : "1",
        "bs" : "1M",
        "size" : "4G",
        "iodepth" : "8",
        "numjobs" : "4"
      },
      "read" : {
        "io_bytes" : 8404336640,
        "io_kbytes" : 8207360,
        "bw_bytes" : 1355975579,
        "bw" : 1324194,
        "iops" : 1293.159084,
        "runtime" : 6198,
        "total_ios" : 8015,
        "short_ios" : 0,
        "drop_ios" : 0,
        "slat_ns" : {
          "min" : 28365,
          "max" : 137097,
          "mean" : 60861.944853,
          "stddev" : 14605.531717,
          "N" : 8015
        },
        "clat_ns" : {
          "min" : 676528,
          "max" : 13407462,
          "mean" : 1371769.834311,
          "stddev" : 502601.903943,
          "N" : 8015,
          "percentile" : {
            "1.000000" : 847872,
            "5.000000" : 946176,
            "10.000000" : 1003520,
            "20.000000" : 1089536,
            "30.000000" : 1155072,
            "40.000000" : 1220608,
            "50.000000" : 1286144,
            "60.000000" : 1368064,
            "70.000000" : 1466368,
            "80.000000" : 1597440,
            "90.000000" : 1794048,
            "95.000000" : 1990656,
            "99.000000" : 2441216,
            "99.500000" : 2899968,
            "99.900000" : 9502720,
            "99.950000" : 10289152,
            "99.990000" : 13434880
          }
        },
        "lat_ns" : {
          "min" : 739619,
          "max" : 13471712,
          "mean" : 1432631.779164,
          "stddev" : 501179.785745,
          "N" : 8015
        },
        "bw_min" : 1148928,
        "bw_max" : 1536000,
        "bw_agg" : 100.000000,
        "bw_mean" : 1331029.333333,
        "bw_dev" : 30330.811299,
        "bw_samples" : 48,
        "iops_min" : 1122,
        "iops_max" : 1500,
        "iops_mean" : 1299.833333,
        "iops_stddev" : 29.619933,
        "iops_samples" : 48
      },
      "write" : {
        "io_bytes" : 8775532544,
        "io_kbytes" : 8569856,
        "bw_bytes" : 1415865205,
        "bw" : 1382680,
        "iops" : 1350.274282,
        "runtime" : 6198,
        "total_ios" : 8369,
        "short_ios" : 0,
        "drop_ios" : 0,
        "slat_ns" : {
          "min" : 40810,
          "max" : 671705,
          "mean" : 96432.323814,
          "stddev" : 19973.509388,
          "N" : 8369
        },
        "clat_ns" : {
          "min" : 1661152,
          "max" : 37946552,
          "mean" : 22151736.171108,
          "stddev" : 2609538.784063,
          "N" : 8369,
          "percentile" : {
            "1.000000" : 16449536,
            "5.000000" : 18481152,
            "10.000000" : 19267584,
            "20.000000" : 20316160,
            "30.000000" : 20840448,
            "40.000000" : 21364736,
            "50.000000" : 22151168,
            "60.000000" : 22675456,
            "70.000000" : 23199744,
            "80.000000" : 24248320,
            "90.000000" : 25296896,
            "95.000000" : 26345472,
            "99.000000" : 28442624,
            "99.500000" : 29229056,
            "99.900000" : 31588352,
            "99.950000" : 32374784,
            "99.990000" : 38010880
          }
        },
        "lat_ns" : {
          "min" : 1743613,
          "max" : 38045531,
          "mean" : 22248168.494922,
          "stddev" : 2609558.903470,
          "N" : 8369
        },
        "bw_min" : 1286144,
        "bw_max" : 1470464,
        "bw_agg" : 99.930290,
        "bw_mean" : 1381717.333333,
        "bw_dev" : 14278.303350,
        "bw_samples" : 48,
        "iops_min" : 1256,
        "iops_max" : 1436,
        "iops_mean" : 1349.333333,
        "iops_stddev" : 13.943656,
        "iops_samples" : 48
      },
      "trim" : {
        "io_bytes" : 0,
        "io_kbytes" : 0,
        "bw_bytes" : 0,
        "bw" : 0,
        "iops" : 0.000000,
        "runtime" : 0,
        "total_ios" : 0,
        "short_ios" : 0,
        "drop_ios" : 0,
        "slat_ns" : {
          "min" : 0,
          "max" : 0,
          "mean" : 0.000000,
          "stddev" : 0.000000,
          "N" : 0
        },
        "clat_ns" : {
          "min" : 0,
          "max" : 0,
          "mean" : 0.000000,
          "stddev" : 0.000000,
          "N" : 0
        },
        "lat_ns" : {
          "min" : 0,
          "max" : 0,
          "mean" : 0.000000,
          "stddev" : 0.000000,
          "N" : 0
        },
        "bw_min" : 0,
        "bw_max" : 0,
        "bw_agg" : 0.000000,
        "bw_mean" : 0.000000,
        "bw_dev" : 0.000000,
        "bw_samples" : 0,
        "iops_min" : 0,
        "iops_max" : 0,
        "iops_mean" : 0.000000,
        "iops_stddev" : 0.000000,
        "iops_samples" : 0
      },
      "sync" : {
        "total_ios" : 0,
        "lat_ns" : {
          "min" : 0,
          "max" : 0,
          "mean" : 0.000000,
          "stddev" : 0.000000,
          "N" : 0
        }
      },
      "job_runtime" : 24724,
      "usr_cpu" : 3.061802,
      "sys_cpu" : 4.174082,
      "ctx" : 14297,
      "majf" : 0,
      "minf" : 50,
      "iodepth_level" : {
        "1" : 0.100000,
        "2" : 0.100000,
        "4" : 0.100000,
        "8" : 99.829102,
        "16" : 0.000000,
        "32" : 0.000000,
        ">=64" : 0.000000
      },
      "iodepth_submit" : {
        "0" : 0.000000,
        "4" : 100.000000,
        "8" : 0.000000,
        "16" : 0.000000,
        "32" : 0.000000,
        "64" : 0.000000,
        ">=64" : 0.000000
      },
      "iodepth_complete" : {
        "0" : 0.000000,
        "4" : 99.975550,
        "8" : 0.100000,
        "16" : 0.000000,
        "32" : 0.000000,
        "64" : 0.000000,
        ">=64" : 0.000000
      },
      "latency_ns" : {
        "2" : 0.000000,
        "4" : 0.000000,
        "10" : 0.000000,
        "20" : 0.000000,
        "50" : 0.000000,
        "100" : 0.000000,
        "250" : 0.000000,
        "500" : 0.000000,
        "750" : 0.000000,
        "1000" : 0.000000
      },
      "latency_us" : {
        "2" : 0.000000,
        "4" : 0.000000,
        "10" : 0.000000,
        "20" : 0.000000,
        "50" : 0.000000,
        "100" : 0.000000,
        "250" : 0.000000,
        "500" : 0.000000,
        "750" : 0.048828,
        "1000" : 4.614258
      },
      "latency_ms" : {
        "2" : 41.851807,
        "4" : 2.349854,
        "10" : 0.189209,
        "20" : 8.697510,
        "50" : 42.248535,
        "100" : 0.000000,
        "250" : 0.000000,
        "500" : 0.000000,
        "750" : 0.000000,
        "1000" : 0.000000,
        "2000" : 0.000000,
        ">=2000" : 0.000000
      },
      "latency_depth" : 8,
      "latency_target" : 0,
      "latency_percentile" : 100.000000,
      "latency_window" : 0
    }
  ],
  "disk_util" : [
    {
      "name" : "vdb",
      "read_ios" : 9996,
      "write_ios" : 10340,
      "read_merges" : 0,
      "write_merges" : 0,
      "read_ticks" : 13513,
      "write_ticks" : 228723,
      "in_queue" : 242236,
      "util" : 76.324856
    }
  ]
}
